x,kde,ekf_gaussian
-30.906059370986323,2.7118504828904499e-10,7.0997223970125645e-15
-30.873845276495192,2.8896327921296503e-10,8.0695675761754331e-15
-30.841631182004065,3.0787329370154149e-10,9.1694648779702361e-15
-30.809417087512934,3.2798488075031942e-10,1.0416517637320519e-14
-30.777202993021806,3.4937198487670739e-10,1.1830032816601165e-14
-30.744988898530675,3.7211294415053158e-10,1.3431798834244572e-14
-30.712774804039547,3.9629074127786989e-10,1.5246397623887557e-14
-30.680560709548416,4.219932684192991e-10,1.7301555039143578e-14
-30.648346615057289,4.4931360645694594e-10,1.9628534200900099e-14
-30.616132520566158,4.783503194600504e-10,2.2262576920713254e-14
-30.58391842607503,5.0920776513513703e-10,2.5243398931395836e-14
-30.551704331583899,5.4199642208546363e-10,2.8615745321029013e-14
-30.519490237092771,5.7683323474420174e-10,3.2430013306703451e-14
-30.48727614260164,6.1384197688793545e-10,3.6742950307586903e-14
-30.455062048110513,6.5315363468052147e-10,4.1618436192380469e-14
-30.422847953619382,6.949068102433833e-10,4.7128359593976008e-14
-30.390633859128254,7.3924814679564793e-10,5.3353599315095661e-14
-30.358419764637123,7.8633277645786051e-10,6.0385123105218012e-14
-30.326205670145995,8.3632479186458763e-10,6.8325217484509565e-14
-30.293991575654864,8.8939774278603955e-10,7.7288863839793275e-14
-30.261777481163733,9.4573515901523758e-10,8.7405277737057219e-14
-30.229563386672606,1.005531100836655e-09,9.8819630302887744e-14
-30.197349292181475,1.0689907384540977e-09,1.1169497264326125e-13
-30.165135197690347,1.1363309618198682e-09,1.2621438661448062e-13
-30.132921103199216,1.2077810223748522e-09,1.4258338786184426e-13
-30.100707008708088,1.2835832082789176e-09,1.6103260992344757e-13
-30.068492914216957,1.3639935547846907e-09,1.8182080138893955e-13
-30.03627881972583,1.4492825914834578e-09,2.0523817163802265e-13
-30.004064725234699,1.5397361282321145e-09,2.3161012459691392e-13
-29.971850630743571,1.635656081652271e-09,2.613014242815458e-13
-29.93963653625244,1.7373613441797447e-09,2.9472084068731376e-13
-29.907422441761312,1.8451886977318932e-09,3.3232632988342837e-13
-29.875208347270181,1.9594937741547101e-09,3.7463080802773034e-13
-29.842994252779054,2.0806520647084753e-09,4.2220858549151441e-13
-29.810780158287923,2.2090599809533237e-09,4.7570253443657985e-13
-29.778566063796795,2.3451359695008942e-09,5.3583207108629665e-13
-29.746351969305664,2.4893216832095405e-09,6.0340204265476844e-13
-29.714137874814533,2.6420832115140222e-09,6.7931261852496705e-13
-29.681923780323405,2.8039123727012295e-09,7.64570295889019e-13
-29.649709685832274,2.9753280710666049e-09,8.6030014178020141e-13
-29.617495591341147,3.1568777220152855e-09,9.6775940634502113e-13
-29.585281496850016,3.3491387483070647e-09,1.0883526564445664e-12
-29.553067402358888,3.5527201507825337e-09,1.2236485943654486e-12
-29.520853307867757,3.7682641570543138e-09,1.3753987437064709e-12
-29.488639213376629,3.9964479517972794e-09,1.545558203540544e-12
-29.456425118885498,4.2379854924287612e-09,1.736308692905205e-12
-29.424211024394371,4.4936294141328412e-09,1.9500841307317114e-12
-29.39199692990324,4.7641730283518895e-09,2.1895990216891043e-12
-29.359782835412112,5.0504524190441991e-09,2.4578799463127039e-12
-29.327568740920981,5.3533486411897848e-09,2.7583004844531379e-12
-29.295354646429853,5.6737900262144613e-09,3.0946199347808695e-12
-29.263140551938722,6.0127545992014119e-09,3.4710262301061042e-12
-29.230926457447595,6.3712726129610976e-09,3.8921834889318122e-12
-29.198712362956464,6.7504292042440979e-09,4.3632846882984763e-12
-29.166498268465332,7.1513671775999774e-09,4.8901099919674438e-12
-29.134284173974205,7.5752899226147802e-09,5.4790913217399711e-12
-29.102070079483077,8.0234644704944602e-09,6.1373838186553345e-12
-29.069855984991946,8.497224696207685e-09,6.8729449054394484e-12
-29.037641890500815,8.9979746726552097e-09,7.6946217324093584e-12
-29.005427796009688,9.5271921835969323e-09,8.6122478666422892e-12
-28.973213701518556,1.0086432402339678e-08,9.6367501692162665e-12
-28.940999607027429,1.0677331743471546e-08,1.078026689838675e-11
-28.908785512536298,1.13016118952234e-08,1.2056278178421504e-11
-28.87657141804517,1.1961084040336793e-08,1.3479750085249757e-11
-28.844357323554039,1.2657653273638123e-08,1.5067293721974881e-11
-28.812143229062912,1.3393323224836207e-08,1.6837340790555055e-11
-28.77992913457178,1.4170200895403768e-08,1.8810337311624423e-11
-28.747715040080653,1.4990501718745365e-08,2.1008957303557907e-11
-28.715500945589522,1.5856554853219707e-08,2.3458338405718095e-11
-28.683286851098394,1.6770808717950311e-08,2.6186341620593566e-11
-28.651072756607263,1.7735836781751074e-08,2.9223837556693653e-11
-28.618858662116132,1.8754343615881981e-08,3.2605021780061548e-11
-28.586644567625004,1.9829171221771113e-08,3.6367762128785333e-11
-28.554430473133877,2.096330564525731e-08,4.0553981113651387e-11
-28.522216378642746,2.2159883889348325e-08,4.5210076821021067e-11
-28.490002284151615,2.3422201137945087e-08,5.0387386053191749e-11
-28.457788189660487,2.4753718303449283e-08,5.6142693789122902e-11
-28.425574095169356,2.6158069911655613e-08,6.2538793426903164e-11
-28.393360000678229,2.7639072337826885e-08,6.9645102681262517e-11
-28.361145906187097,2.9200732408370309e-08,7.7538340457642698e-11
-28.32893181169597,3.0847256383057548e-08,8.6303270511771025e-11
-28.296717717204839,3.2583059333289423e-08,9.6033518233683582e-11
-28.264503622713711,3.4412774932456457e-08,1.0683246747109165e-10
-28.23228952822258,3.6341265675048191e-08,1.1881424493281811e-10
-28.200075433731453,3.8373633541745156e-08,1.3210480039258053e-10
-28.167861339240321,4.0515231128363879e-08,1.4684309165131006e-10
-28.135647244749194,4.2771673257150387e-08,1.6318238401685544e-10
-28.103433150258063,4.5148849089581924e-08,1.8129167492870992e-10
-28.071219055766935,4.7652934760508461e-08,2.0135725529737147e-10
-28.039004961275804,5.0290406554169399e-08,2.2358442014933137e-10
-28.006790866784677,5.3068054643323707e-08,2.4819934227532611e-10
-27.974576772293545,5.5992997413489906e-08,2.7545112377849227e-10
-27.942362677802414,5.9072696395029304e-08,3.0561404171720493e-10
-27.910148583311287,6.2314971826600329e-08,3.3899000544287582e-10
-27.877934488820156,6.5728018874315962e-08,3.7591124475356156e-10
-27.845720394329028,6.9320424531744339e-08,4.1674324962916077e-10
-27.813506299837897,7.3101185226765447e-08,4.6188798409261111e-10
-27.781292205346769,7.707972516213961e-08,5.1178739866380961e-10
-27.749078110855638,8.1265915417570015e-08,5.6692726795018488e-10
-27.716864016364511,8.5670093841921519e-08,6.2784138216103874e-10
-27.68464992187338,9.0303085765245049e-08,6.9511612375507599e-10
-27.652435827382252,9.5176225561183812e-08,7.6939546304417281e-10
-27.620221732891121,1.003013790913604e-07,8.5138640939680328e-10
-27.588007638399993,1.0569096706434162e-07,9.4186495772528771e-10
-27.555793543908862,1.1135798934284184e-07,1.041682573219848e-09
-27.523579449417735,1.1731605023387379e-07,1.1517732608246164e-09
-27.491365354926604,1.2357938479768051e-07,1.2731612697567562e-09
-27.459151260435476,1.3016288621236689e-07,1.4069694874665153e-09
-27.426937165944345,1.3708213423235841e-07,1.5544285818471909e-09
-27.394723071453214,1.4435342477992271e-07,1.7168869552479449e-09
-27.362508976962086,1.5199380071026049e-07,1.8958215789468036e-09
-27.330294882470959,1.6002108379186761e-07,2.0928497822267956e-09
-27.298080787979828,1.6845390794514738e-07,2.3097420760944639e-09
-27.265866693488697,1.7731175378353578e-07,2.548436098013663e-09
-27.233652598997569,1.8661498450274259e-07,2.8110517708285955e-09
-27.201438504506438,1.9638488316502663e-07,3.0999077763501668e-09
-27.16922441001531,2.0664369142684145e-07,3.4175394519115883e-09
-27.137010315524179,2.1741464975955664e-07,3.7667182266012784e-09
-27.104796221033052,2.2872203921442193e-07,4.1504727228845159e-09
-27.072582126541921,2.4059122478442033e-07,4.5721116589794173e-09
-27.040368032050793,2.5304870041708765e-07,5.0352486976880285e-09
-27.008153937559662,2.6612213573400849e-07,5.5438293984560758e-09
-26.975939843068534,2.7984042451412941e-07,6.1021604412807831e-09
-26.943725748577403,2.9423373499973774e-07,6.7149413037648087e-09
-26.911511654086276,3.0933356208545269e-07,7.3872985861686521e-09
-26.879297559595145,3.2517278145233356e-07,8.1248231938081394e-09
-26.847083465104014,3.4178570571076883e-07,8.9336106016258126e-09
-26.814869370612886,3.5920814261761607e-07,9.8203044423076834e-09
-26.782655276121758,3.7747745543472811e-07,1.0792143676973185e-08
-26.750441181630627,3.9663262549775602e-07,1.1857013626309855e-08
-26.718227087139496,4.1671431706596975e-07,1.3023501160128471e-08
-26.686012992648369,4.3776494452560143e-07,1.4300954364747474e-08
-26.653798898157241,4.5982874202105613e-07,1.5699547030459175e-08
-26.62158480366611,4.8295183559025486e-07,1.7230348325667546e-08
-26.589370709174979,5.0718231788219774e-07,1.8905398050203855e-08
-26.557156614683851,5.3257032553684082e-07,2.0737787887911742e-08
-26.52494252019272,5.5916811930929784e-07,2.2741749107940031e-08
-26.492728425701593,5.8703016702228004e-07,2.4932747195392099e-08
-26.460514331210462,6.1621322943283156e-07,2.7327583925160789e-08
-26.428300236719334,6.4677644910131161e-07,2.9944507428019578e-08
-26.396086142228203,6.7878144235268089e-07,3.280333083548702e-08
-26.363872047737075,7.122923944221719e-07,3.5925560129705406e-08
-26.331657953245944,7.4737615787963032e-07,3.933453186675701e-08
-26.299443858754813,7.8410235442866834e-07,4.3055561486536857e-08
-26.267229764263686,8.2254348017922902e-07,4.7116102969722225e-08
-26.235015669772558,8.6277501449402235e-07,5.154592065259051e-08
-26.202801575281427,9.0487553251155282e-07,5.6377274063628808e-08
-26.170587480790296,9.4892682145069556e-07,6.1645116702182258e-08
-26.138373386299168,9.9501400080385033e-07,6.7387309738961988e-08
-26.106159291808041,1.0432256465279877e-06,7.3644851681218874e-08
-26.07394519731691,1.0936539193450116e-06,8.0462125111980323e-08
-26.041731102825779,1.1463946972651889e-06,8.7887161683085816e-08
-26.009517008334651,1.2015477124495377e-06,9.5971926616050984e-08
-25.97730291384352,1.2592166925293337e-06,1.0477262404316381e-07
-25.945088819352392,1.3195095065030116e-06,1.1435002460391698e-07
-25.912874724861261,1.3825383153332794e-06,1.2476981679909209e-07
-25.880660630370134,1.4484197273688935e-06,1.3610298369663995e-07
-25.848446535879003,1.5172749587185949e-06,1.4842620668032806e-07
-25.816232441387875,1.5892299987059998e-06,1.6182229803392258e-07
-25.784018346896744,1.6644157805372943e-06,1.763806642609173e-07
-25.751804252405613,1.7429683573150717e-06,1.9219780215243677e-07
-25.719590157914485,1.8250290835343999e-06,2.0937782973445057e-07
-25.687376063423358,1.9107448021989006e-06,2.2803305434979893e-07
-25.655161968932227,2.0002680376971371e-06,2.4828458026113019e-07
-25.622947874441095,2.0937571945813752e-06,2.7026295829788828e-07
-25.590733779949968,2.1913767623932758e-06,2.9410888021418614e-07
-25.55851968545884,2.2932975266826995e-06,3.1997392057495252e-07
-25.526305590967709,2.3996967863682879e-06,3.4802132914546835e-07
-25.494091496476578,2.5107585775898392e-06,3.7842687692449335e-07
-25.461877401985451,2.6266739042053601e-06,4.1137975913391702e-07
-25.429663307494319,2.7476409750866661e-06,4.4708355865840701e-07
-25.397449213003192,2.8738654483696686e-06,4.857572736171106e-07
-25.365235118512061,3.0055606828175875e-06,5.2763641294665957e-07
-25.333021024020933,3.1429479964562916e-06,5.7297416407999659e-07
-25.300806929529802,3.2862569326435653e-06,6.220426370202279e-07
-25.268592835038675,3.4357255337347674e-06,6.7513418933178729e-07
-25.236378740547543,3.5916006225101345e-06,7.3256283680416933e-07
-25.204164646056416,3.7541380915286849e-06,7.9466575478530792e-07
-25.171950551565285,3.923603200577157e-06,8.6180487543383392e-07
-25.139736457074157,4.1002708823818412e-06,9.3436858640078918e-07
-25.107522362583026,4.2844260567536887e-06,1.0127735367235688e-06
-25.075308268091895,4.4763639533375342e-06,1.0974665559964936e-06
-25.043094173600768,4.6763904431373633e-06,1.188926693175297e-06
-25.01088007910964,4.8848223789909734e-06,1.2876673816756288e-06
-24.978665984618509,5.1019879451671817e-06,1.3942387377394557e-06
-24.946451890127378,5.3282270162604506e-06,1.5092299993679871e-06
-24.91423779563625,5.5638915255577948e-06,1.6332721134552898e-06
-24.882023701145123,5.8093458430536417e-06,1.7670404791032363e-06
-24.849809606653992,6.0649671632875253e-06,1.9112578554560162e-06
-24.81759551216286,6.3311459031815111e-06,2.0666974427613262e-06
-24.785381417671733,6.6082861100526767e-06,2.2341861457450292e-06
-24.753167323180602,6.8968058799764304e-06,2.4146080287770443e-06
-24.720953228689474,7.1971377866755957e-06,2.6089079727076717e-06
-24.688739134198343,7.5097293211115409e-06,2.8180955436670289e-06
-24.656525039707216,7.8350433419496958e-06,3.043249084542778e-06
-24.624310945216084,8.1735585370744532e-06,3.285520040286425e-06
-24.592096850724957,8.5257698963248242e-06,3.5461375286415169e-06
-24.559882756233826,8.892189195622726e-06,3.8264131683431227e-06
-24.527668661742695,9.2733454926625526e-06,4.1277461773003219e-06
-24.495454567251567,9.6697856343314553e-06,4.4516287537485369e-06
-24.46324047276044,1.0082074776025137e-05,4.7996517538401599e-06
-24.431026378269308,1.0510796913024405e-05,5.1735106796329064e-06
-24.398812283778177,1.0956555424092923e-05,5.5750119919341519e-06
-24.36659818928705,1.1419973627457064e-05,6.0060797629662834e-06
-24.334384094795922,1.1901695349322638e-05,6.4687626843297257e-06
-24.302170000304791,1.2402385505082418e-05,6.9652414462594102e-06
-24.26995590581366,1.2922730693364578e-05,7.4978365046939359e-06
-24.237741811322532,1.3463439803068121e-05,8.069016253204659e-06
-24.205527716831401,1.4025244633527857e-05,8.68140561736232e-06
-24.173313622340274,1.4608900527946451e-05,9.3377950896510093e-06
-24.141099527849143,1.5215187020229223e-05,1.0041150223575201e-05
-24.108885433358015,1.5844908495347517e-05,1.0794621606135438e-05
-24.076671338866884,1.6498894863358321e-05,1.1601555328384144e-05
-24.044457244375756,1.7178002247194679e-05,1.2465503974296393e-05
-24.012243149884625,1.7883113684342937e-05,1.3390238148720039e-05
-23.980029055393494,1.8615139842511178e-05,1.4379758565680651e-05
-23.947814960902367,1.9375019749389895e-05,1.5438308718831437e-05
-23.915600866411239,2.0163721536598542e-05,1.6570388156334838e-05
-23.883386771920108,2.0982243197903283e-05,1.7780766382948872e-05
-23.851172677428977,2.1831613361785504e-05,1.9074497412566554e-05
-23.818958582937849,2.271289207843138e-05,2.0456934994913591e-05
-23.786744488446722,2.3627171621206415e-05,2.1933748540546596e-05
-23.754530393955591,2.4575577302666213e-05,2.3510939768711021e-05
-23.72231629946446,2.5559268305150213e-05,2.5194860103013598e-05
-23.690102204973332,2.6579438525995177e-05,2.6992228840231119e-05
-23.657888110482201,2.7637317437389999e-05,2.8910152117914757e-05
-23.625674015991073,2.8734170960890887e-05,3.0956142706753864e-05
-23.593459921499942,2.9871302356599548e-05,3.3138140653940962e-05
-23.561245827008815,3.1050053126998375e-05,3.5464534804002093e-05
-23.529031732517684,3.2271803935423864e-05,3.794418522376146e-05
-23.496817638026556,3.3537975539149307e-05,4.0586446558239768e-05
-23.464603543535425,3.485002973703346e-05,4.3401192344401765e-05
-23.432389449044297,3.620947033167815e-05,4.6398840309694893e-05
-23.400175354553166,3.7617844106030132e-05,4.9590378682331469e-05
-23.367961260062039,3.9076741814339153e-05,5.2987393540173999e-05
-23.335747165570908,4.0587799187379309e-05,5.6602097224974671e-05
-23.303533071079777,4.2152697951820483e-05,6.0447357848493323e-05
-23.271318976588649,4.3773166863621542e-05,6.4536729916764841e-05
-23.239104882097521,4.5450982755306347e-05,6.8884486098426458e-05
-23.20689078760639,4.7187971596959463e-05,7.3505650162585345e-05
-23.174676693115259,4.8986009570767066e-05,7.8416031111192442e-05
-23.142462598624132,5.0847024158914509e-05,8.363225853028842e-05
-23.110248504133004,5.2772995244622096e-05,8.917181918377869e-05
-23.078034409641873,5.4765956226100656e-05,9.5053094872600999e-05
-23.045820315150742,5.6827995143169681e-05,0.00010129540158124583
-23.013606220659614,5.8961255816279381e-05,0.00010791902993258742
-22.981392126168483,6.1167938997649092e-05,0.00011494528697084977
-22.949178031677356,6.3450303534212966e-05,0.00012239653929129168
-22.916963937186225,6.5810667542051023e-05,0.00013029625753385317
-22.884749842695093,6.8251409591955439e-05,0.00013866906225648226
-22.852535748203966,7.0774969905765373e-05,0.00014754077120227569
-22.820321653712838,7.3383851563076942e-05,0.00015693844797279096
-22.788107559221707,7.6080621717919392e-05,0.0001668904521179901
-22.755893464730576,7.8867912824953228e-05,0.00017742649065124119
-22.723679370239449,8.1748423874740907e-05,0.00018857767099561879
-22.691465275748321,8.4724921637601588e-05,0.00020037655536538952
-22.65925118125719,8.7800241915541574e-05,0.00021285721658406573
-22.627037086766059,9.0977290801727432e-05,0.00022605529533776267
-22.594822992274931,9.4259045946951261e-05,0.00024000805885976634
-22.562608897783804,9.7648557832498575e-05,0.00025475446103921786
-22.530394803292673,0.00010114895104881062,0.00027033520394365322
-22.498180708801542,0.00010476342557930583,0.00028679280074180708
-22.465966614310414,0.00010849525808870701,0.00030417164000958379
-22.433752519819286,0.000112347803215171,0.00032251805139838917
-22.401538425328155,0.00011632449486551524,0.0003418803726411345
-22.369324330837024,0.00012042884751279012,0.00036230901786719671
-22.337110236345893,0.00012466445749543436,0.00038385654719337543
-22.304896141854766,0.00012903500431719751,0.00040657773755343107
-22.272682047363638,0.00013354425194701857,0.00043052965472423985
-22.240467952872507,0.00013819605011798389,0.00045577172650174982
-22.208253858381376,0.00014299433562448816,0.00048236581697499683
-22.176039763890248,0.00014794313361667796,0.00051037630184127625
-22.143825669399121,0.00015304655889123361,0.0005398701447002325
-22.11161157490799,0.00015830881717750122,0.00057091697425908463
-22.079397480416858,0.00016373420641798518,0.00060358916237558138
-22.047183385925731,0.0001693271180421443,0.0006379619028594049
-22.014969291434603,0.00017509203823244562,0.00067411329094670808
-21.982755196943472,0.00018103354918155487,0.00071212440335629949
-21.950541102452341,0.00018715633033954869,0.00075207937882965602
-21.918327007961214,0.00019346515964999096,0.00079406549905052025
-21.886112913470086,0.00019996491477367029,0.00083817326983312318
-21.853898818978955,0.00020666057429879196,0.000884496502461386
-21.821684724487824,0.00021355721893636287,0.00093313239505456429
-21.789470629996696,0.0002206600326994932,0.00098418161382785615
-21.757256535505565,0.00022797430406530173,0.0010377483741093511
-21.725042441014438,0.00023550542711807997,0.0010939405209674864
-21.692828346523306,0.00024325890267234959,0.0011528696092961306
-21.660614252032175,0.00025124033937439351,0.0012146509831967608
-21.628400157541048,0.00025945545478085779,0.0012794038544901964
-21.59618606304992,0.0002679100764129342,0.0013472513801827178
-21.563971968558789,0.00027661014278464858,0.0014183207387040199
-21.531757874067658,0.00028556170440373514,0.0014927432047270907
-21.499543779576531,0.00029477092474354159,0.0015706542223727347
-21.467329685085403,0.00030424408118440751,0.0016521934765940148
-21.435115590594272,0.00031398756592289351,0.0017375049625285837
-21.402901496103141,0.00032400788684723293,0.001826737052599734
-21.370687401612013,0.00033431166837738296,0.0019200425611398475
-21.338473307120886,0.00034490565226795417,0.0020175788063028998
-21.306259212629755,0.00035579669837233058,0.0021195076690257611
-21.274045118138623,0.00036699178536624746,0.0022259956487914656
-21.241831023647496,0.00037849801142908712,0.0023372139159411236
-21.209616929156368,0.00039032259488110143,0.0024533383602747894
-21.177402834665237,0.00040247287477476187,0.0025745496356756126
-21.145188740174106,0.00041495631143841457,0.0027010332004858677
-21.112974645682975,0.00042778048697044238,0.0028329793533581481
-21.080760551191847,0.0004409531056820155,0.0029705832642995473
-21.04854645670072,0.0004544819944865946,0.0031140450006223882
-21.016332362209589,0.00046837510323430109,0.0032635695475101518
-20.984118267718458,0.00048264050498919309,0.0034193668229037699
-20.95190417322733,0.0004972863962475943,0.0035816516864097775
-20.919690078736203,0.00051232109709549976,0.0037506439419288033
-20.887475984245071,0.00052775305130311253,0.0039265683337002498
-20.85526188975394,0.00054359082635455265,0.0041096545354572843
-20.823047795262813,0.00055984311341079733,0.0043001371323848217
-20.790833700771685,0.00057651872720383658,0.004498255595572263
-20.758619606280554,0.00059362660586009678,0.0047042542486525982
-20.726405511789423,0.00061117581065111789,0.0049183822263200953
-20.694191417298295,0.00062917552566951718,0.0051408934244200405
-20.661977322807168,0.00064763505742825348,0.0053720464413057325
-20.629763228316037,0.00066656383438114871,0.0056121045101606261
-20.597549133824906,0.00068597140636277043,0.0058613354219869641
-20.565335039333775,0.00070586744394558212,0.0061200114389668115
-20.533120944842647,0.00072626173771247321,0.0063884091979058005
-20.500906850351519,0.0007471641974426572,0.006666809603476551
-20.468692755860388,0.00076858485120896648,0.0069554977109848558
-20.436478661369257,0.00079053384438460537,0.007254762598389892
-20.40426456687813,0.00081302143855743248,0.0075648972273183561
-20.372050472387002,0.00083605801034984119,0.007886198292821639
-20.339836377895871,0.00085965405014233858,0.0082189660616357931
-20.30762228340474,0.00088382016069890005,0.0085635041987156355
-20.275408188913612,0.00090856705569232769,0.0089201195818270108
-20.243194094422485,0.00093390555812768639,0.0092891221039942094
-20.210979999931354,0.00095984659866203486,0.0096708244636142752
-20.178765905440223,0.00098640121381867981,0.010065541942065393
-20.146551810949095,0.0010135805440941845,0.010473592168653421
-20.114337716457968,0.0010413958319564758,0.01089529487275763
-20.082123621966836,0.0010698584197322445,0.011330971623055268
-20.049909527475705,0.0010989797473820962,0.011780945553724631
-20.017695432984578,0.0011287713501618552,0.012245541077546728
-19.985481338493447,0.0011592448561683981,0.012725083585847022
-19.953267244002319,0.0011904119837685371,0.013219899135240888
-19.921053149511188,0.0012222845389095183,0.01373031412117171
-19.888839055020057,0.001254874412309673,0.014256654938252339
-19.856624960528929,0.0012881935765278953,0.014799247627448766
-19.824410866037802,0.0013222540829106318,0.015358417510169585
-19.792196771546671,0.00135706805841517,0.015934488809352214
-19.75998267705554,0.0013926477023079844,0.01652778425766525
-19.727768582564412,0.0014290052827370505,0.017138624692975682
-19.695554488073284,0.0014661531331771804,0.01776732864125825
-19.663340393582153,0.0015041036487471878,0.01841421188715512
-19.631126299091022,0.0015428692823981564,0.019079587032425179
-19.598912204599895,0.0015824625409719005,0.019763763042554429
-19.566698110108767,0.001622895981128936,0.020467044781830177
-19.534484015617636,0.0016641822051451473,0.021189732537215015
-19.502269921126505,0.0017063338565766902,0.021932121531389914
-19.470055826635377,0.0017493636157925986,0.022694501425369752
-19.43784173214425,0.001793284195374649,0.023477155811127821
-19.405627637653119,0.0018381083353841571,0.024280361694700305
-19.373413543161988,0.001883848798495492,0.025104388970276025
-19.341199448670856,0.0019305183649961943,0.025949499885812612
-19.308985354179729,0.0019781298276535697,0.026815948500752317
-19.276771259688601,0.0020266959864480034,0.027703980136447516
-19.24455716519747,0.0020762296431728932,0.028613830819938617
-19.212343070706339,0.0021267435959017602,0.029545726721761985
-19.180128976215212,0.0021782506333226596,0.03049988358849981
-19.147914881724084,0.0022307635289406567,0.031476506170816175
-19.115700787232953,0.0022842950351486574,0.032475787647756334
-19.083486692741822,0.0023388578771675632,0.033497909048119466
-19.051272598250694,0.0023944647468565092,0.034543038669746666
-19.019058503759567,0.002451128296394098,0.035611331497595822
-18.986844409268436,0.0025088611318317272,0.036702928621504906
-18.954630314777305,0.0025676758065202136,0.037817956654574832
-18.922416220286177,0.0026275848144110799,0.038956527153130943
-18.890202125795049,0.0026886005832338811,0.04011873603924767
-18.857988031303918,0.0027507354675512167,0.041304663026846315
-18.825773936812787,0.0028140017416930173,0.042514371052400204
-18.793559842321656,0.0028784115925721012,0.043747905711304734
-18.761345747830529,0.0029439771123829076,0.045005294700987644
-18.729131653339401,0.0030107102911855234,0.046286547271857444
-18.69691755884827,0.0030786230093770794,0.047591653687201529
-18.664703464357139,0.0031477270300531894,0.048920584693163537
-18.632489369866011,0.0032180339912618182,0.050273290999942273
-18.600275275374884,0.003289555398152063,0.051649702775364903
-18.568061180883753,0.0033623026150209467,0.053049729151995968
-18.535847086392621,0.0034362868572608263,0.054473257748951849
-18.503632991901494,0.0035115191832108738,0.055920154209594862
-18.471418897410366,0.0035880104859154715,0.057390261756281966
-18.439204802919235,0.0036657714847930381,0.058883400763342843
-18.406990708428104,0.0037448127172188773,0.06039936834946015
-18.374776613936977,0.0038251445300254419,0.061937937990619529
-18.342562519445849,0.0039067770709240801,0.063498859154787618
-18.310348424954718,0.0039897202798519155,0.065081856959464904
-18.278134330463587,0.00407398388024806,0.066686631853248635
-18.245920235972459,0.0041595773702633679,0.068312859322524191
-18.213706141481328,0.0042465100139080451,0.069960189624383093
-18.181492046990201,0.0043347908321413834,0.071628247546842438
-18.149277952499069,0.0044244285939087869,0.073316632197421891
-18.117063858007938,0.0045154318071300376,0.075024916821096868
-18.084849763516811,0.0046078087096444531,0.076752648648625743
-18.052635669025683,0.0047015672601174625,0.078499348776209218
-18.020421574534552,0.0047967151289139308,0.080264512077404718
-17.988207480043421,0.0048932596889433742,0.082047607148180893
-17.955993385552294,0.0049912080064827618,0.0838480762859556
-17.923779291061166,0.0050905668319820704,0.085665335503414486
-17.891565196570035,0.0051913425908585269,0.08749877457785929
-17.859351102078904,0.0052935413742850306,0.089347757136787526
-17.827137007587776,0.0053971689299790338,0.091211620780351207
-17.794922913096649,0.005502230652997449,0.09308967724128657
-17.762708818605518,0.0056087315765442208,0.09498121258284857
-17.730494724114386,0.005716676362795989,0.096885487435225459
-17.698280629623259,0.0058260692937531586,0.098801737270846526
-17.666066535132131,0.0059369142621221241,0.10072917271893027
-17.633852440641,0.0060492147622353424,0.10266697991955322
-17.601638346149869,0.0061629738810160149,0.104614320917453
-17.569424251658738,0.006278194288993932,0.10657033409570961
-17.53721015716761,0.0063948782313794292,0.10853413464937299
-17.504996062676483,0.0065130275192022708,0.11050481509903652
-17.472781968185352,0.0066326435205224434,0.11248144584427609
-17.440567873694221,0.0067537271517197212,0.11446307575680251
-17.408353779203093,0.0068762788688697006,0.11644873281309645
-17.376139684711966,0.0070002986592125364,0.1184374247662167
-17.343925590220834,0.0071257860327226669,0.12042813985639209
-17.311711495729703,0.0072527400137857509,0.12241984755993121
-17.279497401238576,0.007381159132991184,0.12441149937590354
-17.247283306747448,0.0075110414190466867,0.12640202964996394
-17.215069212256317,0.0076423843908231259,0.12839035643461311
-17.182855117765186,0.0077751850495361248,0.13037538238510729
-17.150641023274058,0.0079094398710731414,0.13235599569015297
-17.118426928782931,0.0080451447984721796,0.13433107103644013
-17.0862128342918,0.0081822952345606964,0.13629947060599026
-17.053998739800669,0.0083208860347616723,0.13826004510522061
-17.021784645309538,0.0084609115000742596,0.14021163482454907
-16.98957055081841,0.0086023653702371073,0.142153070727288
-16.957356456327283,0.0087452408170812946,0.1440831755665056
-16.925142361836151,0.0088895304380802939,0.14600076502845818
-16.89292826734502,0.0090352262501050638,0.1479046489011317
-16.860714172853893,0.009182319683390807,0.14979363226636178
-16.828500078362765,0.0093308015757237236,0.15166651671393774
-16.796285983871634,0.0094806621668540193,0.15352210157603147
-16.764071889380503,0.0096318910931432293,0.15535918518023603
-16.731857794889375,0.0097844773824529753,0.15717656611944228
-16.699643700398248,0.0099384094492820253,0.15897304453672556
-16.667429605907117,0.010093675090158571,0.16074742342336606
-16.635215511415986,0.010250261479295395,0.1624985099280801
-16.603001416924858,0.010408155164513981,0.16422511667549708
-16.570787322433731,0.010567342063445343,0.16592606309187566
-16.538573227942599,0.010727807460012907,0.1676001767360166
-16.506359133451468,0.010889536001205348,0.16924629463330082
-16.474145038960341,0.011052511694145149,0.17086326461075219
-16.44193094446921,0.011216717903459182,0.17244994663100069
-16.409716849978082,0.011382137348957986,0.17400521412300138
-16.377502755486951,0.011548752103629047,0.1755279553073551
-16.34528866099582,0.011716543591950564,0.17701707451405835
-16.313074566504692,0.011885492588531421,0.17847149349051253
-16.280860472013565,0.0120555792170825,0.17989015269761596
-16.248646377522434,0.012226782949725448,0.18127201259176651
-16.216432283031303,0.012399082606643002,0.18261605489061269
-16.184218188540175,0.012572456356077481,0.1839212838204029
-16.152004094049047,0.012746881714680537,0.18518672734279928
-16.119789999557916,0.012922335548220715,0.18641143835904489
-16.087575905066785,0.013098794072651222,0.18759449588940053
-16.055361810575658,0.01327623285554376,0.18873500622579936
-16.02314771608453,0.013454626817891864,0.18983210405570197
-15.990933621593399,0.013633950236287454,0.19088495355517535
-15.95871952710227,0.013814176745473734,0.19189274944926546
-15.92650543261114,0.013995279341279218,0.19285471803778217
-15.894291338120011,0.014177230383933832,0.19377011818466733
-15.86207724362888,0.01436000160177205,0.19463824226917709
-15.829863149137751,0.01454356409532398,0.19545841709716918
-15.797649054646621,0.014727888341797574,0.19623000477085431
-15.765434960155492,0.01491294419995394,0.1969524035154373
-15.733220865664363,0.015098700915376963,0.19762504846115034
-15.701006771173233,0.015285127126139737,0.19824741237925472
-15.668792676682104,0.015472190868867773,0.19881900637066935
-15.636578582190975,0.015659859585200771,0.199339380505967
-15.604364487699845,0.015848100128653692,0.19980812441556545
-15.572150393208716,0.01603687877187681,0.20022486782902957
-15.539936298717587,0.016226161214315055,0.20058928106249305
-15.507722204226457,0.016415912590266448,0.20090107545330047
-15.475508109735328,0.01660609747733973,0.20116000374106838
-15.443294015244199,0.016796679905308608,0.20136586039446111
-15.411079920753069,0.016987623365363181,0.20151848188307611
-15.37886582626194,0.017178890819756279,0.20161774689393641
-15.346651731770811,0.017370444711842712,0.20166357649218791
-15.314437637279681,0.017562246976509877,0.20165593422570444
-15.28222354278855,0.01775425905099667,0.20159482617340566
-15.250009448297421,0.017946441886098632,0.20148030093719896
-15.217795353806292,0.018138755957755329,0.20131244957755973
-15.185581259315162,0.018331161279017821,0.20109140549286972
-15.153367164824033,0.018523617412390898,0.20081734424273759
-15.121153070332904,0.018716083482547326,0.20049048331562849
-15.088938975841774,0.018908518189409512,0.20011108184123425
-15.056724881350645,0.019100879821593381,0.19967944024811557
-15.024510786859516,0.019293126270209435,0.19919589986725048
-14.992296692368386,0.019485215043016604,0.19866084248222032
-14.960082597877257,0.019677103278922064,0.19807468982686435
-14.927868503386128,0.019868747762821899,0.1974379030313268
-14.895654408894998,0.020060104940775654,0.19675098201751609
-14.863440314403867,0.020251130935508718,0.196014464845085
-14.83122621991274,0.020441781562235539,0.19522892700912997
-14.799012125421608,0.020632012344795995,0.19439498069089159
-14.766798030930481,0.020821778532097993,0.19351327396282367
-14.73458393643935,0.021011035114858138,0.19258448994947316
-14.702369841948222,0.021199736842632204,0.19160934594569451
-14.670155747457091,0.021387838241127874,0.19058859249378779
-14.637941652965964,0.021575293629789737,0.18952301242122616
-14.605727558474833,0.021762057139648617,0.18841341984069487
-14.573513463983705,0.021948082731425143,0.18726065911423259
-14.541299369492574,0.022133324213879521,0.18606560378331538
-14.509085275001446,0.022317735262395541,0.18482915546678291
-14.476871180510315,0.022501269437790534,0.18355224272854764
-14.444657086019188,0.022683880205340432,0.18223581991707913
-14.412442991528057,0.022865520954009361,0.18088086597868636
-14.380228897036925,0.023046145015872252,0.17948838324666466
-14.348014802545798,0.023225705685721566,0.17805939620839573
-14.315800708054667,0.023404156240843785,0.17659495025251995
-14.283586613563539,0.023581449960957585,0.17509611039832104
-14.251372519072408,0.023757540148299793,0.17356396000947358
-14.219158424581281,0.023932380147847012,0.1719995994943247
-14.186944330090149,0.024105923367662974,0.17040414499487749
-14.154730235599022,0.024278123299357773,0.16877872706665648
-14.122516141107891,0.024448933538647015,0.16712448935162219
-14.090302046616763,0.024618307805997611,0.16544258724630612
-14.058087952125632,0.02478619996734923,0.1637341865673142
-14.025873857634505,0.024952564054897056,0.16200046221634282
-13.993659763143373,0.025117354287923194,0.1602425968468188
-13.961445668652246,0.02528052509366395,0.15846177953426299
-13.929231574161115,0.02544203112819932,0.1566592044524352
-13.897017479669987,0.025601827297352251,0.15483606955729839
-13.864803385178856,0.025759868777582892,0.15299357528079102
-13.832589290687729,0.02591611103686537,0.15113292323636765
-13.800375196196597,0.026070509855533847,0.14925531493821156
-13.768161101705466,0.026223021347082771,0.14736195053598869
-13.735947007214339,0.02637360197890895,0.14545402756694817
-13.703732912723208,0.026522208592982002,0.14353273972712921
-13.67151881823208,0.026668798426427356,0.1415992756633763
-13.639304723740949,0.026813329132011583,0.13965481778779631
-13.607090629249821,0.026955758798512582,0.13770054111624216
-13.57487653475869,0.02709604597096384,0.13573761213232646
-13.542662440267563,0.027234149670756963,0.13376718767841689
-13.510448345776432,0.027370029415590948,0.13179041387497967
-13.478234251285304,0.027503645239252174,0.12980842506958171
-13.446020156794173,0.027634957711214207,0.12782234281677254
-13.413806062303046,0.027763927956041566,0.12583327489000798
-13.381591967811914,0.027890517672585123,0.12384231432668631
-13.349377873320787,0.028014689152957042,0.12185053850730482
-13.317163778829656,0.028136405301269259,0.11985900826965196
-13.284949684338528,0.028255629652125486,0.11786876705888599
-13.252735589847397,0.028372326388851399,0.11588084011425673
-13.220521495356266,0.028486460361451863,0.11389623369316144
-13.188307400865138,0.028597997104281677,0.11191593433313364
-13.156093306374007,0.028706902853418304,0.10994090815229114
-13.12387921188288,0.028813144563722169,0.10797210018869031
-13.091665117391749,0.028916689925575688,0.10601043377894623
-13.059451022900621,0.029017507381286636,0.1040568099764122
-13.02723692840949,0.02911556614114438,0.10211210700912082
-12.995022833918362,0.029210836199119097,0.10017717977762534
-12.962808739427231,0.029303288348190872,0.098252859392790437
-12.930594644936104,0.029392894195299345,0.096339952753521599
-12.898380550444973,0.029479626175901472,0.094439242164334122
-12.866166455953845,0.029563457568128622,0.092551484992606445
-12.833952361462714,0.029644362506531727,0.090677413365278153
-12.801738266971586,0.029722315995404189,0.088817733904698618
-12.769524172480455,0.029797293921675259,0.086973127503253797
-12.737310077989328,0.029869273067361094,0.085144249136346647
-12.705095983498197,0.029938231121567144,0.083331727713233328
-12.672881889007069,0.030004146692032815,0.081536165965169854
-12.640667794515938,0.030066999316207897,0.079758140370254596
-12.608453700024807,0.030126769471856243,0.077998201114309898
-12.576239605533679,0.030183438587175763,0.076256872087082983
-12.544025511042548,0.030236989050429278,0.074534650913004194
-12.511811416551421,0.030287404219078589,0.072832009015693228
-12.47959732206029,0.030334668428414854,0.071149391715354393
-12.447383227569162,0.030378766999679334,0.069487218358170386
-12.415169133078031,0.030419686247669782,0.067845882476754493
-12.382955038586903,0.030457413487823947,0.066225751980697536
-12.350740944095772,0.030491937042778201,0.064627169376200971
-12.318526849604645,0.0305232462483945,0.063050452013769964
-12.286312755113514,0.030551331459252748,0.06149589236290133
-12.254098660622386,0.030576184053603336,0.059963758312689096
-12.221884566131255,0.030597796437776444,0.058454293497237048
-12.189670471640127,0.030616162050046622,0.056967717644761807
-12.157456377148996,0.030631275363947309,0.05550422694924164
-12.125242282657869,0.03064313189103568,0.054063994463465818
-12.093028188166738,0.030651728183102939,0.052647170512317681
-12.06081409367561,0.030657061833831361,0.05125388312512779
-12.028599999184479,0.030659131479894242,0.0498842384859189
-11.996385904693348,0.030657936801501744,0.04853832140037169
-11.96417181020222,0.030653478522388332,0.047216195778332221
-11.931957715711089,0.030645758409244245,0.045917905130690252
-11.899743621219962,0.030634779270591214,0.044643473079462453
-11.867529526728831,0.030620544955103173,0.043392903879916976
-11.835315432237703,0.03060306034937375,0.042166182953593867
-11.803101337746572,0.030582331375131867,0.0409632774310782
-11.770887243255444,0.030558364985907686,0.039784136703406317
-11.738673148764313,0.030531169163151749,0.038628692980991815
-11.706459054273186,0.030500752911809863,0.03749686185898507
-11.674244959782055,0.030467126255359356,0.036388542887990469
-11.642030865290927,0.030430300230306358,0.035303620149095341
-11.609816770799796,0.030390286880152158,0.034241962832179271
-11.577602676308668,0.030347099248831704,0.033203425816504151
-11.545388581817537,0.030300751373627074,0.032187850252603997
-11.51317448732641,0.030251258277569575,0.031195064144527059
-11.480960392835279,0.030198635961322724,0.030224882931504441
-11.448746298344147,0.030142901394565363,0.029277110068154682
-11.41653220385302,0.030084072506872138,0.028351537602358524
-11.384318109361889,0.030022168178105307,0.027447946749972481
-11.352104014870761,0.029957208228318766,0.026566108465581446
-11.31988992037963,0.029889213407185571,0.025705784008519857
-11.287675825888503,0.029818205382957895,0.024866725503429051
-11.255461731397371,0.029744206730960766,0.024048676494646339
-11.223247636906244,0.029667240921640966,0.023251372493760674
-11.191033542415113,0.029587332308164033,0.022474541519698795
-11.158819447923985,0.029504506113582057,0.02171790463074506
-11.126605353432854,0.029418788417572582,0.02098117644792781
-11.094391258941727,0.029330206142766893,0.020264065669244675
-11.062177164450596,0.029238787040665435,0.019566275574228447
-11.029963069959468,0.029144559677167375,0.018887504518394983
-10.997748975468337,0.029047553417707279,0.018227446417143321
-10.965534880977209,0.028947798412023478,0.017585791218717211
-10.933320786486078,0.028845325578559459,0.01696222536586605
-10.901106691994951,0.028740166588518828,0.016356432245880886
-10.86889259750382,0.02863235384957654,0.015768092628709308
-10.836678503012688,0.028521920489262383,0.015196885092889427
-10.804464408521561,0.028408900338029345,0.01464248643907109
-10.77225031403043,0.028293327912017312,0.014104572090925485
-10.740036219539302,0.028175238395525274,0.01358281648327435
-10.707822125048171,0.028054667623200628,0.013076893437297702
-10.675608030557044,0.027931652061968612,0.012586476522710435
-10.643393936065912,0.027806228792700061,0.012111239406822814
-10.611179841574785,0.027678435491641454,0.011650856190430185
-10.578965747083654,0.027548310411617129,0.011205001730499887
-10.546751652592526,0.02741589236301431,0.010773351949651932
-10.514537558101395,0.027281220694567426,0.01035558413245098
-10.482323463610268,0.027144335273951953,0.0099513772085535086
-10.450109369119136,0.027005276468204796,0.0095604120227734575
-10.417895274628009,0.026864085123981137,0.0091823715921536715
-10.385681180136878,0.026720802547663243,0.0088169413501481084
-10.35346708564575,0.026575470485333211,0.0084638093780417412
-10.321252991154619,0.026428131102624691,0.0081226666237506195
-10.289038896663488,0.026278826964466352,0.0077932071081644478
-10.25682480217236,0.026127601014730602,0.0074751281192080247
-10.224610707681229,0.025974496555802425,0.0071681303938143969
-10.192396613190102,0.025819557228076533,0.0068719182880168051
-10.160182518698971,0.02566282698940469,0.0065861999353784614
-10.127968424207843,0.025504350094502058,0.0063106873939931972
-10.095754329716712,0.025344171074321211,0.0060450967822994056
-10.063540235225584,0.025182334715418669,0.0057891484039615743
-10.031326140734453,0.025018886039315201,0.0055425668620814944
-9.9991120462433258,0.024853870281872296,0.0053050811630111199
-9.9668979517521947,0.024687332872690579,0.0050764248100448224
-9.9346838572610672,0.024519319414547564,0.0048563358872770962
-9.9024697627699361,0.024349875662888515,0.0046445571339157185
-9.8702556682788085,0.024179047505377357,0.0044408360093468298
-9.8380415737876774,0.024006880941526795,0.0042449247492508174
-9.8058274792965499,0.023833422062414955,0.0040565804130727329
-9.7736133848054187,0.023658717030504539,0.0038755649231517393
-9.7413992903142912,0.023482812059573401,0.0037016450958174542
-9.7091851958231601,0.023305753394770583,0.0035345926647604438
-9.676971101332029,0.023127587292809604,0.0033741842969859312
-9.6447570068409014,0.022948360002308453,0.0032202016016581736
-9.6125429123497703,0.02276811774429004,0.0030724311321427837
-9.5803288178586428,0.022586906692851454,0.0029306643815526284
-9.5481147233675117,0.022404772956017168,0.0027946977721002198
-9.5159006288763841,0.022221762556782088,0.0026643326385578535
-9.483686534385253,0.022037921414358393,0.0025393752061225253
-9.4514724398941254,0.021853295325633394,0.0024196365629800074
-9.4192583454029943,0.021667929946852137,0.002304932627857558
-9.3870442509118668,0.021481870775530376,0.0021950841128509941
-9.3548301564207357,0.021295163132611063,0.0020899164818063208
-9.3226160619296081,0.021107852144870105,0.0019892599045316065
-9.290401967438477,0.020919982727583872,0.0018929492071084757
-9.2581878729473495,0.020731599567462507,0.0018008238185676208
-9.2259737784562184,0.020542747105863287,0.0017127277141857783
-9.1937596839650908,0.020353469522286713,0.0016285093556560812
-9.1615455894739597,0.02016381071816566,0.0015480216283764504
-9.1293314949828321,0.01997381430095669,0.0014711217760945508
-9.097117400491701,0.019783523568535084,0.0013976713331404131
-9.0649033060005699,0.019592981493908434,0.0013275360544712721
-9.0326892115094424,0.019402230710248321,0.001260585843745599
-9.0004751170183113,0.019211313496250201,0.0011966946796362695
-8.9682610225271837,0.019020271761827464,0.00113574054058561
-8.9360469280360526,0.018829147034142936,0.0010776053281972757
-8.9038328335449251,0.018637980443985121,0.0010221747894530451
-8.8716187390537939,0.018446812712496249,0.00096933843793470275
-8.8394046445626664,0.018255684138250416,0.00091898947422418991
-8.8071905500715353,0.018064634584694379,0.00087102470564743206
-8.7749764555804077,0.017873703467947949,0.00082534446552028171
-8.7427623610892766,0.017682929744974558,0.00078185253204733629
-8.7105482665981491,0.017492351902118019,0.00074045604701751804
-8.678334172107018,0.0173020079440162,0.0007010654344328255
-8.6461200776158904,0.017111935382888764,0.00066359431919990716
-8.6139059831247593,0.01692217122820457,0.00062795944600688343
-8.5816918886336317,0.016732751976730416,0.000594080598501248
-8.5494777941425006,0.016543713602962487,0.00056188051887774574
-8.5172636996513695,0.016355091549943163,0.00053128482797875688
-8.485049605160242,0.016166920720462975,0.00050222194600308106
-8.4528355106691109,0.015979235468649964,0.00047462301391287029
-8.4206214161779833,0.015792069591949245,0.00044842181562229427
-8.3884073216868522,0.015605456323486335,0.00042355470104546553
-8.3561932271957247,0.015419428324824446,0.00039996051007550173
-8.3239791327045936,0.015234017679105616,0.00037758049756080216
-8.291765038213466,0.015049255884583447,0.00035635825933931107
-8.2595509437223349,0.014865173848540471,0.0003362396593861176
-8.2273368492312073,0.01468180188159417,0.00031717275812477715
-8.1951227547400762,0.014499169692386705,0.00029910774194768201
-8.1629086602489487,0.014317306382658528,0.00028199685398620902
-8.1306945657578176,0.014136240442705165,0.00026579432616669182
-8.09848047126669,0.013955999747211421,0.00025045631258400705
-8.0662663767755589,0.013776611551466591,0.00023594082422027948
-8.0340522822844314,0.013598102487951427,0.00022220766503230121
-8.0018381877933002,0.013420498563299096,0.00020921836942734635
-7.9696240933021727,0.013243825155626009,0.00019693614114351049
-7.9374099988110416,0.013068107012226896,0.00018532579354715441
-7.9051959043199105,0.012893368247634866,0.00017435369135682306
-7.8729818098287829,0.012719632342037298,0.00016398769379982894
-7.8407677153376518,0.012546922140049814,0.00015419709920478204
-7.8085536208465243,0.012375259849839818,0.00014495259103057377
-7.7763395263553932,0.012204667042595554,0.00013622618532966227
-7.7441254318642656,0.01203516465233942,0.00012799117964112252
-7.7119113373731345,0.011866772976077467,0.00012022210330654557
-7.6796972428820069,0.011699511674281069,0.00011289466919980132
-7.6474831483908758,0.011533399771696696,0.00010598572685961058
-7.6152690538997483,0.011368455658478199,9.9473217012076929e-05
-7.5830549594086172,0.011204697091635305,9.3336127468556302e-05
-7.5508408649174896,0.011042141196793597,8.7554450382714287e-05
-7.5186267704263585,0.010880804470260588,8.2109140849116275e-05
-7.486412675935231,0.010720702781390654,7.6982076824418262e-05
-7.4541985814440999,0.010561851375245426,7.2156020350974668e-05
-7.4219844869529723,0.010404264875540551,6.7614580061631818e-05
-7.3897703924618412,0.010247957287874322,6.3342174943459016e-05
-7.3575562979707136,0.010092942003232117,5.9323999337331061e-05
-7.3253422034795825,0.0099392318017595942,5.5545989149477344e-05
-7.2931281089884514,0.0097868388567973839,5.1994789250467394e-05
-7.2609140144973239,0.0096357747391728338,4.8657722036497803e-05
-7.2286999200061928,0.0094860504217394205,4.5522757127374097e-05
-7.1964858255150652,0.0093376762841592808,4.2578482175169059e-05
-7.1642717310239341,0.0091906621179214752,3.9814074757198101e-05
-7.1320576365328066,0.0090450171315876599,3.7219275326724436e-05
-7.0998435420416754,0.00890074995625946,3.4784361194598866e-05
-7.0676294475505479,0.0087578686512618728,3.250012151494511e-05
-7.0354153530594168,0.0086163807100323175,3.0357833247933404e-05
-7.0032012585682892,0.0084762930662106162,2.8349238072704467e-05
-6.9709871640771581,0.0083376120999229929,2.6466520223553844e-05
-6.9387730695860306,0.0082003436442511651,2.4702285222612362e-05
-6.9065589750948995,0.008064492991880506,2.3049539482405291e-05
-6.8743448806037719,0.0079300649019207019,2.1501670751887961e-05
-6.8421307861126408,0.0077970636068903296,2.0052429379789273e-05
-6.8099166916215133,0.0076654928198586995,1.8695910369386426e-05
-6.7777025971303821,0.0075353557417385123,1.7426536199139457e-05
-6.745488502639251,0.0074066550687210443,1.6239040383971427e-05
-6.7132744081481235,0.0072793929998477124,1.5128451752347168e-05
-6.6810603136569924,0.0071535712447096831,1.4090079414707705e-05
-6.6488462191658648,0.0070291910312702474,1.3119498399243386e-05
-6.6166321246747337,0.006906253113800994,1.2212535931425817e-05
-6.5844180301836062,0.006784757780925888,1.1365258334189419e-05
-6.5522039356924751,0.0066647048637659741,1.0573958526121685e-05
-6.5199898412013475,0.0065460937441783537,9.8351440955207377e-06
-6.4877757467102164,0.0064289233630812851,9.1455259286734056e-06
-6.4555616522190888,0.0063131922288598413,8.5020073712253978e-06
-6.4233475577279577,0.0061988984258450853,7.9016739020284896e-06
-6.3911334632368302,0.0060860396228595093,7.341783299380684e-06
-6.3589193687456991,0.0059746130818230216,6.8197562800989488e-06
-6.3267052742545715,0.0058646156664122016,6.3331675924021949e-06
-6.2944911797634404,0.0057560438507674094,5.879737544110108e-06
-6.2622770852723129,0.0056488937282397917,5.4573239482021718e-06
-6.2300629907811818,0.0055431610201735664,5.0639144683090022e-06
-6.1978488962900542,0.0054388410847167369,4.697619347242163e-06
-6.1656348017989231,0.0053359289256537032,4.3566645021915679e-06
-6.133420707307792,0.0052344192012549751,4.0393849707449978e-06
-6.1012066128166644,0.0051343062331366696,3.7442186923987117e-06
-6.0689925183255333,0.0050355840151256985,3.4697006107403507e-06
-6.0367784238344058,0.0049382462221230173,3.214457081989558e-06
-6.0045643293432747,0.0048422862189618525,2.9772005760770068e-06
-5.9723502348521471,0.0047476970692527567,2.7567246569329965e-06
-5.940136140361016,0.0046544715442125078,2.5518992291346826e-06
-5.9079220458698884,0.0045626021314704108,2.3616660385339637e-06
-5.8757079513787573,0.0044720810438473434,2.1850344149475245e-06
-5.8434938568876298,0.0043829002281018641,2.0210772454437347e-06
-5.8112797623964987,0.0042950513736406647,1.8689271672012305e-06
-5.7790656679053711,0.0042085259211853687,1.7277729693462074e-06
-5.74685157341424,0.0041233150713944448,1.5968561935946149e-06
-5.7146374789231125,0.0040394097934335514,1.4754679239363393e-06
-5.6824233844319814,0.0039568008334907711,1.362945755996062e-06
-5.6502092899408538,0.0038754787232328871,1.2586709370939972e-06
-5.6179951954497227,0.0037954337881977761,1.1620656684057343e-06
-5.5857811009585951,0.0037166561561199408,1.0725905609864943e-06
-5.553567006467464,0.0036391357651848204,9.8974223777900819e-07
-5.5213529119763329,0.0035628623722081267,9.1305107406823048e-07
-5.4891388174852054,0.0034878255607372882,8.4207906917795817e-07
-5.4569247229940743,0.0034140147490707667,7.7641784252630871e-07
-5.4247106285029467,0.0033414191981931446,7.1568674746765968e-07
-5.3924965340118156,0.0032700280196213279,6.5953109664844928e-07
-5.3602824395206881,0.003199830183160308,6.0762049289409179e-07
-5.328068345029557,0.0031308145245648022,5.5964725992298345e-07
-5.2958542505384294,0.0030629697531042179,5.1532496745281651e-07
-5.2636401560472983,0.0029962844590283953,4.7438704552296039e-07
-5.2314260615561707,0.0029307471209317208,4.3658548310602538e-07
-5.1992119670650396,0.0028663461130129645,4.016896063207917e-07
-5.1669978725739121,0.002803069712229296,3.6948493178900853e-07
-5.134783778082781,0.0027409061053411629,3.3977209089906834e-07
-5.1025696835916534,0.0026798433958478154,3.1236582095162644e-07
-5.0703555891005223,0.0026198696108098592,2.8709401936512613e-07
-5.0381414946093948,0.002560972707558395,2.637968573139535e-07
-5.0059274001182636,0.002503140580288569,2.4232594935808053e-07
-4.9737133056271325,0.0024463610665362121,2.225435758015341e-07
-4.941499211136005,0.0023906219535361874,2.043219546873564e-07
-4.9092851166448739,0.0023359109844613376,1.8754256049979816e-07
-4.8770710221537463,0.0022822158645407057,1.7209548680011457e-07
-4.8448569276626152,0.0022295242670561347,1.5787885017085368e-07
-4.8126428331714877,0.0021778238392166508,1.4479823298540146e-07
-4.7804287386803566,0.0021271022079090512,1.3276616265458168e-07
-4.748214644189229,0.0020773469853250666,1.2170162513103881e-07
-4.7160005496980979,0.0020285457744637849,1.1152961057470196e-07
-4.6837864552069703,0.0019806861745091608,1.021806891994873e-07
-4.6515723607158392,0.0019337557860820902,9.3590615432418857e-08
-4.6193582662247117,0.0018877422163672863,8.5699958622040297e-08
-4.5871441717335806,0.001842633084114007,7.8453758633322092e-08
-4.554930077242453,0.001798416024511428,7.1801204761665428e-08
-4.5227159827513219,0.0017550786939378807,6.5695336489074741e-08
-4.4905018882601944,0.0017126087745848639,6.0092764691495832e-08
-4.4582877937690633,0.0016709939789554997,5.4953411987726699e-08
-4.4260736992779357,0.0016302220542379097,5.0240270997541827e-08
-4.3938596047868046,0.0015902807865539788,4.5919179349770956e-08
-4.3616455102956735,0.001551158005083848,4.195861035036338e-08
-4.3294314158045459,0.0015128415860668691,3.8329478285974773e-08
-4.2972173213134148,0.0014753194566793216,3.5004957400637357e-08
-4.2650032268222873,0.0014385795987901361,3.1960313641686651e-08
-4.2327891323311562,0.0014026100525947401,2.9172748326505504e-08
-4.2005750378400286,0.0013673989201285486,2.6621252933992829e-08
-4.1683609433488975,0.0013329343686603783,2.4286474274044578e-08
-4.13614684885777,0.0012992046339673664,2.2150589334976039e-08
-4.1039327543666388,0.0012661980234919688,2.0197189152770243e-08
-4.0717186598755113,0.0012339029193823401,1.8411171087510726e-08
-4.0395045653843802,0.0012023077814174588,1.6778638931409864e-08
-4.0072904708932526,0.0011714011498177217,1.5286810309658601e-08
-3.9750763764021215,0.0011411716479427596,1.3923930869953163e-08
-3.942862281910994,0.001111607984877634,1.2679194789171698e-08
-3.9106481874198629,0.0010826989579087337,1.1542671156331439e-08
-3.8784340929287353,0.0010544334548907284,1.050523581979889e-08
-3.8462199984376042,0.0010268004565064045,9.5585083138171987e-09
-3.8140059039464766,0.00099978903842038802,8.6947935048782677e-09
-3.7817918094553455,0.00097338837332876021,7.9070276223596066e-09
-3.7495777149642144,0.00094758773290582561,7.1887283602886538e-09
-3.7173636204730869,0.00092237648964984295,6.533948758134941e-09
-3.6851495259819558,0.00089774411862927157,5.9372345882696401e-09
-3.6529354314908282,0.00087368019913129983,5.3935849962303678e-09
-3.6207213369996971,0.00085017441621432818,4.8984161572583615e-09
-3.5885072425085696,0.00082721656216610184,4.4475277288097664e-09
-3.5562931480174385,0.00080479653786936904,4.0370718939354267e-09
-3.5240790535263109,0.0007829043540767349,3.6635248046445679e-09
-3.4918649590351798,0.00076153013259665735,3.32366024766478e-09
-3.4596508645440522,0.0007406641073922723,3.0145253674479102e-09
-3.4274367700529211,0.00072029662559494568,2.7334182928896292e-09
-3.3952226755617936,0.00070041814843452147,2.4778675250891455e-09
-3.3630085810706625,0.00068101925208790236,2.2456129536107097e-09
-3.3307944865795349,0.00066209062844814644,2.0345883781732741e-09
-3.2985803920884038,0.00064362308581568015,1.8429054215212851e-09
-3.2663662975972763,0.00062560754951379669,1.668838727466323e-09
-3.2341522031061452,0.00060803506243010768,1.5108123457639576e-09
-3.201938108615014,0.00059089678548606957,1.3673872126461162e-09
-3.1697240141238865,0.00057418399803640821,1.2372496424920951e-09
-3.1375099196327554,0.0005578880982002951,1.1192007523279886e-09
-3.1052958251416278,0.00054200060312639545,1.0121467466199325e-09
-3.0730817306504967,0.00052651314919345841,9.1508999520084945e-10
-3.0408676361593692,0.0005114174921486079,8.2712084216911185e-10
-3.0086535416682381,0.0004967055071850694,7.4741008824413937e-10
-2.9764394471771105,0.00048236918896131439,6.7520209338309179e-10
-2.9442253526859794,0.00046840065156356108,6.0980845047407986e-10
-2.9120112581948518,0.00045479212841347693,5.5060218464756507e-10
-2.8797971637037207,0.00044153597212293695,4.9701243620503725e-10
-2.8475830692125932,0.00042862465429785023,4.4851958837365611e-10
-2.8153689747214621,0.00041605076529277306,4.0465080407120036e-10
-2.7831548802303345,0.00040380701391826645,3.6497593862591023e-10
-2.7509407857392034,0.00039188622710278643,3.2910379795296777e-10
-2.7187266912480759,0.00038028134951097984,2.9667871405945746e-10
-2.6865125967569448,0.00036898544312018459,2.6737741194391017e-10
-2.6542985022658172,0.00035799168675694834,2.4090614398854928e-10
-2.6220844077746861,0.00034729337559530864,2.1699806982233596e-10
-2.589870313283555,0.00033688392061867266,1.9541086137246798e-10
-2.5576562187924274,0.00032675684804703493,1.7592451443030766e-10
-2.5254421243012963,0.00031690579873120648,1.5833934954462988e-10
-2.4932280298101688,0.00030732452751585808,1.4247418642901239e-10
-2.4610139353190377,0.00029800690257304855,1.2816467733921439e-10
-2.4287998408279101,0.0002889469047078813,1.1526178604836726e-10
-2.396585746336779,0.00028013862663799809,1.0363040012929847e-10
-2.3643716518456515,0.00027157627224855713,9.3148065251474975e-11
-2.3321575573545203,0.00026325415582423577,8.3703831120458087e-11
-2.2999434628633928,0.00025516670125998804,7.519719953660256e-11
-2.2677293683722617,0.00024730844125197784,6.7537165831902669e-11
-2.2355152738811341,0.00023967401647042501,6.0641345664701303e-11
-2.203301179390003,0.00023225817471571469,5.4435179815705514e-11
-2.1710870848988755,0.00022505577005942954,4.885121023996417e-11
-2.1388729904077444,0.00021806176197171372,4.3828421191859139e-11
-2.1066588959166168,0.00021127121443647746,3.931163975770088e-11
-2.0744448014254857,0.0002046792950558633,3.5250990606372242e-11
-2.0422307069343582,0.00019828127414541063,3.1601400206043129e-11
-2.010016612443227,0.00019207252382133456,2.83221461570437e-11
-1.9778025179520959,0.00018604851708127211,2.5376447660426124e-11
-1.9455884234609684,0.00018020482687986476,2.2731093480977799e-11
-1.9133743289698373,0.00017453712520051909,2.035610407491687e-11
-1.8811602344787097,0.00016904118212464881,1.8224424838327961e-11
-1.8489461399875786,0.00016371286489969404,1.6311647694605985e-11
-1.8167320454964511,0.00015854813700717768,1.4595758479662741e-11
-1.78451795100532,0.00015354305723206351,1.3056907804094218e-11
-1.7523038565141924,0.00014869377873461025,1.1677203273551132e-11
-1.7200897620230613,0.00014399654812594851,1.0440521133628139e-11
-1.6878756675319337,0.00013944770454856324,9.3323355750976736e-12
-1.6556615730408026,0.00013504367876282646,8.3395640904754668e-12
-1.6234474785496751,0.00013078099224071103,7.4504274149214548e-12
-1.591233384058544,0.00012665625626783698,6.6543227143825651e-12
-1.5590192895674164,0.00012266617105492175,5.9417088027016707e-12
-1.5268051950762853,0.00011880752485971143,5.304002278022987e-12
-1.4945911005851578,0.00011507719312045849,4.7334835680939892e-12
-1.4623770060940267,0.00011147213760198149,4.2232119647411563e-12
-1.4301629116028955,0.00010798940555531944,3.7669488106199198e-12
-1.397948817111768,0.00010462612889199085,3.3590880769433398e-12
-1.3657347226206369,0.00010137952337380859,2.9945936398997484e-12
-1.3335206281295093,9.8246887819262329e-05,2.6689426264222757e-12
-1.3013065336383782,9.5225603327351522e-05,2.3780742573861657e-12
-1.2690924391472507,9.2313132519847291e-05,2.1183436686565645e-12
-1.2368783446561196,8.9507018802846618e-05,1.8864802381140257e-12
-1.204664250164992,8.6804885648554742e-05,1.6795499902518532e-12
-1.1724501556738609,8.4204435898126021e-05,1.4949216895244561e-12
-1.1402360611827334,8.170345108644962e-05,1.330236269669872e-12
-1.1080219666916022,7.9299790789710327e-05,1.1833792790329812e-12
-1.0758078722004747,7.6991391996560126e-05,1.0524560517644432e-12
-1.0435937777093436,7.4776268503696792e-05,9.357693419169837e-13
-1.011379683218216,7.2652510336655539e-05,8.3179918214567654e-13
-0.97916558872708492,7.0618283196592093e-05,7.3918475115393523e-13
-0.94695149423595737,6.8671827933828477e-05,6.5670805441420988e-13
-0.91473739974482626,6.6811460048909498e-05,5.8327924120911763e-13
-0.88252330525369871,6.5035569221907243e-05,5.1792339785384236e-13
-0.8503092107625676,6.3342618870710948e-05,4.5976867222296951e-13
-0.8180951162714365,6.1731145739003367e-05,4.0803559855550474e-13
-0.78588102178030894,6.0199759514633258e-05,3.620275040748897e-13
-0.75366692728917783,5.8747142479069204e-05,3.2112189035421622e-13
-0.72145283279805028,5.7372049188615433e-05,2.8476269268472691e-13
-0.68923873830691917,5.6073306188043815e-05,2.5245333006505423e-13
-0.65702464381579162,5.4849811757311621e-05,2.237504669078841e-13
-0.62481054932466051,5.3700535691999627e-05,1.9825841523924048e-13
-0.59259645483353296,5.2624519118093221e-05,1.756241131176541e-13
-0.56038236034240185,5.1620874341754458e-05,1.5553262129186901e-13
-0.5281682658512743,5.0688784734659266e-05,1.3770308580815357e-13
-0.49595417136014319,4.9827504655536492e-05,1.218851194263564e-13
-0.46374007686901564,4.9036359408469873e-05,1.0785555935878224e-13
-0.43152598237788453,4.8314745238567375e-05,9.5415563052946535e-14
-0.39931188788675698,4.7662129365550612e-05,8.4388007540826697e-14
-0.36709779339562587,4.7078050055837288e-05,7.4615161310720555e-14
-0.33488369890449832,4.6562116733665342e-05,6.5956600758358883e-14
-0.30266960441336721,4.6114010131801234e-05,5.8287346072498774e-14
-0.2704555099222361,4.5733482482364856e-05,5.1496193935740595e-14
-0.23824141543110855,4.5420357748301952e-05,4.5484226699403033e-14
-0.20602732093997744,4.5174531896010023e-05,4.0163479745759257e-14
-0.17381322644884989,4.4995973209632666e-05,3.5455750602972241e-14
-0.14159913195771878,4.4884722647516153e-05,3.1291535047144e-14
-0.10938503746659123,4.4840894241312846e-05,2.7609076929631125e-14
-0.077170942975460122,4.4864675538217639e-05,2.4353519822015233e-14
-0.044956848484332568,4.4956328086803406e-05,2.1476149790463331e-14
-0.012742753993201461,4.5116187966916371e-05,1.8933719708606407e-14
0.019471340497926093,4.5344666364079379e-05,1.6687846505515746e-14
0.0516854349890572,4.5642250188852153e-05,1.470447363348746e-14
0.083899529480184754,4.6009502741572777e-05,1.2953391838975734e-14
0.11611362397131586,4.6447064422907524e-05,1.1407812037865144e-14
0.14832771846244341,4.6955653490614066e-05,1.0043984741362837e-14
0.18054181295357452,4.7536066862929771e-05,8.8408610582657663e-15
0.21275590744470207,4.8189180968962528e-05,7.7797908197642087e-15
0.24497000193583318,4.8915952646478076e-05,6.844253840115483e-15
0.27718409642696074,4.9717420087435404e-05,6.0196207458096936e-15
0.30939819091809184,5.0594703831643816e-05,5.2929401820053613e-15
0.34161228540922295,5.1549007808873167e-05,4.6527495423997431e-15
0.3738263799003505,5.2581620429756511e-05,4.0889066711868746e-15
0.40604047439148161,5.3693915725799905e-05,3.5924402568932768e-15
0.43825456888260916,5.4887354538809191e-05,3.1554168808252874e-15
0.47046866337374027,5.6163485760020476e-05,2.7708229004780014e-15
0.50268275786486782,5.7523947619215367e-05,2.4324595431303568e-15
0.53489685235599893,5.897046902408596e-05,2.1348497592929322e-15
0.56711094684712648,6.0504870950085492e-05,1.8731555417907745e-15
0.59932504133825759,6.2129067881010696e-05,1.6431045559222748e-15
0.63153913582938515,6.3845069300516724e-05,1.4409250510431481e-15
0.66375323032051625,6.565498123476669e-05,1.263288135594672e-15
0.69596732481164381,6.7561007846395557e-05,1.1072565974084736e-15
0.72818141930277491,6.9565453079943303e-05,9.702395402988529e-16
0.76039551379390247,7.1670722358900652e-05,8.4995218761331813e-16
0.79260960828503357,7.387932433448741e-05,7.4438027453994453e-16
0.82482370277616113,7.6193872686253076e-05,6.5174851446598176e-16
0.85703779726729223,7.8617087974589415e-05,5.7049268134221482e-16
0.88925189175841979,8.1151799545194181e-05,4.9923490055575254e-16
0.92146598624955089,8.380094748552815e-05,4.3676178589282705e-16
0.953680080740682,8.6567584633257143e-05,3.8200510036362781e-16
0.98589417523180956,8.9454878636667276e-05,3.3402465448120518e-16
1.0181082697229407,9.2466114067004044e-05,2.9199318750204715e-16
1.0503223642140682,9.5604694582650186e-05,2.5518300556316636e-16
1.0825364587051993,9.8874145145055631e-05,2.2295417596332286e-16
1.1147505531963269,0.00010227811428626989,1.9474409936840102e-16
1.146964647687458,0.00010582037642791766,1.7005830177196927e-16
1.1791787421785891,0.0001095048342514249,1.4846230587976517e-16
1.2113928366697131,0.00011333552111925788,1.2957445745024466e-16
1.2436069311608442,0.00011731660354692298,1.1305959622696085e-16
1.2758210256519753,0.00012145238372541252,9.8623473633464269e-17
1.3080351201431064,0.00012574730209377502,8.6007830538714049e-17
1.3402492146342304,0.00013020593996143339,7.4986058293627542e-17
1.3724633091253615,0.00013483302217983656,6.5359375023503093e-17
1.4046774036164926,0.00013963341986298955,5.695345695864779e-17
1.4368914981076237,0.00014461215315638416,4.9615471505085947e-17
1.4691055925987477,0.00014977439405376803,4.3211464895957688e-17
1.5013196870898788,0.0001551254692612127,3.7624062708316617e-17
1.5335337815810099,0.00016067086310780321,3.2750446356780251e-17
1.5657478760721411,0.00016641622050233196,2.8500572953488983e-17
1.5979619705632722,0.00017236734993523578,2.4795609714383793e-17
1.6301760650543962,0.00017853022652504399,2.1566557449349391e-17
1.6623901595455273,0.00018491099510849031,1.875304064688899e-17
1.6946042540366584,0.00019151597337343493,1.6302244295925813e-17
1.7268183485277895,0.00019835165503366578,1.4167979916434683e-17
1.7590324430189135,0.0002054247130446205,1.2309865331193253e-17
1.7912465375100446,0.00021274200285898492,1.0692604533335562e-17
1.8234606320011757,0.00022031056572105096,9.2853556156829813e-18
1.8556747264923068,0.00022813763199875718,8.0611761519897898e-18
1.8878888209834308,0.00023623062455212514,6.9965366786813688e-18
1.9201029154745619,0.00024459716213689635,6.0708940372630024e-18
1.952317009965693,0.00025324506284197081,5.2663173192271905e-18
1.9845311044568241,0.00026218234755931392,4.5671600218687058e-18
2.0167451989479481,0.00027141724348484191,3.9597727882280863e-18
2.0489592934390792,0.0002809581876487752,3.4322517791337602e-18
2.0811733879302103,0.00029081383047384601,2.974218320454621e-18
2.1133874824213414,0.00030099303935974338,2.5766259934199585e-18
2.1456015769124726,0.00031150490229202017,2.231591798417195e-18
2.1778156714035966,0.00032235873147369571,1.9322484302713722e-18
2.2100297658947277,0.00033356406697766973,1.6726150620749915e-18
2.2422438603858588,0.00034513068041799839,1.4474843508528081e-18
2.2744579548769899,0.00035706857863801374,1.2523236567378233e-18
2.3066720493681139,0.0003693880074132135,1.0831887123610587e-18
2.338886143859245,0.00038209945516672669,9.3664819474341131e-19
2.3711002383503761,0.00039521365669509842,8.0971784160951194e-19
2.4033143328415072,0.00040874159690210149,6.9980292079126152e-19
2.4355284273326312,0.00042269451453813973,6.046480079730452e-19
2.4677425218237623,0.00043708390594279225,5.2229315684813339e-19
2.4999566163148934,0.00045192152878786721,4.5103565892785866e-19
2.5321707108060245,0.00046721940581838286,3.8939668964033357e-19
2.5643848052971485,0.00048298982858871518,3.3609222462667852e-19
2.5965988997882796,0.00049924536119112643,2.9000768674344132e-19
2.6288129942794107,0.00051599884397369295,2.5017585149673092e-19
2.6610270887705418,0.00053326339724477426,2.1575759759636679e-19
2.6932411832616729,0.00055105242496085699,1.8602514102715749e-19
2.7254552777527969,0.00056937961839465998,1.6034743636634727e-19
2.7576693722439281,0.00058825895978030247,1.3817746880678447e-19
2.7898834667350592,0.00060770472593209117,1.1904119515604403e-19
2.8220975612261903,0.00062773149183367543,1.0252792257220245e-19
2.8543116557173143,0.00064835413419395713,8.8281940496122825e-20
2.8865257502084454,0.00066958783496622238,7.5995244611639933e-20
2.9187398446995765,0.0006914480848268066,6.540121211819085e-20
2.9509539391907076,0.00071395068660958861,5.6269105493750759e-20
2.9831680336818316,0.00073711175869237285,4.8399297575587164e-20
3.0153821281729627,0.00076094773833138094,4.1619124469191235e-20
3.0475962226640938,0.00078547538493968765,3.5779284755683407e-20
3.0798103171552249,0.0008107117833055916,3.0750713918615827e-20
3.1120244116463489,0.00083667434674679299,2.6421872040384495e-20
3.14423850613748,0.00086338082019597891,2.2696390790910391e-20
3.1764526006286111,0.00089084928321354179,1.94910326915014e-20
3.2086666951197422,0.00091909815292310498,1.6733921711469445e-20
3.2408807896108662,0.0009481461868651055,1.4363009555365224e-20
3.2730948841019973,0.00097801248576415319,1.2324746621816573e-20
3.3053089785931284,0.0010087164962051887,1.0572930646346968e-20
3.3375230730842596,0.0010402780132139505,9.0677095548060202e-21
3.3697371675753907,0.0010727171827368087,7.7747181166793469e-21
3.4019512620665147,0.0011060545040150985,6.664330655731084e-21
3.4341653565576458,0.001140310831848994,5.7110143993293906e-21
3.4663794510487769,0.0011755073787458527,4.8927700712266327e-21
3.498593545539908,0.0012116657169480409,4.1906480938242471e-21
3.530807640031032,0.0012488077803348792,3.5883302985913629e-21
3.5630217345221631,0.001286955866193786,3.0717683765752686e-21
3.5952358290132942,0.0013261326368548454,2.6288714604582189e-21
3.6274499235044253,0.0013663611211840046,2.2492362377018386e-21
3.6596640179955493,0.0014076647159290375,1.923913870516716e-21
3.6918781124866804,0.0014500671869131698,1.6452087597114589e-21
3.7240922069778115,0.0014935926700704039,1.4065048507937615e-21
3.7563063014689426,0.0015382656723175972,1.2021157549705087e-21
3.7885203959600666,0.0015841110722570155,1.0271554562434388e-21
3.8207344904511977,0.0016311541207043533,8.774268084713319e-22
3.8529485849423288,0.0016794204410359613,7.4932540166788917e-22
3.8851626794334599,0.0017289360293500067,6.397567024086869e-22
3.917376773924591,0.0017797272544356078,5.4606465555678839e-22
3.9495908684157151,0.001831820857544082,4.6597017925744747e-22
3.9818049629068462,0.0018852439519568846,3.9751819724572634e-22
4.0140190573979773,0.0019400240223439581,3.3903203625529861e-22
4.0462331518891084,0.0019961889239068832,2.8907417545527289e-22
4.0784472463802324,0.0020537668813011001,2.4641247262961164e-22
4.1106613408713635,0.0021127864873312649,2.0999111107922125e-22
4.1428754353624946,0.0021732767014137223,1.7890561443041927e-22
4.1750895298536257,0.0022352668478005174,1.5238136581132796e-22
4.2073036243447497,0.0022987866135590518,1.2975514506719702e-22
4.2395177188358808,0.0023638660463015191,1.1045926443745249e-22
4.2717318133270119,0.0024305355516583142,9.4007940811863426e-23
4.303945907818143,0.0024988258904897059,7.9985592534133207e-23
4.336160002309267,0.0025687681758300466,6.8036791782896918e-23
4.3683740968003981,0.0026403938695589374,5.7857640745727356e-23
4.4005881912915292,0.0027137347787932497,4.9188371904101644e-23
4.4328022857826603,0.0027888230519950582,4.1807000452894151e-23
4.4650163802737914,0.0028656911747893922,3.5523880782259454e-23
4.4972304747649154,0.0029443719654866432,3.0177039568039954e-23
4.5294445692560465,0.0030248985703042151,2.5628175795754433e-23
4.5616586637471777,0.0031073044582814952,2.1759233369283077e-23
4.5938727582383088,0.0031916234158841689,1.8469465163054483e-23
4.6260868527294328,0.0032778895412910064,1.5672918755456383e-23
4.6583009472205639,0.0033661372383597893,1.3296283881555619e-23
4.690515041711695,0.0034564012102658664,1.1277050081673618e-23
4.7227291362028261,0.0035487164528096049,9.5619302859441521e-24
4.7549432306939501,0.0036431182473874286,8.1055123255457261e-24
4.7871573251850812,0.0037396421536219902,6.8691057384672155e-24
4.8193714196762123,0.0038383240016468092,5.8197558622009933e-24
4.8515855141673434,0.0039391998840411771,4.9294011817900684e-24
4.8837996086584674,0.0040423061474113391,4.1741533191828251e-24
4.9160137031495985,0.0041476793836135234,3.5336819864219524e-24
4.9482277976407296,0.0042553564206146187,2.990689747800267e-24
4.9804418921318607,0.0043653743129879576,2.530463602453565e-24
5.0126559866229847,0.0044777703320393681,2.1404922587309956e-24
5.0448700811141158,0.0045925819555607175,1.8101395679544965e-24
5.0770841756052469,0.0047098468572078882,1.5303659548307451e-24
5.109298270096378,0.004829602895499714,1.29349085662879e-24
5.1415123645875092,0.0049518881024358131,1.0929901907113932e-24
5.1737264590786332,0.0050767406717297497,9.2332373369037538e-25
5.2059405535697643,0.0052041989466563698,7.7978803568212391e-25
5.2381546480608954,0.0053343014075101346,6.5839112733496068e-25
5.2703687425520265,0.0054670866586733115,5.557458205085102e-25
5.3025828370431505,0.0056025934152920112,4.689788686302315e-25
5.3347969315342816,0.0057408604895587967,3.9565365093346447e-25
5.3670110260254127,0.0058819267766005738,3.3370438554130857e-25
5.3992251205165438,0.0060258312399714955,2.8138016789389287e-25
5.4314392150076678,0.0061726128967493016,2.3719738036479946e-25
5.4636533094987989,0.0063223108022360938,1.9989923211613281e-25
5.49586740398993,0.0064749640342618726,1.6842137048901156e-25
5.5280814984810611,0.0066306116770928729,1.4186266096572101e-25
5.5602955929721851,0.0067892928049441423,1.1946036578955682e-25
5.5925096874633162,0.0069510464650975358,1.0056906496041645e-25
5.6247237819544473,0.0071159116606264918,8.4642760344973338e-26
5.6569378764455784,0.0072839273327290959,7.121968645368629e-26
5.6891519709367095,0.0074551323426708472,5.9909422103528981e-26
5.7213660654278335,0.0076295654533402825,5.0381957468969869e-26
5.7535801599189647,0.0078072653104190454,4.2358422435377121e-26
5.7857942544100958,0.0079882704231699821,3.5603226001699248e-26
5.8180083489012269,0.0081726191448454697,2.9917393839322941e-26
5.8502224433923509,0.0083603496527216905,2.5132922948296874e-26
5.882436537883482,0.0085514999277601401,2.1107999469873798e-26
5.9146506323746131,0.0087461077339025198,1.7722948807862727e-26
5.9468647268657442,0.0089442105970036472,1.4876806872026951e-26
5.9790788213568682,0.0091458457834064852,1.2484417990245711e-26
6.0112929158479993,0.0093510502781657002,1.0473979274053599e-26
6.0435070103391304,0.0095598607629251622,8.7849633332197393e-27
6.0757211048302615,0.0097723135934559505,7.3663615339459401e-27
6.1079351993213855,0.0099884447768610069,6.1751987507108172e-27
6.1401492938125166,0.010208289948454451,5.1752780028966559e-27
6.1723633883036477,0.01043188434832162,4.3361196896311308e-27
6.2045774827947788,0.010659262797569166,3.6320655064077551e-27
6.2367915772859099,0.010890459674272445,3.0415216871296978e-27
6.2690056717770339,0.011125508889129488,2.5463200863108244e-27
6.301219766268165,0.011364443860829871,2.1311789014350459e-27
6.3334338607592962,0.011607297491149696,1.783247622773762e-27
6.3656479552504273,0.011854102139779494,1.4917231620839825e-27
6.3978620497415513,0.012104889598899318,1.2475261162440043e-27
6.4300761442326824,0.012359691067509143,1.0430278211916e-27
6.4622902387238135,0.012618537125525136,8.7182029161277465e-28
6.4945043332149446,0.012881457707656342,7.2852236187523527e-28
6.5267184277060686,0.013148482077070844,6.0861637703996066e-28
6.5589325221971997,0.013419638798866169,5.0831065773244671e-28
6.5911466166883308,0.013694955713353949,4.2442370328356491e-28
6.6233607111794619,0.013974459909174867,3.542867242950548e-28
6.6555748056705859,0.014258177696255942,2.9566162601045203e-28
6.687788900161717,0.014546134578624251,2.4667201231040693e-28
6.7200029946528481,0.014838355227092585,2.0574515931224295e-28
6.7522170891439792,0.015134863451829763,1.7156322804580481e-28
6.7844311836351032,0.015435682174833237,1.4302225650328454e-28
6.8166452781262343,0.01574083340231781,1.1919770014992207e-28
6.8488593726173654,0.016050338197036919,9.9315483205781364e-29
6.8810734671084965,0.016364216650553608,8.2727686147403592e-29
6.9132875615996277,0.016682487855475936,6.8892132577937015e-29
6.9455016560907517,0.01700516987767646,5.7355254807977705e-29
6.9777157505818828,0.017332279728511028,4.7737715508277166e-29
7.0099298450730139,0.017663833337055585,3.9722345458747612e-29
7.042143939564145,0.017999845522379255,3.3044027111479194e-29
7.074358034055269,0.018340329965871219,2.7481212427204742e-29
7.1065721285464001,0.018685299183641209,2.2848812941438371e-29
7.1387862230375312,0.01903476449901214,1.8992241711590559e-29
7.1710003175286623,0.019388736015123531,1.5782421909345792e-29
7.2032144120197863,0.019747222587666778,1.3111606384212906e-29
7.2354285065109174,0.020110231797771293,1.088987740488266e-29
7.2676426010020485,0.020477769925060733,9.042216720203897e-30
7.2998566954931796,0.020849841920902435,7.5060536917691041e-30
7.3320707899843036,0.021226451381867621,6.2292140592495005e-30
7.3642848844754347,0.021607600523424999,5.1682043496399251e-30
7.3964989789665658,0.021993290153888925,4.2867774053665523e-30
7.4287130734576969,0.022383519648642134,3.554733298087115e-30
7.460927167948828,0.022778286924655868,2.9469172800751715e-30
7.493141262439952,0.023177588415328552,2.4423826266198119e-30
7.5253553569310832,0.02358141904566402,2.0236914291102487e-30
7.5575694514222143,0.023989772207812583,1.6763307678991747e-30
7.5897835459133454,0.024402639736995305,1.3882253601042492e-30
7.6219976404044694,0.024820011887836387,1.1493308525749331e-30
7.6542117348956005,0.025241877311121277,9.5129450884930893e-31
7.6864258293867316,0.025668223031008876,7.8717220060378779e-31
7.7186399238778627,0.026099034422713906,6.5119242574594037e-31
7.7508540183689867,0.026534295190686185,5.3855959317009867e-31
7.7830681128601178,0.026973987347308759,4.4529008556140448e-31
7.8152822073512489,0.027418091192134383,3.6807567622937464e-31
7.84749630184238,0.02786658529168547,3.0416976715031791e-31
7.879710396333504,0.028319446459839418,2.5129266123238003e-31
7.9119244908246351,0.028776649738820919,2.0755270581826359e-31
7.9441385853157662,0.029238168380823167,1.7138066636452363e-31
7.9763526798068973,0.029703973830281009,1.4147512565576951e-31
8.0085667742980284,0.030174035706818005,1.1675706873328461e-31
8.0407808687891524,0.030648321788887767,9.6332118598520038e-32
8.0729949632802835,0.031126797998131835,7.9459142470178476e-32
8.1052090577714146,0.031609428384477146,6.5524161121457087e-32
8.1374231522625458,0.03209617511199328,5.4018671466891178e-32
8.1696372467536698,0.032586998445527281,4.4521640856939577e-32
8.2018513412448009,0.033081856738144205,3.6684555288190056e-32
8.234065435735932,0.033580706419385757,3.0219006979604801e-32
8.2662795302270631,0.03408350198437269,2.4886392874360865e-32
8.2984936247181871,0.034590195983768696,2.0489367425812103e-32
8.3307077192093182,0.035100739014627069,1.6864752875900561e-32
8.3629218137004493,0.035615079712134338,1.3877660109720171e-32
8.3951359081915804,0.036133164742277658,1.1416614721290918e-32
8.4273500026827044,0.036654938795447879,9.3895175325321112e-33
8.4595640971738355,0.037180344580997719,7.7202976223068911e-33
8.4917781916649666,0.037709322822775011,6.346139907914662e-33
8.5239922861560977,0.03824181225564547,5.2151892812710025e-33
8.5562063806472217,0.038777749623022169,4.2846499072261757e-33
8.5884204751383528,0.039317069675418266,3.5192121019140866e-33
8.6206345696294839,0.039859705170039367,2.8897506918633305e-33
8.652848664120615,0.040405586871427604,2.3722482994056794e-33
8.6850627586117461,0.040954643553174401,1.9469049315782757e-33
8.7172768531028701,0.041506802000716513,1.5974018389734531e-33
8.7494909475940013,0.042061987015224622,1.3102930835203548e-33
8.7817050420851324,0.042620121418599784,1.0745027979533882e-33
8.8139191365762635,0.043181126059592949,8.8090989129324311e-34
8.8461332310673875,0.043744919821049062,7.2200508439152875e-34
8.8783473255585186,0.044311419628297953,5.9160775596298914e-34
8.9105614200496497,0.044880540458694426,4.8463223283606235e-34
8.9427755145407808,0.045452195352315643,3.968949434982514e-34
8.9749896090319048,0.04602629542383254,3.249553338585153e-34
9.0072037035230359,0.046602749875553504,2.6598467042436831e-34
9.039417798014167,0.047181466011653073,2.1765787196015898e-34
9.0716318925052981,0.047762349253586904,1.7806435201919533e-34
9.1038459869964221,0.048345303156706092,1.4563455132062401e-34
9.1360600814875532,0.048930229428064062,1.1907941551172237e-34
9.1682741759786843,0.049517027945433105,9.7340550960112701e-35
9.2004882704698154,0.050105596777518767,7.9549185905219855e-35
9.2327023649609465,0.050695832205383512,6.499239071127321e-35
9.2649164594520705,0.051287628745082782,5.3085280837756708e-35
9.2971305539432016,0.051880879171502331,4.3348149208906419e-35
9.3293446484343328,0.052475474543407438,3.5387658988020285e-35
9.3615587429254639,0.053071304229694916,2.8881380030713813e-35
9.3937728374165879,0.053668255936849547,2.3565078043460471e-35
9.425986931907719,0.054266215737599308,1.9222269297966837e-35
9.4582010263988501,0.054865068100765774,1.5675639447923452e-35
9.4904151208899812,0.055464695922303832,1.2779995707710271e-35
9.5226292153811052,0.05606498055752325,1.041647998606071e-35
9.5548433098722363,0.056665801854488489,8.4878186751647155e-36
9.5870574043633674,0.057267038188582295,6.9144244587646117e-36
9.6192714988544985,0.057868566498232986,5.6311981945192799e-36
9.6514855933456225,0.058470262321782603,4.5849058640685715e-36
9.6836996878367536,0.059071999835498719,3.7320277751527677e-36
9.7159137823278847,0.059673651892706375,3.0369954753225818e-36
9.7481278768190158,0.06027509006403358,2.4707468829282772e-36
9.7803419713101469,0.060876184678753956,2.0095425252860531e-36
9.8125560658012709,0.061476804867210071,1.6339959642536195e-36
9.844770160292402,0.062076818604309039,1.3282798722133264e-36
9.8769842547835331,0.062676092754060317,1.0794761153514988e-36
9.9091983492746643,0.063274493115147795,8.7704386898735522e-37
9.9414124437657883,0.063871884467517667,7.1238444828223807e-37
9.9736265382569194,0.0644681306199575,5.7848536559660508e-37
10.00584063274805,0.065063094458643736,4.6962927028877087e-37
10.038054727239182,0.065656637996646977,3.8115600914863083e-37
10.070268821730306,0.066248622424358847,3.0926816582953772e-37
10.102482916221437,0.066838908160828603,2.508721778263374e-37
10.134697010712568,0.067427354905976039,2.0344855745306279e-37
10.166911105203699,0.068013821693662643,1.6494591460843571e-37
10.199125199694823,0.068598166945588498,1.336944397159722e-37
10.231339294185954,0.06918024852599626,1.0833529277958679e-37
10.263553388677085,0.069759923797142062,8.7762989998306097e-38
10.295767483168216,0.070337049675520305,7.1078408308188667e-38
10.327981577659347,0.070911482688798086,5.7550461499230799e-38
10.360195672150471,0.071483079033437549,4.6584856385506283e-38
10.392409766641602,0.072051694632979599,3.7698628011041171e-38
10.424623861132734,0.072617185196937703,3.0499390646900491e-38
10.456837955623865,0.073179406280296566,2.466843589372275e-38
10.489052050114989,0.073738213343557873,1.9946968358252202e-38
10.52126614460612,0.074293461813319986,1.6124899528255599e-38
10.553480239097251,0.074845007143338679,1.3031726881682444e-38
10.585694333588382,0.075392704876045866,1.0529112240278663e-38
10.617908428079506,0.075936410704487506,8.5048444457135516e-39
10.650122522570637,0.076475980534644591,6.8679294904392703e-39
10.682336617061768,0.077011270548095229,5.5445986457947374e-39
10.714550711552899,0.077542137264991928,4.4750638369206047e-39
10.746764806044023,0.07806843760730392,3.6108811067865328e-39
10.778978900535154,0.078590028962293321,2.9128087903864215e-39
10.811192995026286,0.079106769246183178,2.3490680490521272e-39
10.843407089517417,0.07961851696798386,1.8939305642394507e-39
10.875621184008541,0.080125131293425203,1.5265721718716559e-39
10.907835278499672,0.080626472108973585,1.2301426142930815e-39
10.940049372990803,0.081122400085876886,9.9101087271588567e-40
10.972263467481934,0.081612776744200005,7.9815310734106859e-40
11.004477561973065,0.082097464516821914,6.4265639255422033e-40
11.036691656464189,0.082576326813338138,5.1731644995048995e-40
11.06890575095532,0.083049228083835913,4.1631166407282244e-40
11.101119845446451,0.083516033882495247,3.3493898737222332e-40
11.133333939937582,0.083976610930984352,2.6940004294651047e-40
11.165548034428706,0.084430827181592005,2.1662793104409074e-40
11.197762128919837,0.08487855188007512,1.7414703187014958e-40
11.229976223410969,0.085319655628155411,1.3995954932837691e-40
11.2621903179021,0.085754010445651396,1.1245372025442521e-40
11.294404412393224,0.086181489832180491,9.0329572196035776e-41
11.326618506884355,0.086601968828401224,7.2538891204224315e-41
11.358832601375486,0.087015324076750764,5.8236693080814068e-41
11.391046695866617,0.087421433881643168,4.6742004481796706e-41
11.423260790357741,0.087820178269075899,3.7506176505496749e-41
11.455474884848872,0.088211439045612253,3.0087291043445783e-41
11.487688979340003,0.088595099856698278,2.4129493999956795e-41
11.519903073831134,0.088971046244264704,1.9346311494437121e-41
11.552117168322265,0.08933916570359747,1.5507185105453154e-41
11.584331262813389,0.089699347739404148,1.2426608026008501e-41
11.616545357304521,0.090051483921065129,9.955362118000686e-42
11.648759451795652,0.090395467937017832,7.9734515127459223e-42
11.680973546286783,0.090731195648240989,6.3844058529217285e-42
11.713187640777907,0.091058565140790096,5.1106889585289449e-42
11.745401735269038,0.091377476777366726,4.0899994247737697e-42
11.777615829760169,0.091687833247865932,3.2722906943260081e-42
11.8098299242513,0.091989539618880525,2.6173713323097949e-42
11.842044018742424,0.092282503382112274,2.0929730634090234e-42
11.874258113233555,0.092566634501670395,1.6731958174851374e-42
11.906472207724686,0.092841845460215552,1.3372565544563819e-42
11.938686302215817,0.093108051303912989,1.0684827959237145e-42
11.970900396706941,0.093365169686170549,8.53503224132392e-43
12.003114491198072,0.0936131209101283,6.8159693975363195e-43
12.035328585689204,0.093851827969858581,5.4417042078272422e-43
12.067542680180335,0.094081216590268982,4.3433723717067271e-43
12.099756774671466,0.09430121526564747,3.4658042601764013e-43
12.13197086916259,0.094511755296856542,2.764813437887646e-43
12.164184963653721,0.094712770827121873,2.2050196582112232e-43
12.196399058144852,0.094904198876399865,1.7581014548551187e-43
12.228613152635983,0.095085979374307475,1.4013939382731779e-43
12.260827247127107,0.095258055191570989,1.1167639073637796e-43
12.293041341618238,0.095420372169987402,8.8970767735490405e-44
12.325255436109369,0.0955728791508694,7.0862772548428033e-44
12.3574695306005,0.095715528001952405,5.6425286932007959e-44
12.389683625091624,0.095848273642744702,4.4917362363566764e-44
12.421897719582756,0.095971074068304296,3.5746995762569791e-44
12.454111814073887,0.096083890371426242,2.8441315866497807e-44
12.486325908565018,0.09618668676320706,2.2622711441329352e-44
12.518540003056142,0.096279430592007442,1.7989722327790702e-44
12.550754097547273,0.096362092360755242,1.4301747219919442e-44
12.582968192038404,0.096434645742606934,1.136680917168802e-44
12.615182286529535,0.096497067594948319,9.0317700940141158e-45
12.647396381020659,0.09654933797171264,7.1745061560106562e-45
12.67961047551179,0.096591440134030176,5.6976528505081017e-45
12.711824570002921,0.09662336055917066,4.5236062002046633e-45
12.744038664494052,0.096645088947802743,3.5905289286190357e-45
12.776252758985184,0.096656618229539845,2.849160424681329e-45
12.808466853476308,0.096657944566787862,2.2602694237436554e-45
12.840680947967439,0.09664906735687917,1.7926204664239907e-45
12.87289504245857,0.096629989232490929,1.421350951333904e-45
12.905109136949701,0.096600716060361067,1.1266762307763306e-45
12.937323231440825,0.096561256938282464,8.9285672386189445e-46
12.969537325931956,0.096511624190398285,7.073742532668935e-46
13.001751420423087,0.096451833360783598,5.6027540355078003e-46
13.033965514914218,0.096381903205330327,4.4364817497576617e-46
13.066179609405342,0.096301855681939094,3.5120498785679829e-46
13.098393703896473,0.096211715939018463,2.7795051604424914e-46
13.130607798387604,0.096111512302306065,2.199171647697348e-46
13.162821892878735,0.096001276260024651,1.7395447464240595e-46
13.195035987369859,0.09588104244637452,1.3756150386905631e-46
13.227250081860991,0.095750848623382581,1.0875345402146905e-46
13.259464176352122,0.095610735661112972,8.59555724068073e-47
13.291678270843253,0.095460747516267444,6.7918775601094787e-47
13.323892365334384,0.095300931209176931,5.3652565457114304e-47
13.356106459825508,0.095131336799202271,4.2371708092436836e-47
13.388320554316639,0.094952017358581497,3.3453863759681279e-47
13.42053464880777,0.094763028944714681,2.6405927697099856e-47
13.452748743298901,0.09456443057092527,2.0837298315167487e-47
13.484962837790025,0.094356284175712957,1.6438652785366205e-47
13.517176932281156,0.094138654590524645,1.2965099952509071e-47
13.549391026772287,0.09391160950606034,1.022281142531358e-47
13.581605121263419,0.09367521943714481,8.0584156381526911e-48
13.613819215754543,0.093429557686186118,6.3505861431923882e-48
13.646033310245674,0.093174700305251767,5.0033719879525576e-48
13.678247404736805,0.092910726056784396,3.9409108249236235e-48
13.710461499227936,0.09263771637299284,3.1032392267088628e-48
13.74267559371906,0.092355755313941065,2.4429734020476603e-48
13.774889688210191,0.092064929524368552,1.9226802025709142e-48
13.807103782701322,0.091765328189272591,1.5127954304564882e-48
13.839317877192453,0.091457042988283221,1.1899759582039204e-48
13.871531971683584,0.091140168048867626,9.3579561100291641e-49
13.903746066174708,0.090814799898392834,7.3571338003185573e-49
13.935960160665839,0.090481037415081039,5.7825731917196842e-49
13.968174255156971,0.090138981777898447,4.5437921423532513e-49
14.000388349648102,0.089788736415403428,3.5694442851731953e-49
14.032602444139226,0.089430406953598288,2.8032871902779219e-49
14.064816538630357,0.089064101162822443,2.2009967999125155e-49
14.097030633121488,0.088689928903711537,1.7276511889744989e-49
14.129244727612619,0.088308002072279762,1.3557435572721268e-49
14.161458822103743,0.087918434544146287,1.0636135680532439e-49
14.193672916594874,0.087521342117958381,8.3420928999749701e-50
14.225887011086005,0.087116842458036428,6.5411033152649539e-50
14.258101105577136,0.086705055036296177,5.1275727306057115e-50
14.29031520006826,0.086286101073478894,4.0184399546679218e-50
14.322529294559391,0.085860103479724184,3.1483859888595019e-50
14.354743389050522,0.085427186794549734,2.4660580321804349e-50
14.386957483541654,0.084987477126243424,1.9310941461505921e-50
14.419171578032778,0.084541102090741144,1.5117794444348997e-50
14.451385672523909,0.084088190750020067,1.1832002649410016e-50
14.48359976701504,0.08362887355003866,9.2579091393495982e-51
14.515813861506171,0.083163282258280846,7.2418980009893342e-51
14.548027955997302,0.082691549900941422,5.663393354255564e-51
14.580242050488426,0.08221381069978527,4.4277784646067316e-51
14.612456144979557,0.0817302000087365,3.460826870959671e-51
14.644670239470688,0.081240854250228159,2.7043238492953322e-51
14.676884333961819,0.080745910851362832,2.1126247137596281e-51
14.709098428452943,0.08024550817991459,1.6499502420110109e-51
14.741312522944074,0.079739785480227185,1.2882619279864504e-51
14.773526617435206,0.079228882809038934,1.0055932069386903e-51
14.805740711926337,0.078712940971280801,7.8473915619735759e-52
14.837954806417461,0.078192101455887966,6.1222794514726404e-52
14.870168900908592,0.077666506371661573,4.7751366976917801e-52
14.902382995399723,0.077136298383230925,3.7234309279845299e-52
14.934597089890854,0.076601620647140156,2.9025895584692966e-52
14.966811184381978,0.076062616748115333,2.2621051531923654e-52
14.999025278873109,0.075519430635540688,1.7624823769774203e-52
15.03123937336424,0.07497220656018698,1.3728453306243273e-52
15.063453467855371,0.074421089011228944,1.0690629342699802e-52
15.095667562346502,0.073866222653589345,8.3228059175961065e-53
15.127881656837626,0.073307752265649201,6.4777039548935433e-53
15.160095751328758,0.072745822677358879,5.0403101163618533e-53
15.192309845819889,0.072180578708784859,3.9208321814257483e-53
15.22452394031102,0.071612165109132306,3.0491871696234969e-53
15.256738034802144,0.071040726496276088,2.3706898858756083e-53
15.288952129293275,0.070466407296829028,1.8426813643202595e-53
15.321166223784406,0.069889351686793943,1.4318930269479099e-53
15.353380318275537,0.069309703532820108,1.1123865734166226e-53
15.385594412766661,0.068727606334099869,8.6394428476352274e-54
15.417808507257792,0.068143203164943961,6.708116051631717e-54
15.450022601748923,0.067556636618054583,5.2071517266175818e-54
15.482236696240054,0.066968048748535625,4.0409616701363012e-54
15.514450790731178,0.066377581018663742,3.1351192402890415e-54
15.546664885222309,0.065785374243452557,2.4316901144091487e-54
15.578878979713441,0.065191568537034575,1.8855898372368663e-54
15.611093074204572,0.064596303259888785,1.4617431320738531e-54
15.643307168695703,0.063999716966938583,1.1328690938539842e-54
15.675521263186827,0.063401947356548888,8.7775483279855716e-55
15.707735357677958,0.06280313122044151,6.7991021083141507e-55
15.739949452169089,0.062203404394553262,5.2651982850102493e-55
15.77216354666022,0.061602901710861614,4.0762680278842662e-55
15.804377641151344,0.061001756950198618,3.1549724234021282e-55
15.836591735642475,0.060400102796067341,2.4412555083741547e-55
15.868805830133606,0.059798070789492147,1.8884945616698639e-55
15.901019924624737,0.059195791284910197,1.4605050885923376e-55
15.933234019115861,0.058593393407126222,1.1292113742203436e-55
15.965448113606993,0.057991005009349117,8.7283518977788591e-56
15.997662208098124,0.057388752632321162,6.7448777735705659e-56
16.029876302589255,0.056786761464562172,5.2107562072466896e-56
16.062090397080379,0.056185155303729084,4.0245030296434297e-56
16.09430449157151,0.055584056519121995,3.1074818192260281e-56
16.126518586062641,0.054983586015330585,2.3987764020050372e-56
16.158732680553772,0.054383863197042949,1.8512103632541906e-56
16.190946775044896,0.053785005935023757,1.4282578230018723e-56
16.223160869536027,0.053187130533269573,1.1016465628950966e-56
16.255374964027158,0.05259035169734641,8.4949883916171944e-57
16.287589058518289,0.051994782503927292,6.5488965378245129e-57
16.319803153009421,0.051400534371520847,5.0472905114538528e-57
16.352017247500545,0.05080771703240574,3.8889585060011463e-57
16.384231341991676,0.050216438505776458,2.9956643414210625e-57
16.416445436482807,0.049626805072094507,2.3069480989235513e-57
16.448659530973938,0.049038921248654013,1.776099662540002e-57
16.480873625465062,0.048452889766363694,1.3670414190405451e-57
16.513087719956193,0.047868811547741308,1.0519154847250046e-57
16.545301814447324,0.047286785686121983,8.0921673732528549e-58
16.577515908938455,0.046706909426080662,6.2234857456578497e-58
16.609730003429579,0.046129278145063776,4.7850598605353729e-58
16.64194409792071,0.04555398533622787,3.678119920010855e-58
16.674158192411841,0.044981122592481562,2.8265015498012693e-58
16.706372286902972,0.044410779591727165,2.1714878553013625e-58
16.738586381394096,0.043843044083292461,1.6678247535882286e-58
16.770800475885228,0.043278001875551218,1.2806435290777394e-58
16.803014570376359,0.042715736824719089,9.8308470013857855e-59
16.83522866486749,0.042156330824824562,7.5446387278795791e-59
16.867442759358621,0.041599863798839717,5.7885633907819845e-59
16.899656853849745,0.041046413690961965,4.4400511401207843e-59
16.931870948340876,0.040496056460040411,3.4047872865276381e-59
16.964085042832007,0.039948866074132769,2.6102183026335157e-59
16.996299137323138,0.039404914506181443,2.0005458539591594e-59
17.028513231814262,0.038864271730796589,1.5328689366641245e-59
17.060727326305393,0.038327005722132844,1.174211610336226e-59
17.092941420796524,0.03779318245285028,8.9923365127319639e-60
17.125155515287656,0.037262865894135501,6.8846769223904698e-60
17.15736960977878,0.036736118016779735,5.2696213827067642e-60
17.189583704269911,0.036212998793290894,4.0323673916941956e-60
17.221797798761042,0.03569356620102488,3.0847900339873082e-60
17.254011893252173,0.03517787622632261,2.3592608328304104e-60
17.286225987743297,0.034665982869633356,1.8038945238611945e-60
17.318440082234428,0.034157938151605803,1.3788948708371962e-60
17.350654176725559,0.033653792120133433,1.0537461617527573e-60
17.38286827121669,0.03315359285833025,8.0505525454366698e-61
17.415082365707821,0.032657386493422404,6.1489392994669403e-61
17.447296460198945,0.032165217206534542,4.695259027261881e-61
17.479510554690076,0.031677127243352615,3.584294951154813e-61
17.511724649181208,0.031193156925640141,2.7354750519295855e-61
17.543938743672339,0.03071334466359385,2.08711610705109e-61
17.576152838163463,0.030237726969010094,1.5920081795499183e-61
17.608366932654594,0.029766338469248203,1.214028307932155e-61
17.640581027145725,0.029299211921966595,9.2554420463328467e-62
17.672795121636856,0.028836378230610121,7.0542419584263458e-62
17.70500921612798,0.028377866460628155,5.3751225621073557e-62
17.737223310619111,0.027923703856399765,4.0945975723837643e-62
17.769437405110242,0.027473915858848952,3.1183073006373983e-62
17.801651499601373,0.027028526123721051,2.3741679175570004e-62
17.833865594092497,0.026587556540502481,1.807127463920396e-62
17.866079688583628,0.026151027251960588,1.3751528522855271e-62
17.898293783074759,0.025718956674283307,1.046159722158269e-62
17.930507877565891,0.025291361517788803,7.9566425961115085e-63
17.962721972057015,0.024868256808194249,6.0498769171684451e-63
17.994936066548146,0.024449655908408207,4.5988374730704008e-63
18.027150161039277,0.024035570540835577,3.4948972940025901e-63
18.059364255530408,0.02362601081016532,2.6552511590844034e-63
18.091578350021539,0.023220985226618751,2.0167944165882866e-63
18.123792444512663,0.022820500729640904,1.5314488188720703e-63
18.156006539003794,0.022424562712008274,1.1625942689590214e-63
18.188220633494925,0.022033175044328702,8.8234555446946637e-64
18.220434727986056,0.02164634009991883,6.694745310644984e-64
18.25264882247718,0.021264058780028114,5.078252034252786e-64
18.284862916968311,0.020886330539392487,3.8510510545443418e-64
18.317077011459443,0.020513153412095985,2.9196388568209546e-64
18.349291105950574,0.020144524037715016,2.2129103869976974e-64
18.381505200441698,0.019780437687728296,1.676808061639743e-64
18.413719294932829,0.019420888292166254,1.2702456399771419e-64
18.44593338942396,0.019065868466483487,9.6200406275143662e-65
18.478147483915091,0.018715369538630247,7.2836812702310777e-65
18.510361578406215,0.018369381576303134,5.5132767535745801e-65
18.542575672897346,0.018027893414353787,4.1720882644777526e-65
18.574789767388477,0.017690892682338054,3.1563271829407489e-65
18.607003861879608,0.017358365832182237,2.3872361205192952e-65
18.639217956370739,0.017030298165948966,1.8050680204972002e-65
18.671432050861863,0.016706673863683127,1.3645096167261712e-65
18.703646145352995,0.016387476011317188,1.0312037013270451e-65
18.735860239844126,0.01607268662862063,7.79107094753111e-66
18.768074334335257,0.01576228669717088,5.8848403966742184e-66
18.800288428826381,0.015456256188331331,4.4438260660739178e-66
18.832502523317512,0.015154574091216219,3.3547815736986965e-66
18.864716617808643,0.014857218440626591,2.531956729989582e-66
18.896930712299774,0.014564166344939634,1.9104388609639221e-66
18.929144806790898,0.014275394013934706,1.4411024001832802e-66
18.961358901282029,0.01399087678654027,1.0867793379991085e-66
18.99357299577316,0.013710589158485345,8.1935618814662724e-67
19.025787090264291,0.013434504809840103,6.1757390465845697e-67
19.058001184755415,0.01316259663243181,4.6536098403844171e-67
19.090215279246546,0.012894836757117969,3.5057087704785983e-67
19.122429373737678,0.012631196580907045,2.6402590186987202e-67
19.154643468228809,0.012371646793909135,1.9879344872944774e-67
19.18685756271994,0.012116157406104305,1.4963818605951414e-67
19.219071657211064,0.011864697773916641,1.1260758263748747e-67
19.251285751702195,0.011617236626579352,8.4718385301493878e-68
19.283499846193326,0.011373742092280335,6.3719526151586504e-68
19.315713940684457,0.011134181724075487,4.7912875839796065e-68
19.347928035175581,0.010898522525558325,3.6017766153740504e-68
19.380142129666712,0.010666730976275558,2.7068621712955973e-68
19.412356224157843,0.010438773056877628,2.0337630149054291e-68
19.444570318648974,0.010214614273993681,1.5276342302240401e-68
19.476784413140098,0.0099942196848222947,1.1471580335763064e-68
19.50899850763123,0.0097775539214271078,8.6121573112011389e-69
19.541212602122361,0.0095645812147302032,6.4637639942809351e-69
19.573426696613492,0.0093552654181931118,4.8500237087291027e-69
19.605640791104616,0.0091495700311789042,3.638204157400924e-69
19.637854885595747,0.0089474582219859679,2.72844437130078e-69
19.670068980086878,0.0087488928505482354,2.0456341964656043e-69
19.702283074578009,0.0085538364907928443,1.53329486137589e-69
19.734497169069133,0.0083622514526511208,1.1489687557307763e-69
19.766711263560264,0.0081740998037140022,8.6074714588736017e-70
19.798925358051395,0.0079893433905296497,6.4465565594383285e-70
19.831139452542526,0.0078079438595346374,4.8268614940347279e-70
19.863353547033658,0.0076298626776165317,3.613155978418453e-70
19.895567641524782,0.0074550611523012157,2.7039173793477314e-70
19.927781736015913,0.0072835004515625313,2.0229491105912722e-70
19.959995830507044,0.0071151416232497922,1.513078053157249e-70
19.992209924998175,0.0069499456141291901,1.1314165829382847e-70
20.024424019489299,0.0067878732885373414,8.4580175371099624e-71
20.05663811398043,0.0066288854466432408,6.3211989079566705e-71
20.088852208471561,0.006472942842316874,4.7229697626978798e-71
20.121066302962692,0.0063200062006022947,3.5278954606296207e-71
20.153280397453816,0.0061700362347936414,2.6345174745838039e-71
20.185494491944947,0.0060229936631123028,1.9668502405374569e-71
20.217708586436078,0.0058788392249855895,1.4680009496493605e-71
20.249922680927209,0.0057375336969241924,1.0953835471420371e-71
20.282136775418333,0.0055990379079999741,8.1712956464238234e-72
20.314350869909465,0.0054633127549229112,6.0939721937247742e-72
20.346564964400596,0.005330319216717931,4.5435451292765756e-72
20.378779058891727,0.005200018369001665,3.3866791775097225e-72
20.410993153382858,0.0050723713978606767,2.5237021790062255e-72
20.443207247873982,0.0049473396133314666,1.8801261133906366e-72
20.475421342365113,0.0048248844624840742,1.4002987265086015e-72
20.507635436856244,0.004704967542110648,1.0426516620990673e-72
20.539849531347375,0.004587550611021082,7.7614456301434245e-73
20.572063625838499,0.0044725956019472657,5.7760485215018236e-73
20.60427772032963,0.0043600646330590785,4.2973812022824898e-73
20.636491814820761,0.0042499200190939642,3.1964046984836924e-73
20.668705909311893,0.0041421242821030853,2.3768647756519516e-73
20.700920003803017,0.0040366401618172334,1.7669815809976512e-73
20.733134098294148,0.0039334306256353048,1.3132409116825258e-73
20.765348192785279,0.0038324588782390786,9.7575687308197598e-74
20.79756228727641,0.0037336883708376321,7.2480915098623966e-74
20.829776381767534,0.0036370828100451306,5.3825807049304465e-74
20.861990476258665,0.0035426061663959688,3.9961544597946881e-74
20.894204570749796,0.00345022268250146,2.9660523774238284e-74
20.926418665240927,0.0033598968808519593,2.20089943672069e-74
20.958632759732058,0.00327159357126924,1.6327000882216068e-74
20.990846854223182,0.0031852778580131282,1.2108698532670927e-74
21.023060948714313,0.0031009151465476508,8.9778707963866256e-75
21.055275043205445,0.0030184711499708955,6.6547856107602121e-75
21.087489137696576,0.0029379118951139908,4.9315066193077032e-75
21.1197032321877,0.0028592037283136154,3.6535075194837337e-75
21.151917326678831,0.0027823133208638774,2.7059839996083044e-75
21.184131421169962,0.0027072076741522029,2.0036657599166585e-75
21.216345515661093,0.0026338541244847451,1.4832356754041419e-75
21.248559610152217,0.0025622203476067039,1.0976904414543421e-75
21.280773704643348,0.0024922743629229517,8.1214660983939503e-76
21.312987799134479,0.0024239845374246444,6.0072239489702487e-76
21.34520189362561,0.0023573195893272546,4.4421993406678283e-76
21.377415988116734,0.0022922485914255914,3.2840298620336352e-76
21.409630082607865,0.0022287409741720238,2.4271744143302523e-76
21.441844177098996,0.0021667665284827485,1.7934104950644949e-76
21.474058271590128,0.0021062954082789668,1.3247784719201262e-76
21.506272366081252,0.0020472981327678114,9.7834414630789316e-77
21.538486460572383,0.0019897455884695762,7.2231207197903925e-77
21.570700555063514,0.0019336090309966627,5.3314203988384029e-77
21.602914649554645,0.0018788600865904447,3.93410384140358e-77
21.635128744045776,0.0018254707534216359,2.9022414627595038e-77
21.6673428385369,0.0017734134026603729,2.1404549875157586e-77
21.699556933028031,0.001722660779321686,1.5782052723876893e-77
21.731771027519162,0.0016731860028922812,1.1633374636370947e-77
21.763985122010293,0.0016249625677447386,8.5729989796085229e-78
21.796199216501417,0.0015779643433445295,6.3160369718461216e-78
21.828413310992548,0.0015321655742562409,4.6520180239008526e-78
21.86062740548368,0.0014875408799544805,3.4254919203247761e-78
21.892841499974811,0.0014440652544454552,2.5216763184482662e-78
21.925055594465935,0.0014017140657046553,1.855840149090863e-78
21.957269688957066,0.0013604630549369633,1.3654525903725512e-78
21.989483783448197,0.0013202883356643398,1.0043787578661941e-78
22.021697877939328,0.0012811663926469491,7.3858969844381619e-79
22.053911972430452,0.0012430740806434084,5.4299246948839431e-79
22.086126066921583,0.0012059886230155927,3.990884883927137e-79
22.118340161412714,0.0011698876101835331,2.9324419841902674e-79
22.150554255903845,0.0011347489979359052,2.1541428028853581e-79
22.182768350394976,0.0011005511056014325,1.581992373154042e-79
22.2149824448861,0.0010672726140865743,1.161499732759566e-79
22.247196539377232,0.0010348925637847328,8.5254767948225413e-80
22.279410633868363,0.0010033903523623022,6.256091222531614e-80
22.311624728359494,0.00097274573242643202,4.5895732161535438e-80
22.343838822850618,0.00094293880907988083,3.3660949769886177e-80
22.376052917341749,0.00091395003736765787,2.4681142685189487e-80
22.40826701183288,0.00088576021962063806,1.8092100575920087e-80
22.440481106324011,0.00085835050270075127,1.3258596614044229e-80
22.472695200815135,0.00083170237515264747,9.7138402177837707e-81
22.504909295306266,0.00080579766426648386,7.1149063335353714e-81
22.537123389797397,0.00078061853305640594,5.209934366735174e-81
22.569337484288528,0.00075614747715930272,3.8139952779806621e-81
22.601551578779652,0.00073236732165816792,2.7913409279885554e-81
22.633765673270783,0.000709261217834495,2.0423513159919131e-81
22.665979767761915,0.00068681263985401815,1.4939389462543194e-81
22.698193862253046,0.0006650053813897931,1.0924965711906369e-81
22.730407956744177,0.00064382355218690424,7.987155682224628e-82
22.762622051235301,0.00062325157457269814,5.8377978226713713e-82
22.794836145726432,0.00060327417991645261,4.2657046709296334e-82
22.827050240217563,0.00058387640504238808,3.1161428071973346e-82
22.859264334708694,0.00056504358859961674,2.2757720217808411e-82
22.891478429199818,0.00054676136739285062,1.6615942823729267e-82
22.923692523690949,0.0005290156726772548,1.2128471106115122e-82
22.95590661818208,0.00051179272642106681,8.8505846537898291e-83
22.988120712673211,0.00049507903753923349,6.4568797213115314e-83
23.020334807164335,0.00047886139810143297,4.7093206967938171e-83
23.052548901655467,0.00046312687951765934,3.4338290430187623e-83
23.084762996146598,0.00044786282870448388,2.503132889102523e-83
23.116977090637729,0.00043305686423500292,1.8242064088278149e-83
23.149191185128853,0.00041869687247541812,1.329073140757845e-83
23.181405279619984,0.00040477100371110798,9.6807414066671216e-84
23.213619374111115,0.00039126766826492386,7.0494168276120313e-84
23.245833468602246,0.00037817553261040317,5.1319521226300549e-84
23.27804756309337,0.00036548351548249246,3.7350535685098077e-84
23.310261657584501,0.0003531807839882494,2.7176649129151889e-84
23.342475752075632,0.00034125674971999286,1.9768777501893919e-84
23.374689846566763,0.00032970106487320767,1.43763472130438e-84
23.406903941057895,0.00031850361837142214,1.0452065593410606e-84
23.439118035549019,0.00030765453200032626,7.5969721365813354e-85
23.47133213004015,0.00029714415655309341,5.5203139075669342e-85
23.503546224531281,0.00028696306798905611,4.0102537025747241e-85
23.535760319022412,0.00027710206360752186,2.9124921023505838e-85
23.567974413513536,0.00026755215823871895,2.1146694827503826e-85
23.600188508004667,0.00025830458045354065,1.5349883126644445e-85
23.632402602495798,0.00024935076879388079,1.113916102261543e-85
23.664616696986929,0.00024068236802511099,8.0813650376278066e-86
23.696830791478053,0.00023229122541232761,5.8614059455967865e-86
23.729044885969184,0.00022416938702178024,4.2501446413778189e-86
23.761258980460315,0.00021630909404897605,3.0809911699012199e-86
23.793473074951446,0.0002087027791747409,2.2328627605101948e-86
23.82568716944257,0.00020134306295054233,1.6177761974495823e-86
23.857901263933702,0.00019422275021428403,1.171816706944772e-86
23.890115358424833,0.00018733482653772657,8.4856626741799604e-87
23.922329452915964,0.00018067245470659512,6.1432285803453491e-87
23.954543547407095,0.00017422897123442439,4.4462350739536143e-87
23.986757641898219,0.00016799788291106996,3.2171625094795307e-87
24.01897173638935,0.00016197286338680907,2.3272252033126343e-87
24.051185830880481,0.00015614774979287821,1.6830176003456116e-87
24.083399925371612,0.00015051653939920193,1.2168127100422848e-87
24.115614019862736,0.00014507338631007609,8.7951581032077969e-88
24.147828114353867,0.0001398125981984595,6.3554806066026301e-88
24.180042208844998,0.00013472863307951961,4.5913243954155142e-88
24.21225630333613,0.00012981609612398721,3.3159837436225703e-88
24.244470397827254,0.00012506973651184604,2.3942618232699219e-88
24.276684492318385,0.00012048444432683685,1.7282864390712401e-88
24.308898586809516,0.00011605524749220915,1.2472245118107272e-88
24.341112681300647,0.00011177730874808597,8.9982568633615764e-89
24.373326775791771,0.00010764592267079958,6.4901833928343373e-89
24.405540870282902,0.00010365651273447109,4.6799410751271112e-89
24.437754964774033,9.9804628415113913e-05,3.3737168846401641e-89
24.469969059265164,9.608594233745061e-05,2.4314297042562176e-89
24.502183153756295,9.2496247464630808e-05,1.7518609622901966e-89
24.534397248247419,8.9031454330982959e-05,1.261892577344404e-89
24.56661134273855,8.5687588317902432e-05,9.0871975631067894e-90
24.598825437229682,8.2460786972942142e-05,6.5421784782772975e-90
24.631039531720813,7.9347297372132206e-05,4.7086850158035631e-90
24.663253626211937,7.6343473525537856e-05,3.3881429447555931e-90
24.695467720703068,7.3445773826009495e-05,2.4372980647436169e-90
24.727681815194199,7.0650758541083823e-05,1.7528324155549357e-90
24.75989590968533,6.7955087347925478e-05,1.2602508013548938e-90
24.792110004176454,6.5355516911198836e-05,9.058544080556162e-91
24.824324098667585,6.2848898503726992e-05,6.5094553951872961e-91
24.856538193158716,6.0432175669769835e-05,4.6764440472344948e-91
24.888752287649847,5.8102381930718192e-05,3.3587034713628946e-91
24.920966382140971,5.5856638532991539e-05,2.4116396606346604e-91
24.953180476632102,5.3692152237902806e-05,1.7311631754112724e-91
24.985394571123233,5.1606213153223716e-05,1.242362766004559e-91
25.017608665614365,4.9596192606175093e-05,8.9134058642271502e-92
25.049822760105489,4.7659541057538703e-05,6.3932806749645377e-92
25.08203685459662,4.5793786056572182e-05,4.5844653386894526e-92
25.114250949087751,4.3996530236401556e-05,3.2865364228263484e-92
25.146465043578882,4.2265449349526795e-05,2.3554453883454591e-92
25.178679138070013,4.0598290343085633e-05,1.6876891674817868e-92
25.210893232561137,3.8992869473491281e-05,1.2089176545842471e-92
25.243107327052268,3.7447070460048436e-05,8.6573666455762589e-93
25.275321421543399,3.595884267714855e-05,6.198116498695472e-93
25.30753551603453,3.452619938461664e-05,4.4362753380014094e-93
25.339749610525654,3.3147215995793699e-05,3.1744031720634058e-93
25.371963705016785,3.1820028382899767e-05,2.2708607799910181e-93
25.404177799507917,3.0542831219249396e-05,1.6240663518854724e-93
25.436391893999048,2.9313876357844252e-05,1.1611861871271634e-93
25.468605988490172,2.8131471245891795e-05,8.3001279485749421e-94
25.500820082981303,2.69939773747701e-05,5.9313362758457417e-94
25.533034177472434,2.5899808764968422e-05,4.2374554016891022e-94
25.565248271963565,2.4847430485510823e-05,3.0265131653076414e-94
25.597462366454689,2.3835357207383137e-05,2.1610500641442642e-94
25.62967646094582,2.2862151790459829e-05,1.542666051738281e-94
25.661890555436951,2.1926423903445274e-05,1.1009405053645335e-94
25.694104649928082,2.102682867631487e-05,7.8548991238479261e-95
25.726318744419213,2.0162065384764956e-05,5.602762423151123e-95
25.758532838910337,1.9330876166155093e-05,3.9952930160932316e-95
25.790746933401469,1.8532044766441122e-05,2.8482617563451003e-95
25.8229610278926,1.7764395317589866e-05,2.0299997983653882e-95
25.855175122383731,1.7026791144959883e-05,1.4464283472457316e-95
25.887389216874855,1.631813360414384e-05,1.0303450476044701e-95
25.919603311365986,1.5637360946759016e-05,7.3375873620850767e-96
25.951817405857117,1.4983447214677158e-05,5.2240667293195728e-96
25.984031500348248,1.435540116218454e-05,3.7183389855792787e-96
26.016245594839372,1.3752265205563219e-05,2.6459039707090372e-96
26.048459689330503,1.3173114399588637e-05,1.8822790549259048e-96
26.080673783821634,1.2617055440441244e-05,1.3386861644190864e-96
26.112887878312765,1.2083225694524285e-05,9.5182777524352748e-97
26.145101972803889,1.1570792252696114e-05,6.7658568721095686e-97
26.17731606729502,1.1078951009414649e-05,4.8080842879986815e-97
26.209530161786152,1.0606925766303972e-05,3.4159080537884328e-97
26.241744256277283,1.0153967359652652e-05,2.4261916608870049e-97
26.273958350768414,9.7193528113577788e-06,1.7227762370772216e-97
26.306172445259538,9.3023845028325207e-06,1.2229747019101918e-97
26.338386539750669,8.902389371399793e-06,8.67942406206497e-98
26.3706006342418,8.5187181286987462e-06,6.1581345801525128e-98
26.402814728732931,8.1507445006352118e-06,4.3680970344754581e-98
26.435028823224055,7.7978644884117455e-06,3.0975634604908205e-98
26.467242917715186,7.4594956501780984e-06,2.1960032651759093e-98
26.499457012206317,7.1350764028501003e-06,1.556433551057718e-98
26.531671106697448,6.8240653436454795e-06,1.102841296688527e-98
26.563885201188572,6.5259405908957811e-06,7.8123247834603251e-99
26.596099295679704,6.2401991436949083e-06,5.532639759960897e-99
26.628313390170835,5.9663562599547027e-06,3.917142136318549e-99
26.660527484661966,5.7039448524380365e-06,2.7726247854818346e-99
26.69274157915309,5.4525149023521361e-06,1.9619941385001842e-99
26.724955673644221,5.2116328900857052e-06,1.3879989691303082e-99
26.757169768135352,4.980881242682426e-06,9.8166976515872186e-100
26.789383862626483,4.7598577976484199e-06,6.9410715376563059e-100
26.821597957117607,4.548175282696803e-06,4.9065074131373228e-100
26.853812051608738,4.3454608110402531e-06,3.4673943076756387e-100
26.886026146099869,4.1513553918475804e-06,2.4497334822962853e-100
26.918240240591,3.9655134554866719e-06,1.7302915140697765e-100
26.950454335082132,3.7876023931830481e-06,1.2218124644109779e-100
26.982668429573256,3.6173021107287684e-06,8.6253089175793308e-101
27.014882524064387,3.4543045958835667e-06,6.0873685905588529e-101
27.047096618555518,3.2983134991166269e-06,4.2950613683633978e-101
27.079310713046649,3.1490437273419656e-06,3.0296606167118993e-101
27.111524807537773,3.0062210503093365e-06,2.1365025873264663e-101
27.143738902028904,2.8695817193168126e-06,1.5062522142738689e-101
27.175952996520035,2.7388720979189419e-06,1.0616388607139739e-101
27.208167091011166,2.6138483043092472e-06,7.4806743574052703e-102
27.24038118550229,2.4942758650640141e-06,5.2697440963388802e-102
27.272595279993421,2.3799293799382718e-06,3.7112749972350603e-102
27.304809374484552,2.270592197413443e-06,2.6130130533058981e-102
27.337023468975683,2.1660561007004093e-06,1.8392673282400133e-102
27.369237563466807,2.0661210039088893e-06,1.29429408691117e-102
27.401451657957939,1.9705946580997014e-06,9.1055442959162499e-103
27.43366575244907,1.8792923669432205e-06,6.404182351347307e-103
27.465879846940201,1.7920367117118537e-06,4.5030451459812294e-103
27.498093941431332,1.708657285342044e-06,3.165437524308586e-103
27.530308035922456,1.6289904353058843e-06,2.2245697393917293e-103
27.562522130413587,1.5528790150388045e-06,1.5629429930666076e-103
27.594736224904718,1.4801721436755864e-06,1.0978046954846206e-103
27.626950319395849,1.4107249738521267e-06,7.7088902690310831e-104
27.659164413886973,1.3443984673366821e-06,5.4118216695370228e-104
27.691378508378104,1.2810591782591841e-06,3.7982183217016954e-104
27.723592602869235,1.2205790437134325e-06,2.6650244950472209e-104
27.755806697360367,1.1628351815114556e-06,1.8694218716165884e-104
27.788020791851491,1.1077096948754844e-06,1.3109866447958248e-104
27.820234886342622,1.0550894838576051e-06,9.1912387866732061e-105
27.852448980833753,1.004866063282935e-06,6.4422068373066996e-105
27.884663075324884,9.5693538701651189e-07,4.5141928997987885e-105
27.916877169816008,9.1119767835967327e-07,3.162353357925788e-105
27.949091264307139,8.6755726638645174e-07,2.2147540885891039e-105
27.98130535879827,8.259224280352561e-07,1.5506916984737439e-105
28.013519453289401,7.8620523577595251e-07,1.085451055765457e-105
28.045733547780532,7.4832141067719972e-07,7.595910911858496e-106
28.077947642271656,7.1219018070327609e-07,5.3141561716288003e-106
28.110161736762787,6.7773414407443733e-07,3.7168377007020464e-106
28.142375831253919,6.4487913752907794e-07,2.5989487507737386e-106
28.17458992574505,6.1355410933029575e-07,1.8167981011084359e-106
28.206804020236174,5.8369099686389872e-07,1.2696980499504853e-106
28.239018114727305,5.5522460867885657e-07,8.8711326135368809e-107
28.271232209218436,5.2809251082555983e-07,6.1964439277808781e-107
28.303446303709567,5.0223491735091597e-07,4.3270390072436667e-107
28.335660398200691,4.7759458481365131e-07,3.0208136157183415e-107
28.367874492691822,4.5411671068662648e-07,2.1083459964777263e-107
28.400088587182953,4.3174883551717375e-07,1.4711083844383347e-107
28.432302681674084,4.1044074871973425e-07,1.0262006643074626e-107
28.464516776165208,3.9014439787900912e-07,7.1565670714188513e-108
28.496730870656339,3.7081380144516287e-07,4.9895575234435228e-108
28.52894496514747,3.5240496470625079e-07,3.4777964155649953e-108
28.561159059638602,3.3487579892622031e-07,2.4234335213461968e-108
28.593373154129733,3.1818604354025854e-07,1.6882738737734063e-108
28.625587248620857,3.0229719130252261e-07,1.1758164243948636e-108
28.657801343111988,2.8717241628424173e-07,8.1869281422998026e-109
28.690015437603119,2.7277650462350943e-07,5.6988505561131145e-109
28.72222953209425,2.5907578793085028e-07,3.9658692495231383e-109
28.754443626585374,2.4603807925772001e-07,2.7591438860106227e-109
28.786657721076505,2.3363261153787717e-07,1.9190891044667913e-109
28.818871815567636,2.2182997841440933e-07,1.3344452623605322e-109
28.851085910058767,2.1060207736782926e-07,9.276651085864974e-110
28.883300004549891,1.9992205506336272e-07,6.4471312831697051e-110
28.915514099041022,1.8976425483812213e-07,4.4794700700488174e-110
28.947728193532154,1.8010416625134739e-07,3.1115128444217764e-110
28.979942288023285,1.7091837662334188e-07,2.1607344224263246e-110
29.012156382514409,1.6218452449114352e-07,1.5000855130139895e-110
29.04437047700554,1.5388125491123222e-07,1.0411552101443164e-110
29.076584571496671,1.4598817654191508e-07,7.2243665025307725e-111
29.108798665987802,1.3848582044013454e-07,5.0115134167070214e-111
29.141012760478926,1.3135560050962839e-07,3.4755445373362199e-111
29.173226854970057,1.2457977553944918e-07,2.4096926475929344e-111
29.205440949461188,1.1814141277386429e-07,1.6702646150771296e-111
29.237655043952319,1.1202435295658952e-07,1.1574273546369163e-111
29.26986913844345,1.062131767942629e-07,8.018387449356008e-112
29.302083232934574,1.0069317278588945e-07,5.5534794164806385e-112
29.334297327425706,9.5450306366790382e-08,3.8452814167030345e-112
29.366511421916837,9.0471190317346205e-08,2.6618030928118209e-112
29.398725516407968,8.5743056388516153e-08,1.8420802879471029e-112
29.430939610899092,8.1253728097750315e-08,1.2744594406259343e-112
29.463153705390223,7.6991594650533309e-08,8.8151217684486319e-113
29.495367799881354,7.2945585944339166e-08,6.0955857711289796e-113
29.527581894372485,6.9105148613264801e-08,4.2139309121466768e-113
29.559795988863609,6.5460223073091869e-08,2.9123543099927789e-113
29.59201008335474,6.2001221527934905e-08,2.0122680920013507e-113
29.624224177845871,5.8719006900999474e-08,1.3899920171851441e-113
29.656438272337002,5.5604872653303958e-08,9.5989472494867586e-114
29.688652366828126,5.2650523455512875e-08,6.6270422230916391e-114
29.720866461319257,4.9848056679265845e-08,4.5740478535227013e-114
29.753080555810389,4.7189944675622486e-08,3.1562144494212062e-114
29.78529465030152,4.4669017809363906e-08,2.1772943081339665e-114
29.817508744792651,4.2278448219081982e-08,1.5015942769709453e-114
29.849722839283775,4.0011734274041227e-08,1.0353159509522283e-114
29.881936933774906,3.7862685699880152e-08,7.1363811858800559e-115
29.914151028266037,3.5825409346245826e-08,4.917767671386055e-115
29.946365122757168,3.3894295570435487e-08,3.3879953792053962e-115
29.978579217248292,3.2064005212099737e-08,2.3334711974749446e-115
30.010793311739423,3.0329457134971911e-08,1.6067448391432844e-115
30.043007406230554,2.868581631250296e-08,1.1060537084802671e-115
30.075221500721685,2.7128482435138703e-08,7.611852296650735e-116
30.107435595212809,2.5653079017820435e-08,5.2370813777932327e-116
30.139649689703941,2.4255442987099702e-08,3.6022439934643771e-116
30.171863784195072,2.2931614728045963e-08,2.4770898685157281e-116
30.204077878686203,2.1677828571873248e-08,1.7029238729422374e-116
30.236291973177327,2.0490503705952369e-08,1.1703979117422492e-116
30.268506067668458,1.9366235488574644e-08,8.0418631119836939e-117
30.300720162159589,1.8301787151522692e-08,5.5241396374122478e-117
30.33293425665072,1.729408187414517e-08,3.7936516832729505e-117
30.365148351141851,1.634019521328798e-08,2.6045643527537798e-117
30.397362445632975,1.5437347874028145e-08,1.7877120394010421e-117
30.429576540124106,1.4582898806757551e-08,1.2267183765749003e-117
30.461790634615237,1.3774338616732499e-08,8.4154435485855584e-118
30.494004729106369,1.300928327274674e-08,5.7715702292393765e-118
30.526218823597493,1.2285468102124998e-08,3.9572709936401954e-118
30.558432918088624,1.1600742059736882e-08,2.7125792328975144e-118
30.590647012579755,1.0953062259228106e-08,1.8588909239245185e-118
30.622861107070886,1.0340488755134313e-08,1.2735330354379694e-118
30.65507520156201,9.761179565004607e-09,8.7227084499811258e-119
30.687289296053141,9.2133859210983037e-09,5.9727911914564774e-119
30.719503390544272,8.6954477416441762e-09,4.0887272536298796e-119
30.751717485035403,8.2057893120563508e-09,2.7982324182350796e-119
30.783931579526527,7.7429151668965988e-09,1.9145391869553054e-119
30.816145674017658,7.3054061637482682e-09,1.3095725699295181e-119
30.848359768508789,6.8919157405335939e-09,8.9552912199769907e-120
30.88057386299992,6.5011663481518112e-09,6.1223011815214225e-120
30.912787957491044,6.1319460506561876e-09,4.1844126017851352e-120
30.945002051982176,5.7831052855095981e-09,2.8591645190110441e-120
30.977216146473307,5.4535537767705148e-09,1.9531186357178373e-120
31.009430240964438,5.1422575943604075e-09,1.3338375381263543e-120
31.041644335455569,4.8482363528507596e-09,9.1067220382212811e-121
31.073858429946693,4.5705605434863255e-09,6.215929210861403e-121
31.106072524437824,4.3083489934255983e-09,4.2416504173230923e-121
31.138286618928955,4.0607664464350806e-09,2.8936667820392888e-121
31.170500713420086,3.8270212595205985e-09,1.9735448421370811e-121
31.20271480791121,3.6063632102132401e-09,1.345644411991274e-121
31.234928902402341,3.3980814094549407e-09,9.1727268155148668e-122
31.267142996893472,3.201502315246266e-09,6.251027942672028e-122
31.299357091384604,3.0159878424264801e-09,4.2588197037196724e-122
31.331571185875728,2.8409335641581407e-09,2.9007606992223816e-122
31.363785280366859,2.6757670008793972e-09,1.975237783778839e-122
31.39599937485799,2.5199459926730129e-09,1.344657566028068e-122
31.428213469349121,2.372957151176848e-09,9.1514276136500591e-123
31.460427563840245,2.2343143873315553e-09,6.2265980527081064e-123
31.492641658331376,2.1035575114237354e-09,4.2354313587391843e-123
31.524855752822507,1.9802509020395585e-09,2.8802441132852665e-123
31.557069847313638,1.8639822406925e-09,1.9581492076069621e-123
31.589283941804769,1.7543613090342416e-09,1.3309051279868653e-123
31.621498036295893,1.6510188456939215e-09,9.0434314142085021e-124
31.653712130787024,1.5536054599238415e-09,6.1433355001801519e-124
31.685926225278155,1.4617905993561519e-09,4.1721513227248312e-124
31.718140319769287,1.3752615692952982e-09,2.8327007889252102e-124
31.750354414260411,1.2937226010885605e-09,1.9227649149440369e-124
31.782568508751542,1.2168939672266212e-09,1.3047776469025547e-124
31.814782603242673,1.1445111409340117e-09,8.8518013803834747e-125
31.846996697733804,1.0763239981099449e-09,6.0035985881921982e-125
31.879210792224928,1.012096059578474e-09,4.0707690762049533e-125
31.911424886716059,9.5160377169995991e-10,2.7594728169729187e-125
31.94363898120719,8.9463582348545002e-10,1.8700818166273625e-125
31.975853075698321,8.4099249844062835e-10,1.267009666489266e-125
32.008067170189449,7.9048505944857208e-10,8.581912510730672e-126
32.040281264680573,7.4293516507803352e-10,5.8112969894351345e-126
32.072495359171711,6.981743157795203e-10,3.934113566537031e-126
32.104709453662835,6.5604332850272987e-10,2.6625976721235881e-126
32.136923548153973,6.1639183833702525e-10,1.8015612707671948e-126
32.169137642645097,5.7907782584317152e-10,1.2186454172026833e-126
32.201351737136221,5.4396716880551619e-10,8.241201177674584e-127
32.233565831627359,5.109332171952397e-10,5.5717100250076527e-127
32.265779926118483,4.7985639019125531e-10,3.7659220760244029e-127
32.297994020609607,4.5062379416032699e-10,2.5447140438192327e-127
32.330208115100746,4.23128860550373e-10,1.7190617511394249e-127
32.36242220959187,3.9727100270031319e-10,1.1609908631620536e-127
32.394636304083008,3.7295529061754175e-10,7.8388248374640732e-128
32.426850398574132,3.5009214281973566e-10,5.2912459829434934e-128
32.459064493065256,3.2859703438065452e-10,3.5706705133851813e-128
32.491278587556394,3.0839022036142572e-10,2.4089425133094477e-128
32.523492682047518,2.8939647384797906e-10,1.6247551747092149e-128
32.555706776538642,2.7154483785314772e-10,1.095555176220436e-128
32.58792087102978,2.5476839037792756e-10,7.3852536348310299e-129
32.620134965520904,2.3900402196070443e-10,4.9771577819926614e-129
32.652349060012043,2.2419222507587052e-10,3.3533758768840979e-129
32.684563154503167,2.1027689477472322e-10,2.2587486015082957e-129
32.716777248994291,1.9720513999100373e-10,1.5210321406908928e-129
32.748991343485429,1.8492710496211128e-10,1.0239852933542886e-129
32.781205437976553,1.7339580024390379e-10,6.8918192854856707e-130
32.813419532467691,1.6256694282279104e-10,4.6372325583999056e-130
32.845633626958815,1.5239880485359902e-10,3.119383031908692e-130
32.877847721449939,1.4285207057480318e-10,2.0977965561474879e-130
32.910061815941077,1.3388970097536296e-10,1.4104018352879998e-130
32.942275910432201,1.2547680580843525e-10,9.4799750504823355e-131
32.974490004923325,1.1758052256753909e-10,6.3702482605081737e-131
33.006704099414463,1.1016990206013319e-10,4.2794736353038145e-131
33.038918193905587,1.0321580023180295e-10,2.8741483856518992e-131
33.071132288396726,9.6690775911772502e-11,1.9298024369264629e-131
33.10334638288785,9.0568994167195463e-11,1.2953924115440809e-131
33.135560477378974,8.4826134969354539e-11,8.6931000974371014e-132
33.167774571870098,7.9439306890138168e-11,5.8322058714695608e-132
33.199988666361236,7.4386965561396703e-11,3.9117928163297077e-132
33.23220276085236,6.9648836643493099e-11,2.6230325353150232e-132
33.264416855343498,6.5205843062289244e-11,1.7583946098109988e-132
33.296630949834622,6.1040036286252803e-11,1.17845728030052e-132
33.328845044325746,5.7134531426981946e-11,7.8958006939625925e-133
33.361059138816884,5.3473445957741187e-11,5.288875508395054e-133
33.393273233308008,5.0041841855142838e-11,3.5417291458753532e-133
33.425487327799146,4.6825670979196883e-11,2.3711126084432523e-133
33.45770142229027,4.3811723516617339e-11,1.5869887497714923e-133
33.489915516781394,4.0987579321285187e-11,1.0618920020664554e-133
33.522129611272533,3.8341561994531874e-11,7.1034885572897983e-134
