x,kde,ekf_gaussian
-27.204486694848388,4.1828309598235933e-15,3.0713841127921416e-09
-27.179616468377105,4.7269133494233193e-15,3.3117650747601239e-09
-27.154746241905823,5.3402037367985228e-15,3.5703950167304509e-09
-27.129876015434537,6.0312991425174825e-15,3.8486141385795198e-09
-27.105005788963254,6.8098378357300141e-15,4.1478575382996264e-09
-27.080135562491972,7.6866220725755526e-15,4.4696616643328473e-09
-27.055265336020689,8.673754885077792e-15,4.8156711869509787e-09
-27.030395109549403,9.7847924785403428e-15,5.1876463144958212e-09
-27.00552488307812,1.1034913962281064e-14,5.5874705817880233e-09
-26.980654656606838,1.244111032255443e-14,6.017159139587068e-09
-26.955784430135555,1.4022394749388438e-14,6.4788675756408359e-09
-26.930914203664273,1.5800036652681614e-14,6.9749012996111411e-09
-26.906043977192986,1.77978219492674e-14,7.5077255259986013e-09
-26.881173750721704,2.0042342473985135e-14,8.0799758911234462e-09
-26.856303524250421,2.256331766652108e-14,8.6944697422574257e-09
-26.831433297779139,2.5393952014513518e-14,9.3542181391393202e-09
-26.806563071307856,2.8571332095073401e-14,1.0062438610362482e-08
-26.78169284483657,3.2136867454561216e-14,1.0822568709488467e-08
-26.756822618365288,3.6136780003629451e-14,1.1638280418230869e-08
-26.731952391894005,4.0622647084929577e-14,1.2513495446670549e-08
-26.707082165422722,4.5652003898528574e-14,1.3452401483210193e-08
-26.682211938951436,5.1289011549466968e-14,1.445946944986429e-08
-26.657341712480154,5.7605197617788246e-14,1.5539471821512783e-08
-26.632471486008871,6.4680276849080801e-14,1.6697502070929598e-08
-26.607601259537589,7.2603060328739133e-14,1.7938995304735989e-08
-26.582731033066306,8.1472462342064734e-14,1.9269750158936511e-08
-26.55786080659502,9.1398615041649518e-14,2.0695952026371444e-08
-26.532990580123737,1.0250410205057588e-13,2.2224197692274516e-08
-26.508120353652455,1.1492532323282447e-13,2.3861521458172279e-08
-26.483250127181172,1.2881400406938916e-13,2.5615422838591589e-08
-26.458379900709886,1.443388643995251e-13,2.7493895919491832e-08
-26.433509674238604,1.6168746273122898e-13,2.950546047198174e-08
-26.408639447767321,1.8106823390466482e-13,3.1659194919762308e-08
-26.383769221296038,2.0271273961849249e-13,3.3964771263828651e-08
-26.358898994824756,2.2687815321506235e-13,3.6432492073311651e-08
-26.33402876835347,2.5385000217997773e-13,3.9073329656925036e-08
-26.309158541882187,2.8394519405968116e-13,4.1898967535326989e-08
-26.284288315410905,3.1751535395407144e-13,4.4921844340827569e-08
-26.259418088939622,3.5495050441679717e-13,4.8155200277252288e-08
-26.234547862468339,3.9668312151351093e-13,5.1613126279468893e-08
-26.209677635997053,4.431926039679768e-13,5.5310616019056085e-08
-26.184807409525771,4.9501019578993234e-13,5.9263620909890751e-08
-26.159937183054488,5.5272440655114697e-13,6.3489108275054761e-08
-26.135066956583206,6.1698697758226173e-13,6.8005122844401029e-08
-26.11019673011192,6.885194468315335e-13,7.2830851760437819e-08
-26.085326503640637,7.6812036998649009e-13,7.7986693278836622e-08
-26.060456277169354,8.5667326074363463e-13,8.3494329358924503e-08
-26.035586050698072,9.5515531885375449e-13,8.9376802348921819e-08
-26.010715824226789,1.0646470208090652e-12,9.5658595980530842e-08
-25.985845597755503,1.1863426548125965e-12,1.0236572089770678e-07
-25.960975371284221,1.3215618890233791e-12,1.0952580495511598e-07
-25.936105144812938,1.4717624700496823e-12,1.1716818853289962e-07
-25.911234918341655,1.6385541573145381e-12,1.2532402512591891e-07
-25.886364691870369,1.823714008299387e-12,1.3402638747771463e-07
-25.861494465399087,2.0292031398358555e-12,1.4331037954193073e-07
-25.836624238927804,2.257185101627763e-12,1.5321325456701082e-07
-25.811754012456522,2.5100460101061287e-12,1.6377453961350055e-07
-25.786883785985239,2.7904166036239415e-12,1.7503616682740566e-07
-25.762013559513953,3.1011963939557691e-12,1.8704261180770342e-07
-25.73714333304267,3.4455801041613207e-12,1.9984103942129437e-07
-25.712273106571388,3.8270865991888659e-12,2.1348145743453282e-07
-25.687402880100105,4.2495905332209379e-12,2.2801687834682122e-07
-25.662532653628823,4.7173569568038298e-12,2.4350348982884088e-07
-25.637662427157537,5.2350791473537166e-12,2.6000083418561208e-07
-25.612792200686254,5.8079199488073333e-12,2.7757199728293405e-07
-25.587921974214971,6.4415569301055612e-12,2.9628380739475224e-07
-25.563051747743689,7.1422316979819206e-12,3.1620704444864892e-07
-25.538181521272403,7.9168037273187804e-12,3.3741666016712756e-07
-25.51331129480112,8.7728091022639436e-12,3.5999200962340859e-07
-25.488441068329838,9.718524593530271e-12,3.8401709475243389e-07
-25.463570841858555,1.0763037531979556e-11,4.0958082038029784e-07
-25.438700615387273,1.1916321975904845e-11,4.3677726335884497e-07
-25.413830388915986,1.3189321709538316e-11,4.6570595541637074e-07
-25.388960162444704,1.4594040653426359e-11,4.9647218036035123e-07
-25.364089935973421,1.6143641313631969e-11,5.2918728629414891e-07
-25.339219709502139,1.7852551946451224e-11,5.6396901353618462e-07
-25.314349483030853,1.973658316871495e-11,6.009418389578315e-07
-25.28947925655957,2.1813054801002213e-11,6.4023733748470481e-07
-25.264609030088288,2.4100933792500728e-11,6.8199456153547121e-07
-25.239738803617005,2.6620984142050454e-11,7.2636043920253448e-07
-25.214868577145722,2.9395929800416226e-11,7.73490192010325e-07
-25.189998350674436,3.2450631614322572e-11,8.2354777311906658e-07
-25.165128124203154,3.5812279453579675e-11,8.76706326875055e-07
-25.140257897731871,3.9510600749074392e-11,9.3314867064277938e-07
-25.115387671260589,4.3578086761802822e-11,9.9306779988916526e-07
-25.090517444789306,4.8050238001917799e-11,1.0566674175265767e-06
-25.06564721831802,5.2965830322258958e-11,1.1241624885583292e-06
-25.040776991846737,5.8367203323503005e-11,1.1957798211086282e-06
-25.015906765375455,6.4300572828300855e-11,1.2717586749583202e-06
-24.991036538904172,7.0816369309987872e-11,1.3523513987478558e-06
-24.966166312432886,7.7969604298206463e-11,1.4378240970505396e-06
-24.941296085961604,8.5820266929433054e-11,1.5284573285613051e-06
-24.916425859490321,9.4433752965605616e-11,1.624546836690199e-06
-24.891555633019038,1.0388132876918629e-10,1.7264043138937324e-06
-24.866685406547752,1.1424063289876458e-10,1.8343582011235563e-06
-24.84181518007647,1.2559621817617857e-10,1.9487545238182238e-06
-24.816944953605187,1.3804013727479572e-10,2.0699577659119674e-06
-24.792074727133905,1.5167257508956275e-10,2.1983517833830589e-06
-24.767204500662622,1.6660253137353961e-10,2.3343407589144513e-06
-24.742334274191336,1.8294855736334915e-10,2.478350199290549e-06
-24.717464047720053,2.0083955036814217e-10,2.6308279772057049e-06
-24.692593821248771,2.2041561056404e-10,2.7922454192139155e-06
-24.667723594777488,2.4182896451913103e-10,2.9630984416023732e-06
-24.642853368306206,2.6524496027407009e-10,3.1439087360277793e-06
-24.61798314183492,2.9084313912063916e-10,3.3352250068098327e-06
-24.593112915363637,3.1881838955629567e-10,3.5376242618337426e-06
-24.568242688892354,3.493821892476547e-10,3.7517131590721808e-06
-24.543372462421072,3.827639412105901e-10,3.9781294107951325e-06
-24.518502235949789,4.1921241081062994e-10,4.2175432475973977e-06
-24.493632009478503,4.5899727060492985e-10,4.4706589444334255e-06
-24.468761783007221,5.0241076048764706e-10,4.7382164109109135e-06
-24.443891556535938,5.4976947106496678e-10,5.0209928481581904e-06
-24.419021330064655,6.0141625867493913e-10,5.3198044746416251e-06
-24.394151103593369,6.5772230098237964e-10,5.6355083233753198e-06
-24.369280877122087,7.1908930262062185e-10,5.9690041130283222e-06
-24.344410650650804,7.8595186092164533e-10,6.3212361955011825e-06
-24.319540424179522,8.587800023742955e-10,6.6931955826078884e-06
-24.294670197708236,9.3808190107898092e-10,7.0859220545664736e-06
-24.269799971236953,1.0244067911264464e-09,7.5005063530678102e-06
-24.24492974476567,1.1183480855200216e-09,7.9380924617592311e-06
-24.220059518294388,1.2205467149850911e-09,8.399879977046062e-06
-24.195189291823105,1.3316947007688563e-09,8.8871265721822106e-06
-24.170319065351819,1.4525389763275075e-09,9.4011505576882735e-06
-24.145448838880537,1.5838854736286003e-09,9.9433335412019697e-06
-24.120578612409254,1.7266034906647019e-09,1.0515123189935063e-05
-24.095708385937971,1.881630357680446e-09,1.1118036098975306e-05
-24.070838159466689,2.0499764205615309e-09,1.1753660768740289e-05
-24.045967932995403,2.2327303608202554e-09,1.2423660694956733e-05
-24.02109770652412,2.4310648726398283e-09,1.3129777574601882e-05
-23.996227480052838,2.6462427185100892e-09,1.387383463131264e-05
-23.971357253581555,2.8796231860993777e-09,1.4657740063827131e-05
-23.946487027110273,3.1326689701650298e-09,1.5483490621091568e-05
-23.921616800638986,3.4069535045059253e-09,1.6353175307723241e-05
-23.896746574167704,3.7041687702069938e-09,1.7268979223583141e-05
-23.871876347696421,4.026133607718952e-09,1.8233187541271751e-05
-23.847006121225139,4.3748025616538021e-09,1.9248189625416006e-05
-23.822135894753853,4.7522752885635533e-09,2.031648329767466e-05
-23.79726566828257,5.1608065594005108e-09,2.1440679251440682e-05
-23.772395441811287,5.6028168898386091e-09,2.2623505620273891e-05
-23.747525215340005,6.0809038331597235e-09,2.3867812704141774e-05
-23.722654988868719,6.5978539719840821e-09,2.5176577857598222e-05
-23.697784762397436,7.1566556467428368e-09,2.6552910544069677e-05
-23.672914535926154,7.760512460459148e-09,2.8000057560463624e-05
-23.648044309454871,8.4128576011133205e-09,2.9521408436346817e-05
-23.623174082983589,9.1173690246274631e-09,3.1120501011979415e-05
-23.598303856512302,9.8779855433042e-09,3.2801027199520102e-05
-23.57343363004102,1.0698923866397233e-08,3.4566838931742645e-05
-23.548563403569737,1.1584696641377985e-08,3.6421954302631386e-05
-23.523693177098455,1.2540131546383035e-08,3.8370563904234594e-05
-23.498822950627172,1.357039148629154e-08,4.0417037364173756e-05
-23.473952724155886,1.4680995946876874e-08,4.2565930088212424e-05
-23.449082497684604,1.587784356350421e-08,4.4821990212291418e-05
-23.424212271213321,1.716723596290934e-08,4.71901657684377e-05
-23.399342044742038,1.8555902938672237e-08,4.9675612068940156e-05
-23.374471818270756,2.0051029023113059e-08,5.228369931317692e-05
-23.34960159179947,2.1660281520463345e-08,5.5020020421454978e-05
-23.324731365328187,2.3391840068305307e-08,5.7890399100194749e-05
-23.299861138856905,2.5254427796430199e-08,6.0900898142762266e-05
-23.274990912385622,2.7257344154415828e-08,6.4057827970201e-05
-23.250120685914336,2.9410499481387681e-08,6.7367755416073737e-05
-23.225250459443053,3.1724451393573186e-08,7.0837512759561156e-05
-23.200380232971771,3.4210443067402374e-08,7.4474207010905805e-05
-23.175510006500488,3.688044349801843e-08,7.8285229453201136e-05
-23.150639780029202,3.9747189815159385e-08,8.2278265444456157e-05
-23.12576955355792,4.2824231740424822e-08,8.6461304483760184e-05
-23.100899327086637,4.6125978271959951e-08,9.084265054528471e-05
-23.076029100615354,4.9667746684538931e-08,9.5430932683723005e-05
-23.051158874144072,5.3465813934944016e-08,0.00010023511591466748
-23.026288647672786,5.7537470564352898e-08,0.00010526451237327674
-23.001418421201503,6.190107719119607e-08,0.00011052879275443776
-22.976548194730221,6.6576123689609594e-08,0.00011603799803748659
-22.951677968258938,7.1583291150134998e-08,0.00012180255149835569
-22.926807741787655,7.6944516720770891e-08,0.00012783327101186019
-22.901937515316369,8.2683061427774121e-08,0.00013414138164662777
-22.877067288845087,8.8823581076758037e-08,0.00014073852855496518
-22.852197062373804,9.5392200335663787e-08,0.00014763679015976003
-22.827326835902522,1.0241659010197183e-07,0.00015484869164024081
-22.802456609431239,1.0992604825720056e-07,0.00016238721871821224
-22.777586382959953,1.1795158391216031e-07,0.00017026583174609367
-22.75271615648867,1.2652600524665255e-07,0.00017849848009782057
-22.727845930017388,1.3568401104731486e-07,0.00018709961686338714
-22.702975703546102,1.4546228604700828e-07,0.00019608421384748062
-22.678105477074819,1.5589960016863983e-07,0.00020546777687234692
-22.653235250603537,1.6703691177549385e-07,0.00021526636138470879
-22.628365024132254,1.7891747502897513e-07,0.00022549658836615812
-22.603494797660971,1.9158695145325716e-07,0.00023617566054611998
-22.578624571189685,2.0509352580450058e-07,0.00024732137891607273
-22.553754344718403,2.194880263401349e-07,0.00025895215954330918
-22.52888411824712,2.3482404958117827e-07,0.00027108705068212076
-22.504013891775838,2.5115808965755362e-07,0.00028374575017981423
-22.479143665304555,2.6854967232303161e-07,0.00029694862317455509
-22.454273438833269,2.8706149372255785e-07,0.00031071672008153043
-22.429403212361986,3.0675956399043126e-07,0.00032507179486343914
-22.404532985890704,3.2771335575304337e-07,0.0003400363235808463
-22.379662759419421,3.4999595760450781e-07,0.00035563352321733448
-22.354792532948139,3.7368423261776913e-07,0.00037188737077392892
-22.329922306476853,3.9885898194734025e-07,0.00038882262262665345
-22.30505208000557,4.2560511357286079e-07,0.0004064648341405098
-22.280181853534287,4.5401181622519175e-07,0.00042484037953260977
-22.255311627063005,4.841727385284871e-07,0.00044397647197650259
-22.230441400591722,5.1618617338299977e-07,0.00046390118393917863
-22.205571174120436,5.5015524760390126e-07,0.00048464346774155029
-22.180700947649154,5.8618811682125083e-07,0.00050623317633251925
-22.155830721177871,6.2439816563558051e-07,0.00052870108426613044
-22.130960494706585,6.6490421301190866e-07,0.00055207890887049851
-22.106090268235302,7.0783072288291345e-07,0.00057639933159656716
-22.08122004176402,7.5330801991909388e-07,0.00060169601953401729
-22.056349815292737,8.0147251040990528e-07,0.00062800364708080661
-22.031479588821455,8.5246690818564455e-07,0.00065535791775216069
-22.006609362350169,9.0644046549452944e-07,0.00068379558611399236
-21.981739135878886,9.6354920873349576e-07,0.00071335447982492006
-21.956868909407603,1.0239561789146348e-06,0.00074407352177031873
-21.931998682936321,1.08783167673143e-06,0.0007759927522708851
-21.907128456465038,1.1553535120709379e-06,0.00080915335134748372
-21.882258229993752,1.226707257798826e-06,0.00084359766102312065
-21.85738800352247,1.3020865076243694e-06,0.00087936920764200425
-21.832517777051187,1.3816931378320125e-06,0.00091651272418490331
-21.807647550579905,1.4657375726444732e-06,0.00095507417255892547
-21.782777324108622,1.5544390529605003e-06,0.00099510076583913284
-21.757907097637336,1.6480259081873807e-06,0.0010366409904384052
-21.733036871166053,1.7467358308646501e-06,0.0010797446281810351
-21.708166644694771,1.8508161537514535e-06,0.0011244627782547639
-21.683296418223488,1.9605241290245376e-06,0.0011708478790147872
-21.658426191752206,2.0761272092087189e-06,0.0012189537296126067
-21.63355596528092,2.1979033294351122e-06,0.0012688355114214645
-21.608685738809637,2.3261411905956257e-06,0.0013205498092292581
-21.583815512338354,2.4611405429350663e-06,0.0013741546321689336
-21.558945285867068,2.6032124695938376e-06,0.0014297094343552804
-21.534075059395786,2.7526796695862177e-06,0.0014872751351962101
-21.509204832924503,2.9098767396705391e-06,0.0015469141393457738
-21.484334606453221,3.075150454537881e-06,0.001608690356264969
-21.459464379981938,3.2488600447170666e-06,0.001672669219355742
-21.434594153510652,3.4313774715638118e-06,0.0017389177046325506
-21.409723927039369,3.6230876986718222e-06,0.001807504348894891
-21.384853700568087,3.8243889590143678e-06,0.0018784992673635337
-21.359983474096804,4.0356930170938798e-06,0.0019519741707419772
-21.335113247625522,4.2574254253481038e-06,0.0020280023816641166
-21.310243021154236,4.4900257740311766e-06,0.0021066588504880519
-21.285372794682953,4.7339479337581587e-06,0.0021880201703951482
-21.26050256821167,4.9896602898732504e-06,0.0022721645917528795
-21.235632341740388,5.2576459677717028e-06,0.0023591720356987817
-21.210762115269105,5.5384030482785055e-06,0.0024491241069024808
-21.185891888797819,5.832444772158366e-06,0.0025421041054617911
-21.161021662326537,6.1402997328047429e-06,0.0026381970378882109
-21.136151435855254,6.4625120561301594e-06,0.0027374896271366339
-21.111281209383971,6.7996415666536751e-06,0.0028400703216330445
-21.086410982912689,7.152263938758554e-06,0.002946029303253838
-21.061540756441403,7.5209708320695869e-06,0.0030554584942095067
-21.03667052997012,7.9063700098779244e-06,0.0031684515627849069
-21.011800303498838,8.3090854395221357e-06,0.0032851039278881887
-20.986930077027552,8.7297573736139745e-06,0.0034055127623593816
-20.962059850556269,9.1690424109820459e-06,0.0035297769949897682
-20.937189624084986,9.6276135361914556e-06,0.0036579973112027537
-20.912319397613704,1.0106160136483327e-05,0.003790276152346251
-20.887449171142421,1.0605387994968683e-05,0.003926717713546763
-20.862578944671135,1.1126019258901861e-05,0.0040674279400750267
-20.837708718199853,1.1668792381852148e-05,0.0042125145221726988
-20.81283849172857,1.2234462038590098e-05,0.004362086888290059
-20.787968265257287,1.2823799011501367e-05,0.0045162561966838625
-20.763098038786005,1.3437590047345599e-05,0.0046751353253253088
-20.738227812314719,1.4076637683180452e-05,0.0048388388600677373
-20.713357585843436,1.4741760040279367e-05,0.0050074830810238544
-20.688487359372154,1.5433790584883745e-05,0.0051811859471030258
-20.663617132900871,1.6153577854641673e-05,0.0053600670786586018
-20.638746906429589,1.6901985149606111e-05,0.0055442477381965677
-20.613876679958302,1.7679890186684933e-05,0.0057338508090967405
-20.58900645348702,1.8488184716459755e-05,0.0059290007722982638
-20.564136227015737,1.9327774101321858e-05,0.0061298236809023627
-20.539266000544455,2.0199576853901524e-05,0.00633644713264512
-20.514395774073172,2.1104524134808001e-05,0.0065490002401946707
-20.489525547601886,2.2043559208735279e-05,0.0067676135992276957
-20.464655321130603,2.3017636858033344e-05,0.0069924192542409119
-20.439785094659321,2.4027722752896166e-05,0.0072235506620551299
-20.414914868188035,2.5074792777366179e-05,0.007461142652969311
-20.390044641716752,2.6159832310415587e-05,0.0077053313895243452
-20.36517441524547,2.7283835461427243e-05,0.0079562543228376432
-20.340304188774187,2.8447804259459056e-05,0.0082140501464699981
-20.315433962302905,2.9652747795751743e-05,0.0084788587477889841
-20.290563735831618,3.0899681319010666e-05,0.0087508211567940523
-20.265693509360336,3.2189625283072268e-05,0.0090300794923701775
-20.240823282889053,3.3523604346651503e-05,0.0093167769059395479
-20.215953056417771,3.4902646324948848e-05,0.0096110575224813387
-20.191082829946488,3.6327781092992816e-05,0.0099130663788929846
-20.166212603475202,3.7800039440686804e-05,0.010222949359667671
-20.141342377003919,3.9320451879628384e-05,0.01054085312986516
-20.116472150532637,4.089004740187827e-05,0.010866925065355878
-20.091601924061354,4.250985219095508e-05,0.01120131318031958
-20.066731697590072,4.4180888285453e-05,0.011544166051983462
-20.041861471118786,4.59041721957882e-05,0.011895632742586757
-20.016991244647503,4.7680713474700142e-05,0.012255862718561203
-19.992121018176221,4.9511513242258827e-05,0.012625005766920855
-19.967250791704938,5.1397562666247053e-05,0.013003211908855603
-19.942380565233655,5.3339841398920981e-05,0.01339063131052781
-19.917510338762369,5.5339315971279265e-05,0.013787414191073318
-19.892640112291087,5.739693814610229e-05,0.014193710727811325
-19.867769885819804,5.9513643231163772e-05,0.014609670958672147
-19.842899659348518,6.169034835414356e-05,0.015035444681853076
-19.818029432877236,6.3927950700915913e-05,0.015471181352717855
-19.793159206405953,6.622732571902795e-05,0.015917029977958606
-19.76828897993467,6.8589325288312809e-05,0.01637313900704114
-19.743418753463388,7.101477586073351e-05,0.016839656220960345
-19.718548526992102,7.3504476571689155e-05,0.017316728618334595
-19.693678300520819,7.6059197325152594e-05,0.017804502298872434
-19.668808074049537,7.8679676855157924e-05,0.01830312234424946
-19.643937847578254,8.1366620766281769e-05,0.018812732696435464
-19.619067621106971,8.4120699555911084e-05,0.019333476033517847
-19.594197394635685,8.6942546621221169e-05,0.019865493643070345
-19.569327168164403,8.9832756253917456e-05,0.020408925293120002
-19.54445694169312,9.2791881625936738e-05,0.020963909100771175
-19.519586715221838,9.5820432769414178e-05,0.021530581398546741
-19.494716488750555,9.8918874554362825e-05,0.022109076598513744
-19.469846262279269,0.00010208762466762287,0.022699527054263428
-19.444976035807986,0.00010532705159675437,0.023302062920819811
-19.420105809336704,0.00010863747262266633,0.023916812012557114
-19.395235582865418,0.0001120191518248656,0.024543899659207686
-19.370365356394139,0.00011547229810332037,0.025183448560048772
-19.345495129922853,0.00011899706322103115,0.025835578636361566
-19.32062490345157,0.00012259353987146215,0.026500406882255485
-19.295754676980287,0.00012626175977510797,0.027178047213962716
-19.270884450509001,0.00013000169180950099,0.027868610317704701
-19.246014224037719,0.0001338132401770535,0.028572203496241091
-19.221143997566436,0.00013769624261518424,0.029288930514215949
-19.196273771095154,0.00014165046865320891,0.030018891442417064
-19.171403544623871,0.00014567561792053229,0.03076218250107202
-19.146533318152585,0.00014977131851069597,0.031518895902306797
-19.121663091681302,0.00015393712540585452,0.032289119691896621
-19.09679286521002,0.00015817251896627351,0.033072937590445307
-19.071922638738737,0.00016247690348941972,0.03387042883412901
-19.047052412267455,0.00016684960584322113,0.034681668015148423
-19.022182185796169,0.00017128987417803991,0.035506724922034771
-18.997311959324886,0.00017579687672186452,0.036345664379958849
-18.972441732853603,0.00018036970066319537,0.037198546091198013
-18.947571506382317,0.00018500735112601596,0.038065424475915911
-18.922701279911038,0.00018970875024118999,0.038946348513415684
-18.897831053439752,0.000194472736318549,0.039841361584032425
-18.87296082696847,0.00019929806312380142,0.04075050131182608
-18.848090600497187,0.00020418339926435103,0.041673799408250757
-18.823220374025901,0.00020912732768793156,0.042611281516967574
-18.798350147554622,0.00021412834529787152,0.043562967059977829
-18.773479921083336,0.00021918486268866243,0.044528869085256231
-18.748609694612053,0.00022429520400530967,0.045508994116058112
-18.723739468140771,0.00022945760692984253,0.046503342002090005
-18.698869241669485,0.0002346702227981189,0.047511905772721297
-18.673999015198206,0.00023993111684990934,0.048534671492425262
-18.649128788726919,0.00024523826861504638,0.049571618118638597
-18.624258562255637,0.00025058957243817028,0.050622717362222409
-18.599388335784354,0.00025598283814445166,0.051687933550721772
-18.574518109313068,0.00026141579184836555,0.052767223494608544
-18.549647882841786,0.00026688607690739856,0.053860536356701551
-18.524777656370503,0.00027239125502230782,0.054967813524957096
-18.499907429899221,0.00027792880748526972,0.056088988488819172
-18.475037203427938,0.00028349613657701749,0.05722398671932391
-18.450166976956652,0.00028909056711376907,0.058372725553149554
-18.425296750485369,0.00029470934814446577,0.05953511408080258
-18.400426524014087,0.00030034965479856367,0.060711053039133316
-18.375556297542801,0.00030600859028430107,0.061900434708367584
-18.350686071071522,0.00031168318803707554,0.063103142813844437
-18.325815844600235,0.00031737041401727275,0.064319052432649571
-18.300945618128953,0.00032306716915652143,0.065548029905322838
-18.27607539165767,0.00032877029195112114,0.066789932752831849
-18.251205165186384,0.00033447656120098136,0.068044609598985395
-18.226334938715105,0.0003401826988921538,0.069311900098467452
-18.201464712243819,0.00034588537322070536,0.070591634870670231
-18.176594485772537,0.00035158120175532253,0.071883635439490751
-18.151724259301254,0.00035726675473579021,0.073187714179269267
-18.126854032829968,0.000362938558504093,0.074503674267026809
-18.101983806358689,0.00036859309906462224,0.075831309641166023
-18.077113579887403,0.00037422682576965444,0.077170404966794545
-18.05224335341612,0.0003798361551259172,0.078520735607815945
-18.027373126944838,0.00038541747471782921,0.079882067605944587
-18.002502900473552,0.00039096714724262585,0.081254157666779556
-17.977632674002269,0.00039648151465234419,0.082636753153077183
-17.952762447530986,0.0004019569023973479,0.084029592085355223
-17.927892221059704,0.00040738962376577327,0.08543240314995007
-17.903021994588421,0.00041277598431304794,0.086844905714649312
-17.878151768117135,0.00041811228637535599,0.088266809852011185
-17.853281541645853,0.00042339483366068124,0.089697816370475969
-17.82841131517457,0.00042861993591084463,0.091137616853371517
-17.803541088703284,0.0004337839136277038,0.092585893705900979
-17.778670862232005,0.00043888310285649751,0.09404232021019869
-17.753800635760719,0.00044391386001912855,0.095506560588534697
-17.728930409289436,0.00044887256678996073,0.096978270074728395
-17.704060182818154,0.00045375563500660618,0.098457094993842822
-17.679189956346868,0.00045855951160796409,0.099942672850203848
-17.654319729875589,0.00046328068359168385,0.10143463242379155
-17.629449503404302,0.00046791568298310264,0.10293259387504292
-17.60457927693302,0.00047246109180757969,0.10443616885808343
-17.579709050461737,0.00047691354705812019,0.1059449606424166
-17.554838823990451,0.00048126974565006539,0.10745856424307099
-17.529968597519172,0.00048552644935461397,0.10897656655920777
-17.505098371047886,0.00048968048970290782,0.110498546521181
-17.480228144576603,0.00049372877285238249,0.11202407524602345
-17.455357918105321,0.00049766828440713786,0.11355271620133815
-17.430487691634035,0.00050149609418406195,0.11508402537754904
-17.405617465162752,0.00050520936091652785,0.11661755146846405
-17.38074723869147,0.00050880533688753304,0.11815283606009437
-17.355877012220187,0.00051228137248423146,0.11968941382765623
-17.331006785748905,0.00051563492066592192,0.12122681274067963
-17.306136559277618,0.00051886354133767331,0.12276455427613407
-17.281266332806336,0.00052196490562190568,0.1243021536394706
-17.256396106335053,0.00052493680002039915,0.12583911999347494
-17.231525879863767,0.00052777713045939394,0.12737495669480742
-17.206655653392488,0.0005304839262106055,0.1289091615381027
-17.181785426921202,0.00053305534368122654,0.13044122700749294
-17.156915200449919,0.00053548967006616314,0.13197064053539664
-17.132044973978637,0.00053778532685604358,0.13349688476842461
-17.107174747507351,0.00053994087319474224,0.13501943784022499
-17.082304521036072,0.00054195500908046565,0.13653777365109268
-17.057434294564786,0.0005438265784047068,0.13805136215415642
-17.032564068093503,0.00054555457182367138,0.13955966964793892
-17.007693841622221,0.00054713812945709648,0.1410621590750917
-16.982823615150934,0.00054857654340967614,0.14255829032708098
-16.957953388679655,0.00054986926011065299,0.14404752055460171
-16.933083162208369,0.00055101588246746138,0.14552930448348894
-16.908212935737087,0.00055201617182964622,0.14700309473587514
-16.883342709265804,0.00055287004975964889,0.14846834215635266
-16.858472482794518,0.00055357759960738065,0.14992449614287387
-16.833602256323235,0.00055413906788589486,0.15137100498212444
-16.808732029851953,0.00055455486544581318,0.15280731618909704
-16.78386180338067,0.0005548255684465445,0.15423287685057863
-16.758991576909388,0.00055495191912269379,0.15564713397226529
-16.734121350438102,0.00055493482634444685,0.15704953482920717
-16.709251123966819,0.00055477536597107254,0.15843952731927974
-16.684380897495537,0.00055447478099706975,0.15981656031937566
-16.65951067102425,0.00055403448149085046,0.16118008404399817
-16.634640444552971,0.00055345604432621611,0.16252955040593819
-16.609770218081685,0.00055274121270725322,0.16386441337871208
-16.584899991610403,0.0005518918954876313,0.16518412936042262
-16.56002976513912,0.00055091016628563418,0.16648815753871846
-16.535159538667834,0.00054979826239660921,0.16777596025650529
-16.510289312196555,0.00054855858350485954,0.16904700337807044
-16.485419085725269,0.00054719369019731658,0.17030075665527747
-16.460548859253986,0.00054570630228168804,0.17153669409347616
-16.435678632782704,0.0005440992969120398,0.1727542943167861
-16.410808406311418,0.00054237570652511933,0.1739530409323945
-16.385938179840139,0.00054053871659097896,0.17513242289351727
-16.361067953368853,0.00053859166318175511,0.17629193486067105
-16.33619772689757,0.00053653803036272484,0.17743107756089344
-16.311327500426287,0.00053438144740999339,0.17854935814456499
-16.286457273955001,0.00053212568585942973,0.17964629053947032
-16.261587047483719,0.00052977465639166715,0.18072139580174679
-16.236716821012436,0.00052733240555821119,0.18177420246336801
-16.21184659454115,0.00052480311235387545,0.18280424687580848
-16.186976368069871,0.00052219108464096522,0.1838110735495401
-16.162106141598585,0.00051950075543075928,0.18479423548901608
-16.137235915127302,0.00051673667902803026,0.18575329452279249
-16.11236568865602,0.00051390352704442548,0.18668782162845385
-16.087495462184734,0.00051100608428669301,0.18759739725200025
-16.062625235713455,0.00050804924452580293,0.18848161162136626
-16.037755009242169,0.00050503800615310718,0.18934006505374509
-16.012884782770886,0.00050197746772977106,0.19017236825639183
-15.988014556299603,0.00049887282343571222,0.19097814262059423
-15.963144329828319,0.00049572935842437848,0.19175702050849644
-15.938274103357037,0.00049255244408967567,0.19250864553247363
-15.913403876885752,0.00048934753325137687,0.19323267282676049
-15.88853365041447,0.00048612015526534961,0.19392876931104289
-15.863663423943185,0.00048287591106489368,0.1945966139457323
-15.838793197471903,0.00047962046813947103,0.1952358979786476
-15.81392297100062,0.00047635955545704417,0.19584632518284031
-15.789052744529336,0.0004730989583361925,0.19642761208530607
-15.764182518058053,0.00046984451327409946,0.1969794881863354
-15.739312291586769,0.0004666021027364187,0.19750169616926669
-15.714442065115486,0.00046337764991494365,0.19799399210041257
-15.689571838644202,0.00046017711345889238,0.19845614561894373
-15.664701612172919,0.00045700648218551936,0.19888794011652194
-15.639831385701635,0.00045387176977563159,0.19928917290648721
-15.614961159230353,0.00045077900945948051,0.1996596553824132
-15.59009093275907,0.00044773424869834337,0.19999921316585814
-15.565220706287786,0.00044474354386699093,0.2003076862431486
-15.540350479816503,0.00044181295494207635,0.200584929091046
-15.515480253345219,0.00043894854020134322,0.20083081079115808
-15.490610026873936,0.00043615635093839243,0.20104521513296889
-15.465739800402652,0.00043344242619759211,0.20122804070537428
-15.440869573931369,0.00043081278753356704,0.20137920097662138
-15.415999347460087,0.00042827343379953168,0.20149862436256447
-15.391129120988802,0.00042583033596858654,0.20158625428316154
-15.36625889451752,0.0004234894319919345,0.20164204920714915
-15.341388668046235,0.0004212566216978159,0.20166598268484609
-15.316518441574953,0.00041913776173481133,0.20165804336904974
-15.291648215103669,0.00041713866056300539,0.20161823502400239
-15.266777988632386,0.00041526507349636384,0.20154657652241642
-15.241907762161103,0.00041352269779952171,0.20144310183056313
-15.217037535689819,0.00041191716784205062,0.20130785998144057
-15.192167309218537,0.00041045405031313624,0.20114091503605061
-15.167297082747252,0.00040913883949946341,0.20094234603282787
-15.14242685627597,0.00040797695262899413,0.20071224692527645
-15.117556629804685,0.0004069737252831979,0.20045072650788326
-15.092686403333403,0.00040613440688019398,0.20015790833038996
-15.067816176862118,0.0004054641562311558,0.19983393060051785
-15.042945950390836,0.00040496803717224441,0.19947894607525291
-15.018075723919553,0.00040465101427423984,0.19909312194081089
-14.993205497448269,0.00040451794863197686,0.19867663968141439
-14.968335270976986,0.00040457359373560639,0.19822969493702625
-14.943465044505702,0.00040482259142565898,0.19775249735019484
-14.918594818034419,0.00040526946793382004,0.1972452704021801
-14.893724591563135,0.00040591863001129797,0.19670825123853833
-14.868854365091853,0.0004067743611466144,0.19614169048435778
-14.84398413862057,0.00040784081787463187,0.19554585204934494
-14.819113912149286,0.00040912202617861097,0.1949210129229752
-14.794243685678003,0.00041062187798707249,0.19426746295992958
-14.769373459206719,0.00041234412776724555,0.19358550465605001
-14.744503232735436,0.00041429238921687799,0.19287545291505659
-14.719633006264152,0.00041647013205620283,0.19213763480627721
-14.694762779792869,0.00041888067892186345,0.19137238931365189
-14.669892553321585,0.00042152720236463112,0.19058006707627975
-14.645022326850302,0.00042441272195277262,0.18976103012078829
-14.62015210037902,0.00042754010148295899,0.18891565158580903
-14.595281873907735,0.00043091204630064342,0.18804431543885433
-14.570411647436453,0.00043453110073188252,0.18714741618589517
-14.545541420965169,0.00043839964562861694,0.18622535857394701
-14.520671194493886,0.00044251989602946763,0.18527855728697823
-14.495800968022602,0.0004468938989381724,0.18430743663545926
-14.470930741551319,0.00045152353122180993,0.18331243023987903
-14.446060515080037,0.00045641049763103667,0.18229398070855699
-14.421190288608752,0.0004615563289445926,0.18125253931008656
-14.39632006213747,0.00046696238024038705,0.18018856564074867
-14.371449835666185,0.00047262982929552756,0.17910252728723625
-14.346579609194903,0.00047855967511769003,0.17799489948503819
-14.321709382723618,0.00048475273661028001,0.17686616477282771
-14.296839156252336,0.00049120965137385442,0.17571681264320957
-14.271968929781053,0.00049793087464633252,0.17454733919017529
-14.247098703309769,0.00050491667838451718,0.17335824675362324
-14.222228476838486,0.00051216715048949619,0.17215004356129743
-14.197358250367202,0.00051968219417848974,0.17092324336849971
-14.172488023895919,0.00052746152750571403,0.16967836509593331
-14.147617797424635,0.00053550468303484571,0.16841593246603023
-14.122747570953353,0.00054381100766562036,0.16713647363811926
-14.097877344482068,0.00055237966261713193,0.16584052084278553
-14.073007118010786,0.00056120962357029947,0.16452861001577573
-14.048136891539503,0.0005702996809719864,0.1632012804317948
-14.023266665068219,0.00057964844050316009,0.16185907433854391
-13.998396438596936,0.00058925432371342238,0.1605025365913422
-13.973526212125652,0.00059911556882418166,0.15913221428867166
-13.948655985654369,0.00060923023170260826,0.15774865640898386
-13.923785759183085,0.00061959618700844804,0.15635241344909837
-13.898915532711802,0.00063021112951561773,0.1549440370645235
-13.87404530624052,0.00064107257561040766,0.15352407971201898
-13.849175079769235,0.00065217786496793342,0.15209309429472118
-13.824304853297953,0.00066352416240835301,0.1506516338101411
-13.799434626826669,0.00067510845993418568,0.14920025100134046
-13.774564400355386,0.00068692757894985772,0.14773949801158801
-13.749694173884102,0.00069897817266445018,0.14626992604278527
-13.724823947412819,0.00071125672867835144,0.14479208501795202
-13.699953720941535,0.00072375957175435895,0.14330652324804555
-13.675083494470252,0.0007364828667734577,0.14181378710338979
-13.65021326799897,0.00074942262187534519,0.14031442068997282
-13.625343041527685,0.00076257469178340933,0.13880896553087246
-13.600472815056403,0.00077593478131367992,0.13729796025305455
-13.575602588585118,0.00078949844906693665,0.13578194027978224
-13.550732362113836,0.00080326111130286709,0.13426143752886874
-13.525862135642551,0.00081721804599488941,0.13273698011699084
-13.500991909171269,0.00083136439706390044,0.13120909207027903
-13.476121682699986,0.00084569517878892424,0.12967829304138284
-13.451251456228702,0.00086020528039227587,0.12814509803320795
-13.426381229757419,0.0008748894707965323,0.12661001712950726
-13.401511003286135,0.00088974240355026884,0.12507355523249888
-13.376640776814853,0.00090475862191912988,0.12353621180767814
-13.351770550343568,0.00091993256413851622,0.12199848063597439
-13.326900323872286,0.00093525856882374083,0.12046084957340066
-13.302030097401003,0.00095073088053322294,0.11892380031832704
-13.277159870929719,0.00096634365547985685,0.11738780818650525
-13.252289644458436,0.00098209096738539545,0.11585334189395713
-13.227419417987152,0.00099796681347231477,0.11432086334783047
-13.202549191515869,0.0010139651205872272,0.112790827445319
-13.177678965044585,0.0010300797514496501,0.11126368188072699
-13.152808738573302,0.0010463045110194814,0.10973986696075631
-13.127938512102018,0.0010626331529763138,0.10821981542807582
-13.103068285630735,0.001079059386303252,0.10670395229323125
-13.078198059159453,0.0010955768819677181,0.10519269467493574
-13.053327832688169,0.0011121792796912819,0.10368645164877834
-13.028457606216886,0.0011288601948003345,0.10218562410437378
-13.003587379745602,0.001145613225149112,0.1006906046109676
-12.978717153274319,0.0011624319581062612,0.099201777291504381
-12.953846926803035,0.0011793099775959319,0.097719517705152248
-12.928976700331752,0.0011962408711840601,0.096244192738273615
-12.90410647386047,0.0012132182372003521,0.09477616050381675
-12.879236247389185,0.00123023569188618,0.093315770249099511
-12.854366020917903,0.0012472868765584506,0.091863362271944693
-12.829495794446618,0.0012643654647793313,0.090419267845116835
-12.804625567975336,0.0012814651695215017,0.088983809149006873
-12.779755341504051,0.0012985797503185484,0.087557299212496068
-12.754885115032769,0.00131570302038988,0.08614004186192957
-12.730014888561486,0.0013328288537295899,0.084732331678115891
-12.705144662090202,0.0013499511921484723,0.083334453961266541
-12.680274435618919,0.0013670640522584487,0.081946684703779013
-12.655404209147635,0.0013841615323886155,0.080569290570760052
-12.630533982676353,0.0014012378194220507,0.07920252888818187
-12.605663756205068,0.0014182871955426728,0.077846647638552535
-12.580793529733786,0.0014353040448813338,0.076501885463981317
-12.555923303262501,0.0014522828600505547,0.075168471676507656
-12.531053076791219,0.0014692182485572737,0.07384662627556271
-12.506182850319936,0.0014861049390832261,0.072536559972421019
-12.481312623848652,0.0015029377876226023,0.07123847422149962
-12.456442397377369,0.0015197117834669224,0.069952561258354209
-12.431572170906085,0.0015364220550271672,0.068679004144216529
-12.406701944434802,0.0015530638754835087,0.067417976816916622
-12.381831717963518,0.0015696326682531775,0.066169644148024051
-12.356961491492235,0.0015861240122673214,0.064934162006043947
-12.332091265020953,0.0016025336470479998,0.063711677325494556
-12.307221038549669,0.0016188574775767403,0.062502328181694961
-12.282350812078386,0.0016350915789465235,0.061306243871084923
-12.257480585607102,0.0016512322007893369,0.060123544996896677
-12.232610359135819,0.0016672757714718915,0.058954343559998568
-12.207740132664535,0.0016832189020524865,0.057798743054723739
-12.182869906193252,0.0016990583899924364,0.056656838569500448
-12.157999679721968,0.0017147912226159572,0.055528716892093391
-12.133129453250685,0.0017304145803128373,0.054414456619269559
-12.108259226779403,0.0017459258394787467,0.053314128270695649
-12.083389000308118,0.0017613225751885175,0.052227794406878136
-12.058518773836836,0.0017766025635982678,0.051155509750953024
-12.033648547365551,0.001791763784072762,0.050097321314132644
-12.008778320894269,0.0018068044210349564,0.049053268524619012
-11.983908094422985,0.001821722865535231,0.048023383359789333
-11.959037867951702,0.0018365177165383818,0.047007690481464456
-11.934167641480419,0.0018511877819270379,0.046006207374066403
-11.909297415009135,0.0018657320792207039,0.045018944485477136
-11.884427188537853,0.001880149836010284,0.044045905370408041
-11.859556962066568,0.0018944404901085122,0.043087086836091693
-11.834686735595286,0.0019086036894172592,0.042142479090111248
-11.809816509124001,0.0019226392915133879,0.0412120658901802
-11.784946282652719,0.0019365473629553353,0.040295824695692109
-11.760076056181436,0.0019503281783132406,0.039393726820856914
-11.735205829710152,0.001963982218926027,0.038505737589247267
-11.710335603238869,0.0019775101713894083,0.03763181648957771
-11.685465376767585,0.0019909129257794371,0.036771917332542495
-11.660595150296302,0.0020041915736166808,0.035925988408542768
-11.635724923825018,0.0020173474055767949,0.035093972646133134
-11.610854697353735,0.0020303819089537122,0.034275807771024604
-11.585984470882451,0.0020432967648822842,0.033471426465480174
-11.561114244411169,0.00205609384532768,0.032680756527946525
-11.536244017939886,0.0020687752098494236,0.031903721032764808
-11.511373791468602,0.0020813431021483504,0.031140238489810606
-11.486503564997319,0.0020937999464053629,0.030390223003914561
-11.461633338526035,0.0021061483434212016,0.029653584433918787
-11.436763112054752,0.0021183910665669731,0.028930228551230498
-11.411892885583468,0.0021305310575555473,0.028220057197734523
-11.387022659112185,0.0021425714220443212,0.027522968442933983
-11.362152432640903,0.0021545154250802666,0.02683885674018946
-11.337282206169618,0.0021663664863984457,0.02616761308193347
-11.312411979698336,0.0021781281755855432,0.025509125153739827
-11.287541753227051,0.0021898042071202663,0.024863277487131588
-11.262671526755769,0.0022013984353026527,0.024229951611017261
-11.237801300284485,0.0022129148490846397,0.023609026201646607
-11.212931073813202,0.0022243575668143912,0.023000377230984404
-11.188060847341919,0.0022357308309070962,0.022403878113402574
-11.163190620870637,0.0022470390024550211,0.02181939985059719
-11.138320394399351,0.0022582865557898226,0.021246811174640036
-11.113450167928068,0.0022694780730100521,0.020685978689079725
-11.088579941456786,0.002280618238487013,0.020136767008010238
-11.063709714985503,0.0022917118333619407,0.01959903889303146
-11.038839488514217,0.0023027637300476302,0.019072655388027989
-11.013969262042934,0.0023137788867474947,0.01855747595169914
-10.989099035571652,0.0023247623420049419,0.018053358587774779
-10.964228809100369,0.0023357192092959252,0.017560159972859007
-10.939358582629087,0.0023466546716772447,0.017077735581844954
-10.914488356157801,0.0023575739765031357,0.016605939810849839
-10.889618129686518,0.0023684824302223329,0.016144626097623339
-10.864747903215235,0.0023793853932676905,0.015693647039385097
-10.839877676743953,0.0023902882750500014,0.015252854508053561
-10.815007450272667,0.0024011965290675311,0.014822099762829758
-10.790137223801384,0.0024121156481422762,0.014401233560105533
-10.765266997330102,0.0024230511597937462,0.01399010626066753
-10.740396770858819,0.002434008621760519,0.013588567934174324
-10.715526544387536,0.0024449936176795814,0.013196468460885709
-10.69065631791625,0.0024560117529328182,0.012813657630627534
-10.665786091444968,0.0024670686506697258,0.012439985238979542
-10.640915864973685,0.0024781699480148139,0.012075301180675362
-10.616045638502403,0.0024893212924676769,0.011719455540209481
-10.59117541203112,0.0025005283385032035,0.011372298679647161
-10.566305185559834,0.0025117967443787758,0.011033681323637511
-10.541434959088551,0.0025231321691547848,0.01070345464163292
-10.516564732617269,0.0025345402699341888,0.010381470327320171
-10.491694506145986,0.0025460266993261676,0.010067580675272926
-10.4668242796747,0.0025575971031383767,0.0097616386548364503
-10.441954053203418,0.0025692571183016247,0.0094634979812593702
-10.417083826732135,0.0025810123710301781,0.0091730131840885645
-10.392213600260853,0.0025928684752201561,0.0088900396728473635
-10.36734337378957,0.0026048310310879453,0.0086144338000180339
-10.342473147318284,0.0026169056240497438,0.0083460529213528062
-10.317602920847001,0.0026290978238427648,0.0080847554535396025
-10.292732694375719,0.0026414131838879314,0.0078304009292501347
-10.267862467904436,0.0026538572408931513,0.0075828500496013555
-10.24299224143315,0.0026664355146956476,0.0073419647340615722
-10.218122014961867,0.0026791535083411119,0.0071076081678355376
-10.193251788490585,0.0026920167083967564,0.0068796448467634292
-10.168381562019302,0.0027050305854946968,0.00665794061977148
-10.14351133554802,0.0027182005951014083,0.006442362728912277
-10.118641109076734,0.0027315321785083575,0.0062327798470348935
-10.093770882605451,0.0027450307640382709,0.0060290621131261525
-10.068900656134169,0.0027587017684608584,0.0058310811653651037
-10.044030429662886,0.0027725505986112035,0.0056387101719348274
-10.019160203191603,0.0027865826532034047,0.0054518238596356506
-9.9942899767203173,0.0028008033248315359,0.0052702985403454954
-9.9694197502490347,0.0028152180021493094,0.005094012135373787
-9.9445495237777521,0.0028298320722194405,0.0049228441977556695
-9.9196792973064696,0.0028446509230230094,0.0047566759325347848
-9.8948090708351835,0.0028596799461187996,0.0045953902150826396
-9.8699388443639009,0.0028749245394419239,0.0044388716075036945
-9.8450686178926183,0.002890390110230818,0.0042870063731751422
-9.8201983914213358,0.0029060820780710279,0.0041396824894715314
-9.7953281649500532,0.00292200587804402,0.0039967896587238313
-9.7704579384787671,0.0029381669639687441,0.0038582193174632822
-9.7455877120074845,0.0029545708117234208,0.003723864644000395
-9.720717485536202,0.0029712229226346747,0.0035936205643892646
-9.6958472590649194,0.0029881288269209103,0.0034673837568279793
-9.6709770325936333,0.0030052940871765116,0.0033450526545451718
-9.6461068061223507,0.0030227243018833179,0.0032265274472231898
-9.6212365796510682,0.0030404251089356216,0.0031117100810076985
-9.5963663531797856,0.0030584021891647802,0.0030005042571538869
-9.571496126708503,0.0030766612698494562,0.0028928154293586489
-9.5466259002372169,0.0030952081281974122,0.0027885507998279538
-9.5217556737659343,0.0031140485947847513,0.0026876193141284949
-9.4968854472946518,0.0031331885569385195,0.0025899316548716471
-9.4720152208233692,0.0031526339620486041,0.002495400234278146
-9.4471449943520867,0.0031723908207948806,0.0024039391856705843
-9.4222747678808005,0.0031924652102758039,0.0023154643539407475
-9.397404541409518,0.0032128632770245967,0.0022298932850381274
-9.3725343149382354,0.0032335912398995508,0.0021471452145250675
-9.3476640884669528,0.0032546553928349807,0.0020671410552437967
-9.3227938619956667,0.0032760621074397777,0.0019898033841394586
-9.2979236355243842,0.0032978178354306294,0.0019150564282828389
-9.2730534090531016,0.0033199291108874434,0.001842826050135456
-9.248183182581819,0.0033424025523186751,0.0017730397320992509
-9.2233129561105365,0.0033652448645247529,0.0017056265603920002
-9.1984427296392504,0.0033884628402481372,0.0016405172082889039
-9.1735725031679678,0.0034120633615989716,0.0015776439187699949
-9.1487022766966852,0.0034360534012457611,0.0015169404866119572
-9.1238320502254027,0.0034604400233609607,0.0014583422399623972
-9.0989618237541166,0.0034852303843118482,0.0014017860214333893
-9.074091597282834,0.0035104317330876349,0.001347210168750473
-9.0492213708115514,0.0035360514114542514,0.0012945544949921378
-9.0243511443402689,0.0035620968538288469,0.0012437602684542096
-8.9994809178689863,0.0035885755868666019,0.001194770192172326
-8.9746106913977002,0.0036154952287530849,0.0011475283831349509
-8.9497404649264176,0.0036428634881959725,0.0011019803512184224
-8.9248702384551351,0.0036706881631106223,0.0010580729778744493
-8.9000000119838525,0.0036989771389945797,0.0010157544945997919
-8.8751297855125699,0.0037277383869868054,0.00097497446121667432
-8.8502595590412838,0.0037569799616080654,0.00093568374399168454
-8.8253893325700012,0.0037867099981795656,0.00089783449361998085
-8.8005191060987187,0.0038169367099176667,0.00086138012310057403
-8.7756488796274361,0.0038476683847031247,0.00082627528552774751
-8.75077865315615,0.0038789133815240158,0.00079247585182253748
-8.7259084266848674,0.0039106801265922217,0.00075993888842746521
-8.7010382002135849,0.003942977109134051,0.00072862263498664113
-8.6761679737423023,0.0039758128768561714,0.00069848648203267138
-8.6512977472710197,0.0040091960310887987,0.00066949094870073864
-8.6264275207997336,0.0040431352216088023,0.00064159766048944096
-8.6015572943284511,0.004077639141145898,0.00061476932708713541
-8.5766870678571685,0.0041127165195760321,0.00058896972028158736
-8.5518168413858859,0.0041483761178063719,0.00056416365197003483
-8.5269466149145998,0.0041846267213573683,0.00054031695228582745
-8.5020763884433173,0.00422147713364757,0.00051739644785708946
-8.4772061619720347,0.0042589361689879578,0.00049536994021196379
-8.4523359355007521,0.0042970126452926954,0.00047420618434435978
-8.4274657090294696,0.004335715376514177,0.00045387486745322616
-8.4025954825581834,0.0043750531648106611,0.00043434658786771057
-8.3777252560869009,0.0044150347924553088,0.00041559283416982837
-8.3528550296156183,0.0044556690134961467,0.00039758596452550411
-8.3279848031443358,0.0044969645451768438,0.0003802991862342424
-8.3031145766730496,0.0045389300591287774,0.00036370653550691858
-8.2782443502017671,0.0045815741723453582,0.00034778285748059373
-8.2533741237304845,0.0046249054379500793,0.00033250378647853908
-8.2285038972592019,0.0046689323357701276,0.00031784572652313335
-8.2036336707879194,0.0047136632627278255,0.00030378583210858808
-8.1787634443166333,0.0047591065230627606,0.00029030198923993283
-8.1538932178453507,0.0048052703183975413,0.00027737279674410831
-8.1290229913740681,0.004852162737660818,0.00026497754785843143
-8.1041527649027856,0.0048997917468812206,0.00025309621210122159
-8.079282538431503,0.0049481651788664937,0.00024170941742880298
-8.0544123119602169,0.0049972907227821793,0.00023079843268263294
-8.0295420854889343,0.0050471759136445716,0.00022034515032981987
-8.0046718590176518,0.0050978281217429764,0.00021033206949980422
-7.9798016325463692,0.0051492545420064595,0.000200742279319588
-7.9549314060750831,0.0052014621833304069,0.00019155944254939898
-7.9300611796038005,0.0052544578578786975,0.0001827677795203261
-7.905190953132518,0.0053082481703771714,0.00017435205237501119
-7.8803207266612354,0.0053628395074143444,0.00016629754961216081
-7.8554505001899528,0.0054182380267654507,0.00015859007093523402
-7.8305802737186667,0.0054744496467560811,0.00015121591240533519
-7.8057100472473842,0.0055314800356816071,0.0001441618518980216
-7.7808398207761016,0.0055893346012988523,0.00013741513486338502
-7.755969594304819,0.005648018480406425,0.0001309634603885196
-7.7310993678335329,0.0057075365285301346,0.00012479496756115602
-7.7062291413622503,0.0057678933097300633,0.00011889822213300307
-7.6813589148909678,0.0058290930865458205,0.00011326220348106438
-7.6564886884196852,0.0058911398100964327,0.00010787629186497511
-7.6316184619484027,0.0059540371103514265,0.00010273025597816189
-7.6067482354771165,0.0060177882865895607,9.7814240790418673e-05
-7.581878009005834,0.0060823962980615055,9.3118755679300722e-05
-7.5570077825345514,0.0061478637548730833,8.8634662847531141e-05
-7.5321375560632688,0.0062141929091050667,8.4353166023464775e-05
-7.5072673295919863,0.0062813856461858848,8.026579944146869e-05
-7.4823971031207002,0.0063494434765333204,7.6364417098937233e-05
-7.4575268766494176,0.0064183675274810462,7.2641182286522775e-05
-7.432656650178135,0.0064881585355060891,6.9088557388019217e-05
-7.4077864237068525,0.0065588168387726679,6.5699293946238656e-05
-7.3829161972355664,0.0066303423700081595,6.2466422991093047e-05
-7.3580459707642838,0.0067027346497264117,5.9383245626006226e-05
-7.3331757442930012,0.0067759927798138947,5.6443323868686957e-05
-7.3083055178217187,0.00685011543749337,5.3640471742219271e-05
-7.2834352913504361,0.0069251008696801777,5.0968746612352892e-05
-7.25856506487915,0.0070009468877456731,4.8422440766810648e-05
-7.2336948384078674,0.0070776508627021055,4.5996073232387241e-05
-7.2088246119365849,0.0071552097208232596,4.3684381825551087e-05
-7.1839543854653023,0.007233619939714565,4.1482315432241403e-05
-7.1590841589940162,0.0073128775448464507,3.9385026512505187e-05
-7.1342139325227336,0.0073929781065640325,3.7387863825606782e-05
-7.1093437060514511,0.0074739167375865367,3.5486365371213481e-05
-7.0844734795801685,0.0075556880910087323,3.3676251542262599e-05
-7.0596032531088859,0.0076382863588170475,3.1953418485098399e-05
-7.0347330266375998,0.0077217052709322208,3.0313931662473548e-05
-7.0098628001663172,0.0078059380947901689,2.8754019615016449e-05
-6.9849925736950347,0.0078909776354723279,2.7270067916769707e-05
-6.9601223472237521,0.0079768162363962163,2.585861332043195e-05
-6.9352521207524696,0.008063445780576585,2.4516338087944387e-05
-6.9103818942811834,0.0081508576924672702,2.324006450209471e-05
-6.8855116678099009,0.0082390429403927153,2.202674955483988e-05
-6.8606414413386183,0.0083279920395788049,2.0873479808074882e-05
-6.8357712148673357,0.0084176950557905052,1.9777466422621887e-05
-6.8109009883960496,0.0085081416095848812,1.8736040351242565e-05
-6.7860307619247671,0.0085993208811861802,1.7746647691527008e-05
-6.7611605354534845,0.0086912216159900409,1.6806845194551504e-05
-6.7362903089822019,0.00878383213070222,1.5914295925252355e-05
-6.7114200825109194,0.0088771403201176585,1.5066765070507313e-05
-6.6865498560396333,0.0089711336645440631,1.426211589097243e-05
-6.6616796295683507,0.0090657992378739213,1.3498305812776578e-05
-6.6368094030970681,0.009161123716308105,1.2773382655230682e-05
-6.6119391766257856,0.0092570933877330376,1.2085480990770347e-05
-6.5870689501544994,0.0093536941617531327,1.143281863340781e-05
-6.5621987236832169,0.0094509115803786056,1.0813693252032035e-05
-6.5373284972119343,0.0095487308293688289,1.0226479104956552e-05
-6.5124582707406518,0.0096471367502292439,9.6696238921814374e-06
-6.4875880442693692,0.0097461138528600767,9.1416457218968216e-06
-6.4627178177980831,0.0098456463288532688,8.6411301878227693e-06
-6.4378475913268005,0.0099457180654332761,8.1667275540460056e-06
-6.4129773648555179,0.010046312660036531,7.717150044079218e-06
-6.3881071383842354,0.010147413435522766,7.291169230937608e-06
-6.3632369119129528,0.010249003456010777,6.8876135250926101e-06
-6.3383666854416667,0.010351065543329818,6.5053657572307603e-06
-6.3134964589703841,0.010453582294076386,6.1433608528134923e-06
-6.2886262324991016,0.01055653609726565,5.8005835954997273e-06
-6.263756006027819,0.010659909152564746,5.4760664765621147e-06
-6.2388857795565329,0.010763683489094287,5.1688876274931543e-06
-6.2140155530852503,0.0108678409847833,4.878168833065424e-06
-6.1891453266139678,0.010972363386261274,4.603073622175165e-06
-6.1642751001426852,0.011077232329269639,4.3428054338662477e-06
-6.1394048736714026,0.011182429359573927,4.096605855995276e-06
-6.1145346472001165,0.011287935954356376,3.8637529340643939e-06
-6.089664420728834,0.01139373354406723,3.6435595478125105e-06
-6.0647941942575514,0.011499803534712331,3.4353718532187332e-06
-6.0399239677862688,0.011606127330552038,3.2385677876356927e-06
-6.0150537413149827,0.011712686357186593,3.0525556358313814e-06
-5.9901835148437002,0.011819462085000412,2.8767726547803336e-06
-5.9653132883724176,0.011926436052937637,2.7106837551045762e-06
-5.940443061901135,0.0120335898925788,2.5537802371253225e-06
-5.9155728354298525,0.012140905352488202,2.4055785795440901e-06
-5.8907026089585663,0.012248364322799774,2.2656192788300578e-06
-5.8658323824872838,0.012355948860007815,2.133465737447333e-06
-5.8409621560160012,0.012463641211928334,2.0087031991109107e-06
-5.8160919295447187,0.012571423842795283,1.890937729315767e-06
-5.7912217030734325,0.012679279458454314,1.7797952394361882e-06
-5.76635147660215,0.012787191031616617,1.6749205527460038e-06
-5.7414812501308674,0.012895141827133664,1.5759765107610809e-06
-5.7166110236595848,0.013003115427252456,1.4826431183569457e-06
-5.6917407971883023,0.013111095756810971,1.3946167261629675e-06
-5.6668705707170162,0.013219067108331366,1.3116092487834487e-06
-5.6420003442457336,0.013327014166968678,1.2333474174431349e-06
-5.617130117774451,0.013434922035271609,1.1595720657007081e-06
-5.5922598913031685,0.013542776257711036,1.090037446919309e-06
-5.5673896648318859,0.013650562844932258,1.0245105822268301e-06
-5.5425194383605998,0.013758268297685013,9.6277063774194328e-07
-5.5176492118893172,0.013865879630386727,9.0460832988369362e-07
-5.4927789854180347,0.013973384394272242,8.4982535762316995e-07
-5.4679087589467521,0.014080770700084616,7.9823386057589065e-07
-5.443038532475466,0.014188027240260338,7.4965590187196146e-07
-5.4181683060041834,0.014295143310563028,7.0392297477896925e-07
-5.3932980795329009,0.014402108831119399,6.6087553208912234e-07
-5.3684278530616183,0.014508914366811409,6.2036253731797942e-07
-5.3435576265903357,0.014615551146979103,5.8224103679660368e-07
-5.3186874001190496,0.014722011084388609,5.4637575177274741e-07
-5.293817173647767,0.014828286793420804,5.1263868966935902e-07
-5.2689469471764845,0.014934371607436507,4.8090877368037506e-07
-5.2440767207052019,0.015040259595274542,4.5107148991468513e-07
-5.2192064942339158,0.015145945576840425,4.2301855132887105e-07
-5.1943362677626332,0.015251425137743935,3.9664757771837435e-07
-5.1694660412913507,0.015356694642945425,3.7186179106471129e-07
-5.1445958148200681,0.015461751249371221,3.4856972556363744e-07
-5.1197255883487855,0.015566592917460507,3.2668495168534942e-07
-5.0948553618774994,0.015671218421607083,3.0612581364335091e-07
-5.0699851354062169,0.015775627359461232,2.8681517967323243e-07
-5.0451149089349343,0.015879820160058181,2.6868020454639194e-07
-5.0202446824636517,0.015983798090742123,2.5165210376683646e-07
-4.9953744559923692,0.016087563262855691,2.3566593892139551e-07
-4.9705042295210831,0.016191118636167803,2.2066041367520086e-07
-4.9456340030498005,0.016294468022014043,2.0657767992507505e-07
-4.9207637765785179,0.016397616085126493,1.9336315364346415e-07
-4.8958935501072354,0.0165005683441318,1.8096533996496616e-07
-4.8710233236359493,0.016603331170699131,1.6933566708610197e-07
-4.8461530971646667,0.016705911787321351,1.5842832856701208e-07
-4.8212828706933841,0.016808318263716406,1.4820013364107519e-07
-4.7964126442221016,0.016910559511837203,1.3861036515521026e-07
-4.771542417750819,0.017012645279482461,1.2962064477967945e-07
-4.7466721912795329,0.017114586142501803,1.211948051417426e-07
-4.7218019648082503,0.017216393495593441,1.1329876855244703e-07
-4.6969317383369678,0.017318079541693645,1.0590043201018414e-07
-4.6720615118656852,0.017419657279961479,9.8969558178500021e-08
-4.6471912853943991,0.017521140492364168,9.2477672048909552e-08
-4.6223210589231165,0.017622543728872307,8.6397963012274343e-08
-4.5974508324518339,0.017723882291276593,8.0705192074559958e-08
-4.5725806059805514,0.017825172215640554,7.5375603964631549e-08
-4.5477103795092688,0.017926430253407555,7.0386843893049527e-08
-4.5228401530379827,0.018027673851182518,6.5717878731736689e-08
-4.4979699265667001,0.018128921129211863,6.1348922394835724e-08
-4.4730997000954176,0.018230190858589162,5.7261365211096532e-08
-4.448229473624135,0.018331502437215111,5.3437707087776861e-08
-4.4233592471528524,0.018432875864545128,4.9861494275245246e-08
-4.3984890206815663,0.018534331715159648,4.651725955033811e-08
-4.3736187942102838,0.018635891111195395,4.3390465645003009e-08
-4.3487485677390012,0.018737575693678402,4.0467451754875739e-08
-4.3238783412677186,0.018839407592802525,3.7735382970244149e-08
-4.2990081147964325,0.018941409397199797,3.5182202479285853e-08
-4.27413788832515,0.019043604122250871,3.2796586400619194e-08
-4.2492676618538674,0.01914601517748734,3.0567901109028709e-08
-4.2243974353825848,0.019248666333138979,2.848616292477193e-08
-4.1995272089113023,0.019351581685881615,2.6542000043118788e-08
-4.1746569824400162,0.019454785623843739,2.4726616586756548e-08
-4.1497867559687336,0.019558302790931278,2.303175866941345e-08
-4.124916529497451,0.019662158050532726,2.1449682364508378e-08
-4.1000463030261685,0.019766376448667404,1.9973123477864863e-08
-4.0751760765548823,0.019870983176642321,1.8595269028504113e-08
-4.0503058500835998,0.019976003533284065,1.7309730346300653e-08
-4.0254356236123172,0.020081462886813228,1.6110517699822617e-08
-4.0005653971410347,0.020187386636430653,1.4992016372026795e-08
-3.9756951706697521,0.020293800173685227,1.3948964105608999e-08
-3.950824944198466,0.020400728843694,1.2976429843765772e-08
-3.9259547177271834,0.020508197906286278,1.2069793695887066e-08
-3.9010844912559008,0.020616232497143581,1.1224728061289177e-08
-3.8762142647846183,0.020724857589007752,1.0437179847522996e-08
-3.8513440383133357,0.020834097953029651,9.7033537230503634e-09
-3.8264738118420496,0.020943978120331563,9.0196963471896446e-09
-3.801603585370767,0.021054522343854663,8.3828815231913501e-09
-3.7767333588994845,0.021165754560564656,7.7897962231195825e-09
-3.7518631324282019,0.021277698354086372,7.2375274359003127e-09
-3.7269929059569158,0.021390376917838655,6.7233497924463966e-09
-3.7021226794856332,0.021503813018739205,6.244713924200123e-09
-3.6772524530143507,0.021618028961548751,5.7992355137414008e-09
-3.6523822265430681,0.021733046553922292,5.3846849983086584e-09
-3.6275120000717855,0.021848887072233557,4.9989778891650633e-09
-3.6026417736004994,0.021965571228238463,4.6401656717289399e-09
-3.5777715471292169,0.022083119136640107,4.3064272532724178e-09
-3.5529013206579343,0.022201550283617696,3.9960609267832416e-09
-3.5280310941866517,0.02232088349637814,3.7074768212876121e-09
-3.5031608677153656,0.022441136913788656,3.4391898105454311e-09
-3.478290641244083,0.022562327958145112,3.1898128535645271e-09
-3.4534204147728005,0.022684473308129414,2.9580507418342351e-09
-3.4285501883015179,0.022807588873006338,2.7426942295610928e-09
-3.4036799618302354,0.022931689768107239,2.5426145244978616e-09
-3.3788097353589492,0.023056790291646815,2.3567581181999271e-09
-3.3539395088876667,0.023182903902913787,2.1841419357206612e-09
-3.3290692824163841,0.023310043201876601,2.0238487858730611e-09
-3.3041990559451015,0.023438219910239238,1.8750230942439125e-09
-3.279328829473819,0.023567444853981146,1.736866902147637e-09
-3.2544586030025329,0.023697727947411384,1.6086361156570181e-09
-3.2295883765312503,0.023829078178763993,1.4896369897468088e-09
-3.2047181500599677,0.023961503597358488,1.379222833436802e-09
-3.1798479235886852,0.024095011302345228,1.2767909226270984e-09
-3.1549776971173991,0.024229607433053812,1.1817796080800279e-09
-3.1301074706461165,0.024365297160957259,1.0936656067244825e-09
-3.1052372441748339,0.024502084683262752,1.0119614651403342e-09
-3.0803670177035514,0.024639973218135641,9.362131847259673e-10
-3.0554967912322688,0.02477896500156038,8.659979986611057e-10
-3.0306265647609827,0.024919061285838314,8.0092229135391271e-10
-3.0057563382897001,0.025060262339718968,7.4061965160570984e-10
-2.9808861118184176,0.025202567450158534,6.8474905124110463e-10
-2.956015885347135,0.025345974925695184,6.3299314143747264e-10
-2.9311456588758489,0.025490482101427923,5.8505665944637024e-10
-2.9062754324045663,0.025636085345583089,5.4066493883286e-10
-2.8814052059332838,0.025782780067648069,4.995625167674269e-10
-2.8565349794620012,0.025930560728049917,4.6151183229126194e-10
-2.8316647529907186,0.026079420849352976,4.2629200983948673e-10
-2.8067945265194325,0.02622935302894697,3.9369772265037573e-10
-2.7819243000481499,0.026380348953193352,3.6353813101239091e-10
-2.7570540735768674,0.026532399412996503,3.3563589060603024e-10
-2.7321838471055848,0.026685494320761709,3.0982622648537633e-10
-2.7073136206342987,0.026839622728701364,2.8595606851521518e-10
-2.6824433941630161,0.026994772848446483,2.6388324433516744e-10
-2.6575731676917336,0.027150932071920042,2.4347572616281235e-10
-2.632702941220451,0.027308086993424841,2.2461092797451217e-10
-2.6078327147491684,0.027466223432897913,2.0717504981588257e-10
-2.5829624882778823,0.027625326460280715,1.9106246619474796e-10
-2.5580922618065998,0.027785380420952757,1.7617515569844164e-10
-2.5332220353353172,0.027946368962174763,1.6242216915506167e-10
-2.5083518088640346,0.0281082750604859,1.4971913382571377e-10
-2.4834815823927521,0.028271081049998113,1.3798779127195678e-10
-2.458611355921466,0.028434768651529677,1.2715556669069934e-10
-2.4337411294501834,0.028599319002518636,1.1715516764782182e-10
-2.4088709029789008,0.028764712687655906,1.0792421027248017e-10
-2.3840006765076183,0.028930929770177437,9.940487109692498e-11
-2.3591304500363321,0.02909794982375399,9.154356284196537e-11
-2.3342602235650496,0.029265751964915921,8.4290632556648857e-11
-2.309389997093767,0.029434314885951107,7.7600080622421658e-11
-2.2845197706224845,0.029603616888213936,7.1429299227638975e-11
-2.2596495441512019,0.029773635915781187,6.5738829007910548e-11
-2.2347793176799158,0.029944349589393925,6.0492132631951337e-11
-2.2099090912086332,0.030115735240622415,5.5655384191559174e-11
-2.1850388647373507,0.030287769946191832,5.1197273328383418e-11
-2.1601686382660681,0.03046043056240777,4.7088823099636853e-11
-2.135298411794782,0.030633693759620561,4.3303220649994337e-11
-2.1104281853234994,0.03080753605666816,3.9815659817998603e-11
-2.0855579588522168,0.030981933855238342,3.6603194862483392e-11
-2.0606877323809343,0.031156863474092463,3.3644604548166234e-11
-2.0358175059096517,0.031332301183092562,3.0920265879763895e-11
-2.0109472794383656,0.031508223236976877,2.8412036821041563e-11
-1.986077052967083,0.031684605908828017,2.6103147379257018e-11
-1.9612068264958005,0.031861425523181629,2.3978098476695041e-11
-1.9363366000245179,0.032038658488722255,2.2022568069609793e-11
-1.9114663735532353,0.032216281330517585,2.02233240110028e-11
-1.8865961470819492,0.032394270721740642,1.8568143187478522e-11
-1.8617259206106667,0.032572603514834479,1.7045736492036153e-11
-1.8368556941393841,0.032751256772072981,1.5645679224225854e-11
-1.8119854676681015,0.032930207795475175,1.4358346536758767e-11
-1.7871152411968154,0.033109434156030106,1.3174853573499652e-11
-1.7622450147255329,0.03328891372219428,1.2086999967941863e-11
-1.7373747882542503,0.033468624687622531,1.1087218393835835e-11
-1.7125045617829677,0.033648545598096685,1.0168526880741891e-11
-1.6876343353116852,0.033828655377619039,9.3244846269775721e-12
-1.662764108840399,0.034008933353637735,8.549151060832132e-12
-1.6378938823691165,0.034189359281374988,7.8370479181026433e-12
-1.6130236558978339,0.034369913367230047,7.1831241200406388e-12
-1.5881534294265514,0.034550576291231282,6.5827232507718539e-12
-1.5632832029552652,0.034731329228513623,6.0315534472142577e-12
-1.5384129764839827,0.034912153869799609,5.5256595275522038e-12
-1.5135427500127001,0.035093032440864771,5.061397196477559e-12
-1.4886725235414175,0.035273947720969021,4.6354091767434745e-12
-1.463802297070135,0.035454883060238675,4.2446031271421515e-12
-1.4389320705988489,0.035635822395985471,3.8861312168690246e-12
-1.4140618441275663,0.035816750267950108,3.5573712354161795e-12
-1.3891916176562837,0.035997651832461126,3.2559091256901262e-12
-1.3643213911850012,0.036178512875499891,2.9795228360195388e-12
-1.3394511647137186,0.036359319824666135,2.7261673941389136e-12
-1.3145809382424325,0.036540059760039122,2.493961113146248e-12
-1.2897107117711499,0.036720720423930778,2.28117284586739e-12
-1.2648404852998674,0.036901290229530821,2.0862102100485606e-12
-1.2399702588285848,0.037081758268442851,1.9076087123740063e-12
-1.2151000323572987,0.03726211431711357,1.7440217044907804e-12
-1.1902298058860161,0.037442348842159003,1.5942111090485749e-12
-1.1653595794147336,0.037622453004591001,1.4570388582489366e-12
-1.140489352943451,0.037802418662952662,1.3314589915724298e-12
-1.1156191264721684,0.037982238375366247,1.2165103632304292e-12
-1.0907489000008823,0.038161905400506513,1.1113099134954024e-12
-1.0658786735295998,0.038341413697505627,1.0150464614143064e-12
-1.0410084470583172,0.038520757924803445,9.2697497952357842e-13
-1.0161382205870346,0.03869993343795379,8.4641131407734707e-13
-0.99126799411574851,0.038878936286399907,7.7272731698636384e-13
-0.96639776764446594,0.039057763209234375,7.0534635816066537e-13
-0.94152754117318338,0.039236411629957342,6.4373918926457767e-13
-0.91665731470190082,0.039414879650250145,5.8742013204311577e-13
-0.89178708823061825,0.039593166042780244,5.3594356637363892e-13
-0.86691686175933214,0.039771270243056329,4.8890069504816724e-13
-0.84204663528804957,0.039949192340350805,4.4591656400904398e-13
-0.81717640881676701,0.040126933067710063,4.0664731835345616e-13
-0.79230618234548444,0.040304493791071941,3.707776758994661e-13
-0.76743595587420188,0.040481876497510498,3.3801860147557314e-13
-0.74256572940291576,0.04065908378263073,3.0810516636513522e-13
-0.7176955029316332,0.040836118837133201,2.8079457851349077e-13
-0.69282527646035064,0.041012985432572924,2.5586437019548502e-13
-0.66795504998906807,0.041189687906333899,2.3311073085102906e-13
-0.64308482351778196,0.041366231145844298,2.1234697373148139e-13
-0.61821459704649939,0.041542620572054975,1.9340212586577682e-13
-0.59334437057521683,0.041718862122206914,1.761196316570421e-13
-0.56847414410393426,0.041894962231912712,1.6035616116277988e-13
-0.5436039176326517,0.042070927816576696,1.4598051479854766e-13
-0.51873369116136558,0.042246766252181066,1.3287261684075803e-13
-0.49386346469008302,0.042422485355463675,1.2092259069226917e-13
-0.46899323821880046,0.042598093363515235,1.1002990941826787e-13
-0.44412301174751789,0.042773598912822362,1.0010261556304989e-13
-0.41925278527623178,0.042949011017786497,9.1056604723236701e-14
-0.39438255880494921,0.043124339048744409,8.2814967782943879e-14
-0.36951233233366665,0.043299592709522057,7.530738711367793e-14
-0.34464210586238408,0.0434747820145494,6.8469582408933803e-14
-0.31977187939110152,0.043649917265566926,6.2242802162614558e-14
-0.2949016529198154,0.043825009027953971,5.6573357113712249e-14
-0.27003142644853284,0.044000068106710248,5.1412192269043475e-14
-0.24516119997725028,0.044175105522121921,4.6714494382962904e-14
-0.22029097350596771,0.04435013248514362,4.2439332019640188e-14
-0.1954207470346816,0.044525160372530022,3.8549325551083416e-14
-0.17055052056339903,0.044700200701748356,3.5010344654173062e-14
-0.14568029409211647,0.044875265105707836,3.1791231063755652e-14
-0.12081006762083391,0.045050365307336991,2.8863544517639295e-14
-0.095939841149551341,0.045225513094045877,2.620132999418527e-14
-0.071069614678265225,0.045400720292107136,2.3780904495238968e-14
-0.046199388206982661,0.045575998740991296,2.1580661767290329e-14
-0.021329161735700097,0.045751360267693032,1.9580893482944963e-14
0.0035410647355824665,0.045926816661084176,1.776362552384734e-14
0.02841129120686503,0.04610237964633046,1.6112468115885375e-14
0.053281517678151147,0.04627806085940972,1.4612478668560686e-14
0.078151744149433711,0.046453871821768883,1.3250036263484687e-14
0.10302197062071627,0.046629823915158179,1.20127268226572e-14
0.12789219709199884,0.046805928356680244,1.0889238066104234e-14
0.15276242356328495,0.046982196174094402,9.8692634410760551e-15
0.17763265003456752,0.047158638181412742,8.9434142718606688e-15
0.20250287650585008,0.047335264954829502,8.1031394407752178e-15
0.22737310297713265,0.047512086809022101,7.3406519674907639e-15
0.25224332944841521,0.047689113773862229,6.6488619058907306e-15
0.27711355591970133,0.047866355571578603,6.0213150255353911e-15
0.30198378239098389,0.048043821594408925,5.4521367888142924e-15
0.32685400886226645,0.04822152088278131,4.9359811753277393e-15
0.35172423533354902,0.048399462104064858,4.4679839422274045e-15
0.37659446180483513,0.048577653531926182,4.0437199434152583e-15
0.4014646882761177,0.048756103026333063,3.6591641618988333e-15
0.42633491474740026,0.04893481801424196,3.3106561384384545e-15
0.45120514121868283,0.049113805471007257,2.9948675061115655e-15
0.47607536768996539,0.049293071902549022,2.7087723647396759e-15
0.50094559416125151,0.049472623328316284,2.4496202514522031e-15
0.52581582063253407,0.049652465265081255,2.2149114841587769e-15
0.55068604710381663,0.049832602711598437,2.0023746735088685e-15
0.5755562735750992,0.050013040134163217,1.8099462161786482e-15
0.60042650004638176,0.050193781453101396,1.6357515981556502e-15
0.62529672651766788,0.050374830030222348,1.4780883512153144e-15
0.65016695298895044,0.050556188657264363,1.3354105190997682e-15
0.67503717946023301,0.050737859545361204,1.2063145021194342e-15
0.69990740593151557,0.050919844315557482,1.0895261600914356e-15
0.72477763240280169,0.051102143990397024,9.8388906378639358e-16
0.74964785887408425,0.051284758986608177,8.8835379445658452e-16
0.77451808534536681,0.051467689108907748,8.0196819962982527e-16
0.79938831181664938,0.051650933544943288,7.2386852124372741e-16
0.82425853828793194,0.051834490861390609,6.5327131941903108e-16
0.84912876475921806,0.052018359001222057,5.8946612178719929e-16
0.87399899123050062,0.052202535282158666,5.318087343440087e-16
0.89886921770178319,0.052387016396316925,4.7971515534466912e-16
0.92373944417306575,0.052571798411056685,4.326560388298793e-16
0.94860967064435187,0.052756876771037901,3.9015165901408735e-16
0.97347989711563443,0.05294224630148664,3.5176733101432153e-16
0.99835012358691699,0.053127901212672191,3.1710924728203179e-16
1.0232203500581996,0.053313835105591192,2.8582069265275093e-16
1.0480905765294821,0.053500040978852623,2.5757860417587079e-16
1.0729608030007682,0.053686511236757425,2.3209044485589154e-16
1.0978310294720508,0.053873237698556745,2.0909136314986856e-16
1.1227012559433334,0.054060211608878993,1.8834161254537321e-16
1.1475714824146159,0.054247423649302989,1.6962420780872152e-16
1.1724417088858985,0.054434863951059946,1.5274279656254359e-16
1.1973119353571846,0.054622522108838244,1.3751972674174124e-16
1.2221821618284672,0.054810387195664015,1.2379429220264522e-16
1.2470523882997497,0.054998447778827446,1.1142114033566804e-16
1.2719226147710323,0.055186691936820895,1.0026882696997847e-16
1.2967928412423184,0.055375107277253144,9.0218505171114962e-17
1.321663067713601,0.055563680955698649,8.116273573007039e-17
1.3465332941848835,0.055752399695440602,7.3004408234896186e-17
1.3714035206561661,0.055941249808060756,6.5655762612400935e-17
1.3962737471274487,0.056130217214829768,5.9037501936275942e-17
1.4211439735987348,0.056319287468843654,5.3077988126582871e-17
1.4460142000700174,0.056508445777854549,4.7712512920937301e-17
1.4708844265412999,0.056697677027739264,4.2882637186139486e-17
1.4957546530125825,0.056886965806545196,3.8535592266476709e-17
1.5206248794838686,0.057076296429052167,3.4623737636493947e-17
1.5454951059551512,0.057265652961788101,3.1104069646787385e-17
1.5703653324264337,0.057455019248430439,2.7937776625628413e-17
1.5952355588977163,0.057644378935527395,2.5089836031121991e-17
1.6201057853689989,0.057833715498467733,2.2528649741775944e-17
1.644976011840285,0.058023012267629098,2.0225713931307962e-17
1.6698462383115675,0.058212252454631727,1.8155320299253192e-17
1.6947164647828501,0.058401419178623584,1.6294285725357471e-17
1.7195866912541327,0.058590495492521745,1.4621707685424697e-17
1.7444569177254152,0.058779464409135042,1.3118743011578836e-17
1.7693271441967013,0.0589683089270902,1.1768407803001264e-17
1.7941973706679839,0.059157012056486068,1.0555396496055362e-17
1.8190675971392665,0.05934555684419715,9.4659182871278146e-18
1.843937823610549,0.05953392639875113,8.4875492691494505e-18
1.8688080500818351,0.059722103914703041,7.60909879509535e-18
1.8936782765531177,0.059910072696428146,6.8204887201848508e-18
1.9185485030244003,0.060097816181261414,6.1126443002512382e-18
1.9434187294956828,0.060285317961905643,5.4773956379701704e-18
1.9682889559669654,0.060472561808036771,4.9073886723591999e-18
1.9931591824382515,0.060659531687034585,4.3960048011394389e-18
2.0180294089095341,0.06084621178376734,3.9372883110477497e-18
2.0428996353808166,0.061032586519363871,3.5258808687849915e-18
2.0677698618520992,0.061218640568905129,3.1569623957074018e-18
2.0926400883233853,0.061404358877974123,2.826197713258598e-18
2.1175103147946679,0.061589726678000285,2.5296884041005948e-18
2.1423805412659505,0.061774729500343156,2.2639293864689826e-18
2.167250767737233,0.061959353189057854,2.0257697469496584e-18
2.1921209942085156,0.062143583912293049,1.8123774200921639e-18
2.2169912206798017,0.062327408172271018,1.621207342455197e-18
2.2418614471510843,0.062510812813806715,1.449972744187732e-18
2.2667316736223668,0.062693785031325708,1.2966192734261985e-18
2.2916019000936494,0.062876312374342311,1.1593016779405232e-18
2.316472126564932,0.063058382751369171,1.0363627948686819e-18
2.3413423530362181,0.063239984432226851,9.2631462329598728e-19
2.3662125795075006,0.06342110604873262,8.2782127609174562e-19
2.3910828059787832,0.063601736593749361,7.3968362702250522e-19
2.4159530324500658,0.063781865418579983,6.6082548690925036e-19
2.4408232589213519,0.063961482228699684,5.9028115865740487e-19
2.4656934853926344,0.064140577077821198,5.2718423552321068e-19
2.490563711863917,0.064319140360294721,4.7075752012812243e-19
2.5154339383351996,0.064497162801849334,4.2030395362737633e-19
2.5403041648064821,0.064674635448686277,3.751984551945188e-19
2.5651743912777683,0.064851549654941915,3.3488058171004691e-19
2.5900446177490508,0.065027897068541923,2.9884792633498381e-19
2.6149148442203334,0.065203669615473692,2.6665018259788747e-19
2.6397850706916159,0.06537885948250996,2.3788380780648211e-19
2.6646552971629021,0.065553459098420849,2.1218722608479865e-19
2.6895255236341846,0.065727461113716509,1.8923651719992867e-19
2.7143957501054672,0.065900858378968918,1.6874154263797283e-19
2.7392659765767498,0.066073643921765693,1.504424651714633e-19
2.7641362030480323,0.066245810922351892,1.3410662247850351e-19
2.7890064295193184,0.066417352688023415,1.1952571927222556e-19
2.813876655990601,0.066588262626339073,1.065133059177222e-19
2.8387468824618836,0.06675853421722111,9.4902514688832329e-20
2.8636171089331661,0.066928160984021448,8.4544027682202648e-20
2.8884873354044522,0.067097136463631496,7.5304252990496548e-20
2.9133575618757348,0.067265454175720954,6.7063688067824872e-20
2.9382277883470174,0.0674331075911907,5.9715451322583192e-20
2.9630980148182999,0.067600090099933077,5.3163964868375761e-20
2.9879682412895825,0.06776639497799021,4.7323773072279143e-20
3.0128384677608686,0.067932015354209715,4.2118483079775278e-20
3.0377086942321512,0.068096944176496588,3.7479814883478666e-20
3.0625789207034337,0.068261174177762285,3.3346749753143999e-20
3.0874491471747163,0.06842469784167593,2.9664766970892777e-20
3.1123193736459989,0.068587507368324502,2.6385159830052632e-20
3.137189600117285,0.068749594639886696,2.3464422769617017e-20
3.1620598265885675,0.068910951186431729,2.0863702338863058e-20
3.1869300530598501,0.069071568151951729,1.8548305427108132e-20
3.2118002795311327,0.069231436260738202,1.6487258860019746e-20
3.2366705060024188,0.069390545784211818,1.4652915063581668e-20
3.2615407324737014,0.069548886508319016,1.3020599036381873e-20
3.2864109589449839,0.069706447701600602,1.1568292356239782e-20
3.3112811854162665,0.069863218084047607,1.0276350383730097e-20
3.336151411887549,0.070019185796848016,9.1272492176938684e-21
3.3610216383588352,0.070174338373133013,8.1053593107589077e-21
3.3858918648301177,0.070328662709828973,7.1967429701428597e-21
3.4107620913014003,0.070482145040716926,6.3889732541403354e-21
3.4356323177726829,0.070634770910801364,5.6709720309229524e-21
3.460502544243969,0.070786525152085764,5.0328651964721419e-21
3.4853727707152515,0.070937391860851642,4.4658532552528612e-21
3.5102429971865341,0.071087354376531214,3.9620956529495275e-21
3.5351132236578167,0.071236395262264079,3.5146074173573803e-21
3.5599834501290992,0.071384496287221155,3.11716681324228e-21
3.5848536766003853,0.071531638410777393,2.7642328513863874e-21
3.6097239030716679,0.071677801768607843,2.4508716126583521e-21
3.6345941295429505,0.071822965660781821,2.172690456184963e-21
3.659464356014233,0.071967108541918082,1.9257792778127813e-21
3.6843345824855156,0.072110208013464655,1.7066580721543699e-21
3.7092048089568017,0.07225224081815998,1.5122301296390113e-21
3.7340750354280843,0.072393182836724995,1.3397402700417311e-21
3.7589452618993668,0.072533009086831815,1.1867375767698796e-21
3.7838154883706494,0.072671693724389544,1.051042152486449e-21
3.8086857148419355,0.072809210047176928,9.3071546710452175e-22
3.8335559413132181,0.072945530500854949,8.2403391440050834e-22
3.8584261677845006,0.073080626687374306,7.2946523399972086e-22
3.8832963942557832,0.073214469375796953,6.4564749177252472e-22
3.9081666207270658,0.07334702851553819,5.7137034417410948e-22
3.9330368471983519,0.073478273252031823,5.0555834115973798e-22
3.9579070736696345,0.073608171944812589,4.4725604835816071e-22
3.982777300140917,0.073736692188008005,3.9561479250462741e-22
4.0076475266121996,0.073863800833218834,3.4988085500519981e-22
4.0325177530834857,0.07398946401476611,3.0938495717831191e-22
4.0573879795547683,0.074113647177274075,2.7353289742696328e-22
4.0822582060260508,0.074236315105553272,2.4179721553970738e-22
4.1071284324973334,0.074357431956738926,2.1370977268427989e-22
4.131998658968616,0.074476961294637004,1.8885514760915828e-22
4.1568688854399021,0.074594866126224318,1.6686476025329026e-22
4.1817391119111846,0.074711108940237414,1.4741164351527546e-22
4.2066093383824672,0.074825651747788602,1.3020579246916083e-22
4.2314795648537498,0.074938456124932815,1.1499002794140644e-22
4.2563497913250323,0.075049483257109972,1.0153631817786871e-22
4.2812200177963184,0.075158693985378458,8.9642508416566782e-23
4.306090244267601,0.075266048854352799,7.9129413618168634e-23
4.3309604707388836,0.075371508161752809,6.9838234460254128e-23
4.3558306972101661,0.075475032009465204,6.1628261035178003e-23
4.3807009236814523,0.075576580356019524,5.437483255967192e-23
4.4055711501527348,0.075676113070370019,4.7967524856779706e-23
4.4304413766240174,0.07577358998687525,4.230854045132321e-23
4.4553116030952999,0.075868970961363788,3.731127886855758e-23
4.4801818295665825,0.075962215928168458,3.2899067177233603e-23
4.5050520560378686,0.076053284958012835,2.900403300477245e-23
4.5299222825091512,0.076142138316626792,2.5566104201892881e-23
4.5547925089804338,0.076228736523969734,2.2532121072212302e-23
4.5796627354517163,0.076313040413935024,1.9855048631748446e-23
4.6045329619230024,0.076395011194410029,1.7493277744088595e-23
4.629403188394285,0.076474610507563948,1.541000520744823e-23
4.6542734148655676,0.076551800490234231,1.3572683966060017e-23
4.6791436413368501,0.076626543834283065,1.1952535594818448e-23
4.7040138678081327,0.076698803846794381,1.0524118075752573e-23
4.7288840942794188,0.076768544509982106,9.2649426592977814e-24
4.7537543207507014,0.076835730540682129,8.1551342927715983e-24
4.7786245472219839,0.076900327449297631,7.1771307121548058e-24
4.80349477369327,0.076962301598074753,6.3154158394730044e-24
4.8283650001645491,0.077021620258579587,5.5562836140804993e-24
4.8532352266358352,0.077078251668256464,4.8876288185499961e-24
4.8781054531071142,0.07713216508594406,4.2987618445054412e-24
4.9029756795784003,0.077183330846230983,3.7802446858044541e-24
4.9278459060496864,0.077231720412534774,3.323745750671584e-24
4.9527161325209654,0.077277306428791853,2.9219113548109354e-24
4.9775863589922515,0.077320062769646619,2.5682519979280078e-24
5.0024565854635377,0.077359964589035352,2.2570417397418548e-24
5.0273268119348167,0.077396988367059938,1.9832291814181343e-24
5.0521970384061028,0.077431111955055337,1.7423587270294818e-24
5.0770672648773818,0.077462314618753747,1.5305009494822671e-24
5.1019374913486679,0.077490577079457668,1.3441910184165941e-24
5.126807717819954,0.077515881553134394,1.180374265757403e-24
5.151677944291233,0.077538211787352929,1.0363580695020044e-24
5.1765481707625192,0.077557553095987289,9.0976932945976528e-25
5.2014183972337982,0.077573892391615079,7.9851689131308284e-25
5.2262886237050843,0.077587218215547218,7.0075834871179664e-25
5.2511588501763704,0.077597520765427516,6.1487071818825871e-25
5.2760290766476494,0.077604791920350233,5.3942453940214152e-25
5.3008993031189355,0.077609025263443723,4.7316100442134923e-25
5.3257695295902145,0.077610216101879875,4.1497176514398994e-25
5.3506397560615007,0.077608361484270208,3.6388110821635962e-25
5.3755099825327868,0.077603460215419001,3.1903022248359846e-25
5.4003802090040658,0.077595512868404437,2.7966331563225669e-25
5.4252504354753519,0.077584521793971475,2.4511536470802252e-25
5.4501206619466309,0.077570491127219546,2.1480131002019734e-25
5.474990888417917,0.077553426791578034,1.8820652393839508e-25
5.4998611148892032,0.077533336500065622,1.6487840556751581e-25
5.5247313413604822,0.077510229753837576,1.4441896953680257e-25
5.5496015678317683,0.07748411783802911,1.2647831241237541e-25
5.5744717943030544,0.077455013814908782,1.1074885376280873e-25
5.5993420207743334,0.077422932514360748,9.6960260873813027e-26
5.6242122472456195,0.077387890521721583,8.4874976697773773e-26
5.6490824737168985,0.077349906163002066,7.4284279993288638e-26
5.6739527001881847,0.077308999487527272,6.5004814898073017e-26
5.6988229266594708,0.077265192248035797,5.6875534509685264e-26
5.7236931531307498,0.077218507878284173,4.9755009531110968e-26
5.7485633796020359,0.077168971468202757,4.3519058770281827e-26
5.7734336060733149,0.077116609736660013,3.8058663349637631e-26
5.798303832544601,0.077061451001890921,3.3278130960420732e-26
5.8231740590158871,0.077003525149652252,2.909348045425698e-26
5.8480442854871661,0.076942863599171255,2.5431020561468882e-26
5.8729145119584523,0.076879499266956017,2.2226099614850634e-26
5.8977847384297313,0.076813466528541055,1.9422005886220706e-26
5.9226549649010174,0.076744801178244684,1.6969000552671232e-26
5.9475251913723035,0.07667354038701607,1.4823467437081582e-26
5.9723954178435825,0.076599722658455924,1.2947165545659106e-26
5.9972656443148686,0.076523387783092853,1.1306572083141468e-26
6.0221358707861476,0.076444576791004248,9.872305089324087e-27
6.0470060972574338,0.076363331902869147,8.6186161314736748e-27
6.0718763237287199,0.076279696479544579,7.5229446260532858e-27
6.0967465501999989,0.076193714970258286,6.5655263676631908e-27
6.121616776671285,0.076105432859509103,5.7290497289911351e-27
6.1464870031425711,0.076014896612774524,4.9983537766688371e-27
6.1713572296138501,0.075922153621115859,4.3601632365487512e-27
6.1962274560851363,0.075827252144782045,3.802855848899489e-27
6.2210976825564153,0.075730241255907077,3.3162581889438063e-27
6.2459679090277014,0.075631170780399659,2.8914664995015523e-27
6.2708381354989875,0.075530091239120745,2.5206894977569163e-27
6.2957083619702665,0.075427053788449522,2.1971104839301094e-27
6.3205785884415526,0.075322110160331496,1.9147664017648656e-27
6.3454488149128316,0.07521531260190828,1.6684417843881333e-27
6.3703190413841178,0.075106713814822729,1.4535757688121356e-27
6.3951892678554039,0.074996366894296812,1.2661805821647117e-27
6.4200594943266829,0.074884325268073371,1.1027700961811388e-27
6.444929720797969,0.07477064263531763,9.6029721671891137e-28
6.469799947269248,0.074655372905567299,8.360990248183104e-28
6.4946701737405341,0.074538570137824278,7.2784871756606421e-28
6.5195404002118202,0.074420288479871491,6.3351351288122417e-28
6.5444106266830993,0.074300582107907714,5.513177842197857e-28
6.5692808531543854,0.074179505166578896,4.7971078076686056e-28
6.5941510796256644,0.074057111709493029,4.1733836742077899e-28
6.6190213060969505,0.073933455640295964,3.6301828807278156e-28
6.6438915325682366,0.073808590654389605,3.1571851649524176e-28
6.6687617590395156,0.073682570181364357,2.7453831257579129e-28
6.6936319855108017,0.073555447328222973,2.3869164856583671e-28
6.7185022119820879,0.073427274823465755,2.0749271123055108e-28
6.7433724384533669,0.073298104962103885,1.803432219824997e-28
6.768242664924653,0.07316798955166931,1.5672134886057995e-28
6.793112891395932,0.07303697985928323,1.361720121128026e-28
6.8179831178672181,0.072905126559843755,1.1829840962592405e-28
6.8428533443385042,0.072772479685390856,1.027546099316425e-28
6.8677235708097832,0.072639088575704044,8.9239079370567753e-29
6.8925937972810694,0.072505001830183935,7.7489026532926513e-29
6.9174640237523484,0.072370267261069071,6.7275461599901581e-29
6.9423342502236345,0.072234931848034006,5.8398880929310726e-29
6.9672044766949206,0.072099041694211441,5.0685498382305464e-29
6.9920747031661996,0.071962641983682324,4.3983954664569763e-29
7.0169449296374857,0.071825776940470029,3.8162444525045485e-29
7.0418151561087647,0.071688489789075854,3.3106209165010907e-29
7.0666853825800509,0.071550822716587817,2.8715347790309415e-29
7.091555609051337,0.071412816836394152,2.4902908004048622e-29
7.116425835522616,0.071274512153528799,2.1593219786054283e-29
7.1412960619939021,0.071135947531672669,1.8720442227101824e-29
7.1661662884651811,0.070997160661835576,1.6227296057583855e-29
7.1910365149364672,0.070858188032736524,1.4063958399669541e-29
7.2159067414077533,0.070719064902901405,1.2187099138830228e-29
7.2407769678790324,0.070579825274490998,1.055904090695396e-29
7.2656471943503185,0.070440501868873837,9.1470269411419976e-30
7.2905174208216046,0.070301126103952782,7.9225830698311966e-30
7.3153876472928836,0.070161728073253674,6.8609618163863839e-30
7.3402578737641697,0.07002233652678061,5.9406581307707455e-30
7.3651281002354487,0.069882978853642252,5.1429875893884256e-30
7.3899983267067348,0.069743681066449514,4.4517190655138302e-30
7.414868553178021,0.06960446778748422,3.8527548887431507e-30
7.4397387796493,0.069465362236634881,3.3338523998490768e-30
7.4646090061205861,0.069326386221094174,2.8843815833414568e-30
7.4894792325918651,0.069187560126812681,2.49511413792915e-30
7.5143494590631512,0.069048902911698726,2.1580399372299107e-30
7.5392196855344373,0.068910432100552005,1.8662073502554713e-30
7.5640899120057163,0.068772163781721796,1.6135843428032376e-30
7.5889601384770025,0.068634112605471739,1.3949376751812971e-30
7.6138303649482815,0.068496291784037197,1.2057278558817023e-30
7.6387005914195676,0.068358713093356144,1.0420178112186401e-30
7.6635708178908537,0.068221386876454848,9.0039349309258688e-31
7.6884410443621327,0.068084322048466428,7.7789487575517178e-31
7.7133112708334188,0.067947526103260519,6.7195599196929015e-31
7.7381814973046978,0.067811005121657997,5.8035283297719115e-31
7.763051723775984,0.067674763781208958,5.0115808844002837e-31
7.7879219502472701,0.067538805367501259,4.3270183482646717e-31
7.8127921767185491,0.067403131786976711,3.7353739606926994e-31
7.8376624031898352,0.067267743581220757,3.2241170084360519e-31
7.8625326296611213,0.067132639942697345,2.7823954843099777e-31
7.8874028561324003,0.066997818731894546,2.4008127146817691e-31
7.9122730826036864,0.066863276495848417,2.071233503815171e-31
7.9371433090749655,0.06672900848800993,1.7866159223068509e-31
7.9620135355462516,0.066595008689417381,1.5408653712815946e-31
7.9868837620175377,0.066461269831139549,1.3287079932383218e-31
8.0117539884888167,0.066327783417948413,1.1455808828078954e-31
8.0366242149601028,0.066194539753184012,9.8753688351364191e-32
8.0614944414313818,0.066061527964769134,8.5116204627867478e-32
8.0863646679026679,0.065928736032332957,7.3350407745830623e-32
8.1112348943739541,0.065796150815401425,6.3201032344642511e-32
8.1361051208452331,0.065663758082609158,5.4447402962995969e-32
8.1609753473165192,0.065531542541889518,4.6898777734152902e-32
8.1858455737877982,0.065399487871597106,4.0390314669476634e-32
8.2107158002590843,0.065267576752515599,3.4779577858452126e-32
8.2355860267303704,0.065135790900704746,2.9943511813700908e-32
8.2604562532016494,0.065004111101137629,2.5775821662877517e-32
8.2853264796729356,0.064872517242078487,2.2184705121418587e-32
8.3101967061442146,0.064740988350155307,1.9090889332196639e-32
8.3350669326155007,0.064609502626071291,1.6425931870881296e-32
8.3599371590867868,0.064478037480909689,1.4130750611783593e-32
8.3848073855580658,0.064346569572977713,1.2154351834585441e-32
8.4096776120293519,0.064215074845136999,1.0452730020612502e-32
8.4345478385006381,0.064083528562571768,8.9879163188507508e-33
8.4594180649719171,0.063951905350937296,7.7271557270625032e-33
8.4842882914432032,0.063820179234838834,6.6421956932620556e-33
8.5091585179144822,0.063688323676586014,5.708671150669886e-33
8.5340287443857683,0.063556311615169322,4.905573001294976e-33
8.5588989708570544,0.063424115505404319,4.2147887997951815e-33
8.5837691973283334,0.063291707357190738,3.6207058951296295e-33
8.6086394237996195,0.06315905877483019,3.1098685932150512e-33
8.6335096502708986,0.063026140996350982,2.6706820357143185e-33
8.6583798767421847,0.062892924932783964,2.2931564711898341e-33
8.6832501032134708,0.062759381207336845,1.9686864451095144e-33
8.7081203296847498,0.062625480194412941,1.6898601719096613e-33
8.7329905561560359,0.062491192058421206,1.4502949905628747e-33
8.7578607826273149,0.062356486792324493,1.2444953579375655e-33
8.782731009098601,0.062221334255874748,1.0677303130079422e-33
8.8076012355698872,0.062085704213481967,9.1592775954876322e-34
8.8324714620411662,0.061949566371667091,7.855832738576171e-34
8.8573416885124523,0.061812890416047553,6.7368145472601237e-34
8.8822119149837313,0.061675646047807196,5.7762810175656601e-34
8.9070821414550174,0.061537803019600774,4.9519174078429367e-34
8.9319523679263035,0.061399331170846443,4.2445321645320774e-34
8.9568225943975825,0.061260200462359943,3.6376224611872814e-34
8.9816928208688687,0.061120381010283914,3.1169997984088959e-34
9.0065630473401548,0.060979843119270509,2.6704674145516148e-34
9.0314332738114338,0.060838557314873275,2.2875423829620828e-34
9.0563035002827199,0.060696494375107754,1.9592162447611808e-34
9.0811737267539989,0.060553625361141381,1.6777488673709917e-34
9.106043953225285,0.060409921647074337,1.4364909458920099e-34
9.1309141796965712,0.060265354948776446,1.2297311924956558e-34
9.1557844061678502,0.060119897351743966,1.0525648015432347e-34
9.1806546326391363,0.05997352133794534,9.0078024675498029e-35
9.2055248591104153,0.059826199811624618,7.7076187143001971e-35
9.2303950855817014,0.059677906124034008,6.5940608212610702e-35
9.2552653120529875,0.05952861409707022,5.6404925784841824e-35
9.2801355385242665,0.059378298045788196,4.8240574715035587e-35
9.3050057649955527,0.059226932799772973,4.1251455023446145e-35
9.3298759914668317,0.059074493723347318,3.5269347701040501e-35
9.3547462179381178,0.058920956734599607,3.0149973931692513e-35
9.3796164444094039,0.058766298323216101,2.5769607977924308e-35
9.4044866708806829,0.05861049556710507,2.2022166418766845e-35
9.429356897351969,0.058453526147802387,1.8816707156292416e-35
9.454227123823248,0.0582953683646521,1.6075280856165077e-35
9.4790973502945342,0.058136001147755197,1.373108545983818e-35
9.5039675767658203,0.057975404069684981,1.1726881276886858e-35
9.5288378032370993,0.057813557355969346,1.0013630086457009e-35
9.5537080297083854,0.057650441894341597,8.5493267776599247e-36
9.5785782561796715,0.057486039242765692,7.2979964526070082e-36
9.6034484826509505,0.057320331636243213,6.2288337000298602e-36
9.6283187091222366,0.057153301992412572,5.3154640061349393e-36
9.6531889355935157,0.056984933915953266,4.5353100749737372e-36
9.6780591620648018,0.056815211701810621,3.8690482457761197e-36
9.7029293885360879,0.056644120337258873,3.3001422734041856e-36
9.7277996150073669,0.056471645502823097,2.8144435268767348e-36
9.752669841478653,0.056297773572081371,2.3998481999990204e-36
9.777540067949932,0.056122491610376073,2.0460034521300228e-36
9.8024102944212181,0.055945787372456916,1.7440555358931996e-36
9.8272805208925043,0.055767649299089291,1.4864339479549877e-36
9.8521507473637833,0.055588066512658414,1.2666664810215233e-36
9.8770209738350694,0.055407028811803156,1.0792207790830481e-36
9.9018912003063484,0.055224526665117027,9.1936862013022504e-37
9.9267614267776345,0.055040551203952411,7.8306968527416181e-37
9.9516316532489206,0.054855094214370882,6.6687203265098141e-37
9.9765018797201996,0.054668148128278443,5.6782688920141768e-37
10.001372106191486,0.054479706013792033,4.8341571245954133e-37
10.026242332662772,0.054289761564880065,4.1148776565845052e-37
10.051112559134051,0.054098309090325536,3.5020669948451339e-37
10.075982785605337,0.05390534350205764,2.9800484846476064e-37
10.100853012076616,0.053710860302903798,2.5354413422710725e-37
10.125723238547902,0.053514855573809979,2.1568262600820407e-37
10.150593465019188,0.053317325960581446,1.8344594448044629e-37
10.175463691490467,0.053118268660197261,1.5600281139060635e-37
10.200333917961753,0.052917681406749337,1.3264414737059172e-37
10.225204144433032,0.05271556245706184,1.127652059347274e-37
10.250074370904318,0.052511910576043291,9.5850305127943e-38
10.274944597375605,0.052306725021826865,8.1459781265028644e-38
10.299814823846884,0.052100005530752322,6.9218843185685538e-38
10.32468505031817,0.051891752302244895,5.8808051720826204e-38
10.349555276789449,0.0516819659836463,4.9955188717295884e-38
10.374425503260735,0.051470647655049967,4.2428313942175818e-38
10.399295729732021,0.051257798814196939,3.6029837292654044e-38
10.4241659562033,0.051043421361483397,3.0591458666205917e-38
10.449036182674586,0.050827517585134485,2.5969849194612587e-38
10.473906409145865,0.050610090146595704,2.2042965825073971e-38
10.498776635617151,0.050391142066191115,1.8706906880792743e-38
10.523646862088437,0.050170676709101573,1.5873229628581778e-38
10.548517088559716,0.04994869777170844,1.3466662344641822e-38
10.573387315031002,0.049725209268351889,1.1423153178851016e-38
10.598257541502289,0.049500215518549273,9.6882065099241881e-39
10.623127767973568,0.049273721134717417,8.2154646621848614e-39
10.647997994444854,0.049045731010441504,6.9654989940291441e-39
10.672868220916133,0.048816250309332072,5.9047796178792332e-39
10.697738447387419,0.048585284454507077,5.0047974997208798e-39
10.722608673858705,0.048352839118737639,4.2413165230246832e-39
10.747478900329984,0.048118920215290961,3.5937363809496866e-39
10.77234912680127,0.047883533889502138,3.0445499628559494e-39
10.797219353272549,0.047646686511107025,2.5788812952520034e-39
10.822089579743835,0.047408384667360116,2.1840921424559059e-39
10.846959806215121,0.047168635156966551,1.8494471190420139e-39
10.8718300326864,0.046927444984847071,1.5658286578275307e-39
10.896700259157686,0.046684821357757318,1.3254944507996133e-39
10.921570485628965,0.046440771680779536,1.121871067663352e-39
10.946440712100252,0.046195303554697691,9.4937838472634353e-40
10.971310938571538,0.045948424774272065,8.0328024882368619e-40
10.996181165042817,0.045700143327417085,6.7955747674739081e-40
11.021051391514103,0.045450467395291815,5.7479986715102313e-40
11.045921617985382,0.0451994053533048,4.8611439363979778e-40
11.070791844456668,0.044946965773031956,4.11047167127784e-40
11.095662070927954,0.04469315742504687,3.4751711313796225e-40
11.120532297399233,0.044437989282655327,2.9375961458401088e-40
11.145402523870519,0.044181470526526864,2.4827863044195763e-40
11.170272750341805,0.04392361055021099,2.0980602219527878e-40
11.195142976813084,0.043664418966523434,1.7726700866138689e-40
11.22001320328437,0.043403905614784619,1.4975083059730193e-40
11.244883429755649,0.043142080568892113,1.2648584344884709e-40
11.269753656226936,0.042878954146200514,1.0681837326178744e-40
11.294623882698222,0.042614536917186994,9.0194770111206262e-41
11.319494109169501,0.042348839715871014,7.6146177982468477e-41
11.344364335640787,0.04208187365095907,6.4275612035940265e-41
11.369234562112066,0.041813650117680949,5.4246995467753749e-41
11.394104788583352,0.041544180810280322,4.5775860327735112e-41
11.418975015054638,0.041273477735123625,3.8621461026667122e-41
11.443845241525917,0.041001553224384861,3.2580087011560788e-41
11.468715467997203,0.040728419950264827,2.747939319380845e-41
11.493585694468482,0.040454090939700586,2.3173594018916281e-41
11.518455920939768,0.040178579589517108,1.9539390282523349e-41
11.543326147411054,0.039901899681975231,1.6472517534510335e-41
11.568196373882333,0.039624065400663488,1.3884821689409848e-41
11.59306660035362,0.039345091346684347,1.1701781719121254e-41
11.617936826824899,0.039064992555080939,9.8604114189987549e-42
11.642807053296185,0.038783784511450189,8.307482531106311e-42
11.667677279767471,0.03850148316868772,6.9980202515340434e-42
11.69254750623875,0.03821810496380787,5.8940295741098401e-42
11.717417732710036,0.037933666834780465,4.9634172282590195e-42
11.742287959181322,0.037648186237329927,4.1790793221586654e-42
11.767158185652601,0.03736168116163438,3.5181293466963398e-42
11.792028412123887,0.037074170148868754,2.9612450527225166e-42
11.816898638595166,0.036785672307531866,2.4921159870965005e-42
11.841768865066452,0.036496207329498632,2.0969762500167491e-42
11.866639091537738,0.036205795505738839,1.7642093919085003e-42
11.891509318009017,0.035914457741642904,1.484014366232403e-42
11.916379544480304,0.035622215571896897,1.2481231490421467e-42
11.941249770951583,0.035329091174849614,1.0495620728359219e-42
11.966119997422869,0.035035107386313331,8.8245014022542292e-43
11.990990223894155,0.034740287712742901,7.4182861532711372e-43
12.015860450365434,0.034444656343738035,6.2351706568609533e-43
12.04073067683672,0.034148238163814411,5.2399176888473395e-43
12.065600903307999,0.033851058763391138,4.4028302604285854e-43
12.090471129779285,0.033553144448942696,3.698884564116779e-43
12.115341356250571,0.033254522252266813,3.1069979781782394e-43
12.14021158272185,0.032955219938819523,2.6094111922735355e-43
12.165081809193136,0.032655266015070558,2.1911667470336615e-43
12.189952035664415,0.032354689734837579,1.8396690144903817e-43
12.214822262135701,0.032053521104553423,1.5443129603555555e-43
12.239692488606988,0.031751790887430513,1.2961709873520304e-43
12.264562715078267,0.031449530606482055,1.0877288155672982e-43
12.289432941549553,0.031146772546366212,9.1266275732337356e-44
12.314303168020839,0.03084354975402117,7.6565192944668102e-44
12.339173394492118,0.030539896038060597,6.4221994824784067e-44
12.364043620963404,0.030235845966902021,5.3860150008714452e-44
12.388913847434683,0.029931434865605878,4.5162989690708693e-44
12.413784073905969,0.029626698811400343,3.7864233172705979e-44
12.438654300377255,0.029321674627877867,3.1740006089610384e-44
12.463524526848534,0.029016399877843602,2.6602117234512455e-44
12.48839475331982,0.028710912854806168,2.2292396441700973e-44
12.513264979791099,0.028405252573101007,1.8677926844279733e-44
12.538135206262385,0.028099458756638569,1.5647030884629906e-44
12.563005432733672,0.027793571826276717,1.3105891462164072e-44
12.587875659204951,0.027487632885815291,1.0975708181540664e-44
12.612745885676237,0.027181683706617197,9.190304347201329e-45
12.637616112147516,0.026875766710863218,7.6941135858394883e-45
12.662486338618802,0.026569924953447906,6.4404861472289797e-45
12.687356565090088,0.02626420210253284,5.3902643569706144e-45
12.712226791561367,0.025958642418769783,4.5105846436245351e-45
12.737097018032653,0.025653290733214942,3.773870266990326e-45
12.761967244503932,0.025348192423956722,3.156984527875087e-45
12.786837470975218,0.025043393391480047,2.6405190064406483e-45
12.811707697446504,0.02473894003279872,2.2081953946144879e-45
12.836577923917783,0.024434879214383479,1.846362874982074e-45
12.861448150389069,0.024131258243922104,1.5435758528344098e-45
12.886318376860356,0.023828124840948081,1.2902392529906034e-45
12.911188603331635,0.023525527106375833,1.0783106190454993e-45
12.936058829802921,0.023223513490985691,9.0104995923606005e-46
12.9609290562742,0.022922132762903818,7.5280972030835783e-46
12.985799282745486,0.022621433974121547,6.2885848092069878e-46
13.010669509216772,0.022321466426106648,5.2523297493588528e-46
13.035539735688051,0.022022279634555001,4.3861391254054224e-46
13.060409962159337,0.021723923293337541,3.662217888866138e-46
13.085280188630616,0.021426447237698525,3.0572947728647207e-46
13.110150415101902,0.02112990140676033,2.5518891496543055e-46
13.135020641573188,0.020834335805395957,2.1296961920467436e-46
13.159890868044467,0.020539800465527704,1.777071332154419e-46
13.184761094515753,0.020246345406914969,1.4825980508579935e-46
13.209631320987032,0.019954020597494414,1.2367255873741038e-46
13.234501547458319,0.019662875913335303,1.0314653069391292e-46
13.259371773929605,0.019372961098276978,8.60136270571143e-47
13.284242000400884,0.019084325723312989,7.1715206851299926e-47
13.30911222687217,0.018797019145788862,5.9784225412568277e-47
13.333982453343449,0.018511090468481525,4.9830278624738572e-47
13.358852679814735,0.018226588498625816,4.1527078782457471e-47
13.383722906286021,0.017943561706958319,3.4601968427651118e-47
13.4085931327573,0.017662058186843885,2.8827141955347613e-47
13.433463359228586,0.01738212561355339,2.4012298053388511e-47
13.458333585699872,0.017103811203760796,1.9998490753697261e-47
13.483203812171151,0.016827161675324814,1.6652984398570451e-47
13.508074038642437,0.016552223207422407,1.3864949314095294e-47
13.532944265113716,0.016279041401100203,1.1541861401057928e-47
13.557814491585003,0.016007661240307027,9.6064910144700675e-48
13.582684718056289,0.015738127053473241,7.9943850891746751e-48
13.607554944527568,0.015470482475697794,6.6517620548031517e-48
13.632425170998854,0.015204770411605043,5.533752150967291e-48
13.657295397470133,0.014941032998931963,4.6029267079933271e-48
13.682165623941419,0.014679311572902295,3.8280691399585726e-48
13.707035850412705,0.014419646631446695,3.1831480910049486e-48
13.731906076883984,0.014162077801321895,2.6464596226591654e-48
13.75677630335527,0.013906643805182613,2.1999107306092634e-48
13.781646529826549,0.013653382429658465,1.828421003014913e-48
13.806516756297835,0.013402330494482431,1.519423020792714e-48
13.831386982769121,0.013153523822720494,1.2624452724188543e-48
13.8562572092404,0.012906997212144769,1.048764011417759e-48
13.881127435711687,0.012662784407793256,8.711127076031439e-49
13.905997662182966,0.012420918075756645,7.2343960350298339e-49
13.930867888654252,0.012181429778227695,6.0070544410057666e-49
13.955738115125538,0.011944349949849839,4.9871475042213773e-49
13.980608341596817,0.011709707875395563,4.1397509694769054e-49
14.005478568068103,0.011477531668804592,3.4357976399787796e-49
14.030348794539389,0.01124784825360918,2.8510989819244267e-49
14.055219021010668,0.011020683344769067,2.3655295112635869e-49
14.080089247481954,0.010796061431938328,1.9623469895152073e-49
14.104959473953233,0.010574005764182671,1.6276259065514629e-49
14.129829700424519,0.01035453833616135,1.3497854478705554e-49
14.154699926895805,0.010137679875788516,1.1191962517560886e-49
14.179570153367084,0.0099234498333819494,9.2785285802487768e-50
14.20444037983837,0.0097118663723074136,7.6910091866696085e-50
14.22931060630965,0.0095029463611231487,6.3741005172819371e-50
14.254180832780936,0.0092967053672248414,5.2818473198670478e-50
14.279051059252222,0.0090931576519914341,4.3760687443674394e-50
14.303921285723501,0.0088923161674266029,3.6250482038408961e-50
14.328791512194787,0.008694192554289595,3.0024431542636438e-50
14.353661738666066,0.0084987971417071102,2.4863780245436081e-50
14.378531965137352,0.0083061389482526268,2.0586896507158553e-50
14.403402191608638,0.0081162256844807528,1.7042996755782887e-50
14.428272418079917,0.0079290637568982872,1.4106926346172305e-50
14.453142644551203,0.0077446582733533128,1.1674820011216601e-50
14.478012871022482,0.0075630130498212838,9.6604942490857443e-51
14.502883097493768,0.0073841306185630567,7.9924486785698214e-51
14.527753323965054,0.007208012237630357,6.6113739712640787e-51
14.552623550436333,0.0070346579016892126,5.4680811167982384e-51
14.57749377690762,0.0068640663541320928,4.5217810647131874e-51
14.602364003378906,0.0066962351004467664,3.7386556889567465e-51
14.627234229850185,0.0065311604228075774,3.0906709348298889e-51
14.652104456321471,0.0063688373958537201,2.5545912644560939e-51
14.67697468279275,0.006209259903618025,2.1111613914617214e-51
14.701844909264036,0.0060524206575662733,1.7444270188257071e-51
14.726715135735322,0.0058983112157083434,1.4411710578377514e-51
14.751585362206601,0.0057469220027387058,1.1904457709056522e-51
14.776455588677887,0.0055982423311639728,9.8318458012655286e-52
14.801325815149166,0.0054522604233743386,8.1188002836362876e-52
14.826196041620452,0.0053089634346129818,6.7031666282450408e-52
14.851066268091738,0.0051683374767992635,5.533495101323002e-52
14.875936494563017,0.0050303676431581804,4.5672039101496245e-52
14.900806721034304,0.0048950380336094989,3.7690563568260671e-52
14.925676947505583,0.0047623317808695165,3.1098985240342481e-52
14.950547173976869,0.0046322310772161359,2.5656130894719561e-52
14.975417400448155,0.0045047172018703539,2.1162524043508123e-52
15.000287626919434,0.0043797705489444306,1.7453202351137142e-52
15.02515785339072,0.004257370655908416,1.4391767711595307e-52
15.050028079861999,0.0041374962325266282,1.1865458235583695e-52
15.074898306333285,0.0040201251902144833,9.781067292186952e-53
15.099768532804571,0.0039052346717682218,8.0615645546225714e-53
15.12463875927585,0.0037928010814183375,6.643298743726724e-53
15.149508985747136,0.0036828001151592254,5.4736823021868747e-53
15.174379212218422,0.0035752067913078045,4.5092752787513071e-53
15.199249438689701,0.0034699954812436092,3.7141998465376385e-53
15.224119665160988,0.0033671399402843425,3.0588286150151583e-53
15.248989891632267,0.0032666133386515749,2.5186996300732694e-53
15.273860118103553,0.003168388292480946,2.0736190305297482e-53
15.298730344574839,0.0030724368948338134,1.7069190247897907e-53
15.323600571046118,0.0029787307466665174,1.4048444025694284e-53
15.348470797517404,0.0028872409877154191,1.1560453984536488e-53
15.373341023988683,0.0027979383272570429,9.5115853827318117e-54
15.398211250459969,0.0027107930747025722,7.824602601568595e-54
15.423081476931255,0.0026257751699888159,6.4358072113495392e-54
15.447951703402534,0.0025428542137273568,5.2926736985471491e-54
15.47282192987382,0.0024619994970759211,4.3518966312903618e-54
15.497692156345099,0.0023831800312970634,3.5777779238244567e-54
15.522562382816385,0.0023063645769700503,2.9408951845200088e-54
15.547432609287672,0.0022315216728242145,2.4170023349455253e-54
15.572302835758951,0.0021586196641624157,1.986122133067655e-54
15.597173062230237,0.0020876267308453321,1.6317972233995457e-54
15.622043288701523,0.0020185109148087585,1.3404721208468401e-54
15.646913515172802,0.0019512401470870061,1.1009833203516814e-54
15.671783741644088,0.0018857822743175844,9.0413868296135375e-55
15.696653968115367,0.0018221050847037519,7.4237052297232668e-55
15.721524194586653,0.0017601763334124507,6.0944952823966856e-55
15.746394421057939,0.0016999637673876639,5.0024888428804094e-55
15.771264647529218,0.0016414351495596736,4.1054982340632563e-55
15.796134874000504,0.001584558282432957,3.3688134946339504e-55
15.821005100471783,0.0015293010310367928,2.7638815321263087e-55
15.845875326943069,0.0014756313452237227,2.2672177728291914e-55
15.870745553414356,0.0014235172813032233,1.8595095289537295e-55
15.895615779885635,0.001372927022998691,1.5248774304971456e-55
15.920486006356921,0.0013238289017177081,1.250267155233054e-55
15.9453562328282,0.0012761914161270064,1.0249485504845032e-55
15.970226459299486,0.0012299832510245055,8.4010325291149523e-56
15.995096685770772,0.0011851732955028497,6.884852247668601e-56
16.019966912242051,0.0011417306603994769,5.6414135872420492e-56
16.044837138713337,0.0010996246950301465,4.621815591660463e-56
16.069707365184616,0.0010588250032039428,3.7858956896160424e-56
16.094577591655902,0.0010193014585187319,3.1006734605464159e-56
16.119447818127188,0.00098102421893784078,2.5390706046854935e-56
16.144318044598467,0.00094396374064930288,2.0788582657519681e-56
16.169188271069753,0.00090809079121049129,1.7017914646766522e-56
16.19405849754104,0.00087337646198209638,1.3928975006096947e-56
16.218928724012319,0.00083979217985610843,1.1398910258142661e-56
16.243798950483605,0.00080730971828380427,9.3269332240173456e-57
16.268669176954884,0.00077590120761065464,7.6303728153509043e-57
16.29353940342617,0.0007455391447257091,6.2414285857471181e-57
16.318409629897456,0.00071619640203434212,5.1045047351146355e-57
16.343279856368735,0.00068784623576360611,4.17402046267966e-57
16.368150082840021,0.00066046229361053997,3.4126118467897623e-57
16.3930203093113,0.00063401862174446697,2.7896554814530998e-57
16.417890535782586,0.000608489671174783,2.2800564897442146e-57
16.442760762253872,0.00058385030349675422,1.863253731765902e-57
16.467630988725151,0.00056007579602806393,1.5224034163930405e-57
16.492501215196437,0.00053714184634965267,1.2437092302989393e-57
16.517371441667716,0.00051502457626487815,1.0158727774229287e-57
16.542241668139003,0.00049370053519127901,8.2964279352785245e-58
16.567111894610289,0.00047314670299999153,6.7744544215961642e-58
16.591982121081568,0.0004533404923178822,5.5308115702876904e-58
16.616852347552854,0.00043425975030805098,4.5147609259240573e-58
16.641722574024133,0.00041588275994459354,3.6847837903960307e-58
16.666592800495419,0.00039818824079761194,3.0069113200341246e-58
16.691463026966705,0.00038115534934494776,2.453356086697361e-58
16.716333253437984,0.00036476367882700117,2.0013908609556642e-58
16.74120347990927,0.00034899325866132058,1.6324301023278518e-58
16.766073706380556,0.00033382455343372293,1.3312776300472461e-58
16.790943932851835,0.00031923846148265435,1.0855105076225739e-58
16.815814159323121,0.00030521631309364934,8.8497456018371056e-59
16.8406843857944,0.0002917398683207358,7.2137136466074262e-59
16.865554612265687,0.00027879131445146342,5.8792018142983814e-59
16.890424838736973,0.00026635326313238138,4.7908127374617233e-59
16.915295065208252,0.00025440874717147635,3.9032950441985866e-59
16.940165291679538,0.0002429412170341043,3.1796910342020289e-59
16.965035518150817,0.00023193453704878342,2.589821439916022e-59
16.989905744622103,0.00022137298133892501,2.1090461299414004e-59
17.014775971093389,0.00021124122949657374,1.7172506658076914e-59
17.039646197564668,0.00020152436201381033,1.3980176854099043e-59
17.064516424035954,0.00019220785548736217,1.1379495145256561e-59
17.089386650507233,0.00018327757761168429,9.2611449549958582e-60
17.114256876978519,0.00017471978197540922,7.5359451050171993e-60
17.139127103449805,0.00016652110267591057,6.1311526359405255e-60
17.163997329921084,0.00015866854876627536,4.9874423354164815e-60
17.188867556392371,0.00015114949854874273,4.0564395111498589e-60
17.21373778286365,0.00014395169372832597,3.2987049983763356e-60
17.238608009334936,0.00013706323343990704,2.6820897738348098e-60
17.263478235806222,0.00013047256816185957,2.1803915964219731e-60
17.288348462277501,0.00012416849352875995,1.7722584112511817e-60
17.313218688748787,0.0001181401440554574,1.4402933330304693e-60
17.338088915220073,0.00011237698678437532,1.1703242715513971e-60
17.362959141691352,0.00010686881486748407,9.5080800867793299e-61
17.387829368162638,0.00010160574109404351,7.7234405455119622e-61
17.412699594633917,9.6578191374811231e-05,6.2727812367846614e-61
17.437569821105203,9.1776898192966343e-05,5.0937876170255737e-61
17.462440047576489,8.7192894031677277e-05,4.1357367049842286e-61
17.487310274047768,8.2817504787762117e-05,3.3573474523987769e-61
17.512180500519055,7.8642343180543902e-05,2.7250285248737592e-61
17.537050726990334,7.465930216459523e-05,2.2114502522312238e-61
17.56192095346162,7.0860548354634672e-05,1.7943809627474583e-61
17.586791179932906,6.7238515470503774e-05,1.4557389069093902e-61
17.611661406404185,6.3785897809700445e-05,1.1808199533223069e-61
17.636531632875471,6.0495643754600126e-05,9.5766857013701997e-62
17.66140185934675,5.7360949321109203e-05,7.765655907346766e-62
17.686272085818036,5.4375251755086674e-05,6.29611148543299e-62
17.711142312289322,5.1532223182551379e-05,5.1038515398004087e-62
17.736012538760601,4.8825764319279106e-05,4.1367094113367128e-62
17.760882765231887,4.6249998245064644e-05,3.3523036739660388e-62
17.785752991703166,4.3799264247575934e-05,2.7162081572608679e-62
17.810623218174452,4.1468111740356554e-05,2.2004631635775083e-62
17.835493444645738,3.9251294259241276e-05,1.7823644598750002e-62
17.860363671117018,3.7143763541081828e-05,1.4434783760399133e-62
17.885233897588304,3.5140663688389503e-05,1.1688409224701656e-62
17.91010412405959,3.3237325423190802e-05,9.4630664954830242e-63
17.934974350530869,3.1429260433075049e-05,7.6601933680768677e-63
17.959844577002155,2.9712155812143206e-05,6.1998178647021576e-63
17.984714803473434,2.8081868599281681e-05,5.017062220433318e-63
18.00958502994472,2.6534420415899837e-05,4.0593023524164645e-63
18.034455256416006,2.5065992205034159e-05,3.2838602843291535e-63
18.059325482887285,2.3672919073444154e-05,2.6561298319287814e-63
18.084195709358571,2.2351685238100593e-05,2.1480544473515116e-63
18.10906593582985,2.1098919078232374e-05,1.736891255155005e-63
18.133936162301136,1.9911388293863622e-05,1.4042076325852872e-63
18.158806388772422,1.8785995171579953e-05,1.1350667124176374e-63
18.183676615243701,1.7719771958039837e-05,9.1736634466269607e-64
18.208546841714988,1.6709876341566807e-05,7.4130269038658111e-64
18.233417068186267,1.5753587041972084e-05,5.9893501955509635e-64
18.258287294657553,1.4848299508573661e-05,4.8383267550208162e-64
18.283157521128839,1.3991521726227784e-05,3.9078873895726856e-64
18.308027747600118,1.318087012901652e-05,3.1558782734685583e-64
18.332897974071404,1.2414065621098553e-05,2.5481782473620528e-64
18.357768200542683,1.1688929704089868e-05,2.057172556246763e-64
18.382638427013969,1.1003380710203718e-05,1.6605157429735801e-64
18.407508653485255,1.0355430140269684e-05,1.3401290771506317e-64
18.432378879956534,9.7431791056259142e-06,1.0813881860166887e-64
18.45724910642782,9.164814872781291e-06,8.7246490916994299e-65
18.482119332899106,8.618607509644764e-06,7.0379418436630338e-65
18.506989559370385,8.1029066320250428e-06,5.6764228109068261e-65
18.531859785841672,7.6161382490252941e-06,4.5775717141438689e-65
18.556730012312951,7.1568017058813661e-06,3.6908545825490845e-65
18.581600238784237,6.7234667227180267e-06,2.9754322765418191e-65
18.606470465255523,6.3147705276431331e-06,2.3983058260526111e-65
18.631340691726802,5.9294150825357388e-06,1.9328155572545986e-65
18.656210918198088,5.5661643998392931e-06,1.5574267157226764e-65
18.681081144669367,5.2238419486261564e-06,1.2547470557514669e-65
18.705951371140653,4.9013281481578395e-06,1.0107322142579585e-65
18.730821597611939,4.5975579471377511e-06,8.1404307822994143e-66
18.755691824083218,4.3115184868198996e-06,6.5552615645757371e-66
18.780562050554504,4.0422468461172555e-06,5.2779347925438803e-66
18.805432277025783,3.788827866835037e-06,4.2488301750173432e-66
18.830302503497069,3.5503920571372234e-06,3.4198423226675342e-66
18.855172729968356,3.3261135713493791e-06,2.7521629882062095e-66
18.880042956439635,3.1152082641907232e-06,2.2144892424117642e-66
18.904913182910921,2.9169318175292695e-06,1.7815760149076442e-66
18.9297834093822,2.7305779377548254e-06,1.4330670053762706e-66
18.954653635853486,2.5554766218677596e-06,1.152550581770255e-66
18.979523862324772,2.390992490392458e-06,9.2679749015753344e-67
19.004394088796051,2.2365231852321665e-06,7.4514546254078253e-67
19.029264315267337,2.0914978305975972e-06,5.9900249438833435e-67
19.054134541738623,1.9553755551574908e-06,4.8144597255234783e-67
19.079004768209902,1.8276440735765969e-06,3.8689920974961791e-67
19.103874994681188,1.7078183256286063e-06,3.1087048071213514e-67
19.128745221152467,1.5954391710937828e-06,2.4974251695950922e-67
19.153615447623753,1.4900721386745521e-06,2.0060273107065697e-67
19.17848567409504,1.3913062271900892e-06,1.6110631193906879e-67
19.203355900566319,1.2987527573368324e-06,1.2936584446976364e-67
19.228226127037605,1.2120442723318627e-06,1.0386232907764996e-67
19.253096353508884,1.1308334857862171e-06,8.3373463665382184e-68
19.27796657998017,1.0547922751854624e-06,6.6915848399650513e-68
19.302836806451456,9.8361071938847262e-07,5.3698417904564765e-68
19.327707032922735,9.1699617858694722e-07,4.3084925841814752e-68
19.352577259394021,8.5467241520271461e-07,3.4563727027861451e-68
19.3774474858653,7.9637875423408626e-07,2.7723441475763439e-68
19.402317712336586,7.4186928159656922e-07,2.2233358592100944e-68
19.427187938807872,6.9091207903938037e-07,1.7827660777973676e-68
19.452058165279151,6.4328849425359396e-07,1.4292724037906925e-68
19.476928391750437,5.9879244482396242e-07,1.1456897103879352e-68
19.501798618221716,5.5722975471203451e-07,9.182276669492393e-69
19.526668844693003,5.1841752199345965e-07,7.3580899627494664e-69
19.551539071164289,4.8218351660871233e-07,5.8953713961642545e-69
19.576409297635568,4.4836560692131205e-07,4.7226809177660295e-69
19.601279524106854,4.1681121391340099e-07,3.7826607708801014e-69
19.62614975057814,3.8737679188355984e-07,3.0292669350478992e-69
19.651019977049419,3.5992733454632046e-07,2.4255434062461311e-69
19.675890203520705,3.3433590546752601e-07,1.9418331678429938e-69
19.700760429991984,3.1048319180371965e-07,1.5543404037226956e-69
19.72563065646327,2.8825708034709918e-07,1.2439751794339983e-69
19.750500882934556,2.6755225491109972e-07,9.9542524676053833e-70
19.775371109405835,2.4826981412389223e-07,7.9641044146173818e-70
19.800241335877121,2.3031690872941217e-07,6.3708385095471723e-70
19.8251115623484,2.1360639752698435e-07,5.095509379058868e-70
19.849981788819687,1.9805652111133861e-07,4.0748344721790418e-70
19.874852015290973,1.8359059260536393e-07,3.2580946387922566e-70
19.899722241762252,1.7013670460730097e-07,2.6046464206569205e-70
19.924592468233538,1.5762745160323766e-07,2.0819256459843316e-70
19.949462694704817,1.4599966712404953e-07,1.6638455562199208e-70
19.974332921176103,1.351941749534271e-07,1.3295117035115528e-70
19.999203147647389,1.2515555372077314e-07,1.0621911430085773e-70
20.024073374118668,1.1583191423879497e-07,8.4848573317793332e-71
20.048943600589954,1.0717468897127394e-07,6.7766923563627829e-71
20.073813827061233,9.9138433041321741e-08,5.4115584517990887e-71
20.098684053532519,9.16806362144666e-08,4.3207416037806442e-71
20.123554280003805,8.4761545314482931e-08,3.4492573077977274e-71
20.148424506475084,7.8343996552462935e-08,2.7531143428453733e-71
20.173294732946371,7.2393257271742752e-08,2.1971224531561066e-71
20.198164959417657,6.687687663261566e-08,1.7531361018056845e-71
20.223035185888936,6.1764544781364678e-08,1.3986477834941829e-71
20.247905412360222,5.7027960068170562e-08,1.1156615019881583e-71
20.272775638831501,5.2640703897736924e-08,8.8979075773906658e-72
20.297645865302787,4.8578122815069099e-08,7.0953641792099566e-72
20.322516091774073,4.48172174469035e-08,5.65708688946659e-72
20.347386318245352,4.1336537936557616e-08,4.5096450981322154e-72
20.372256544716638,3.8116085526734849e-08,3.5943737843333408e-72
20.397126771187917,3.5137219960919418e-08,2.8644118956543783e-72
20.421996997659203,3.2382572389457837e-08,2.2823332469204854e-72
20.446867224130489,2.9835963481388638e-08,1.8182516997545106e-72
20.471737450601768,2.7482326457363022e-08,1.4483059178620956e-72
20.496607677073055,2.5307634772800624e-08,1.1534478549095957e-72
20.521477903544334,2.3298834193641763e-08,9.1847424694815114e-73
20.54634813001562,2.1443779019723221e-08,7.3125249193727497e-73
20.571218356486906,1.9731172223004361e-08,5.8210200067763587e-73
20.596088582958185,1.8150509279499356e-08,4.6329987423227614e-73
20.620958809429471,1.6692025484962364e-08,3.6868598603396186e-73
20.64582903590075,1.5346646555063296e-08,2.9334752976257699e-73
20.670699262372036,1.4105942321009601e-08,2.3336708325797277e-73
20.695569488843322,1.2962083341377631e-08,1.856214318628969e-73
20.720439715314601,1.1907800260246587e-08,1.4762095010223869e-73
20.745309941785887,1.0936345750675467e-08,1.1738138549519194e-73
20.770180168257173,1.0041458891090923e-08,9.3321524325039153e-74
20.795050394728452,9.2173318302844692e-09,7.418152789569737e-74
20.819920621199739,8.4585786044881392e-09,5.895777450378605e-74
20.844790847671018,7.7602059773956561e-09,4.6850879367362357e-74
20.869661074142304,7.1175861810375711e-09,3.7224233975991597e-74
20.89453130061359,6.5264314421439301e-09,2.9570941311025531e-74
20.919401527084869,5.9827701850050246e-09,2.3487450986122958e-74
20.944271753556155,5.4829248079261077e-09,1.8652540076137405e-74
20.969141980027434,5.0234909361496794e-09,1.4810558442040332e-74
20.99401220649872,4.601318059605791e-09,1.1758075488377778e-74
21.018882432970006,4.2134914690756118e-09,9.3332395228840717e-75
21.043752659441285,3.8573154092986068e-09,7.4073000358563708e-75
21.068622885912571,3.5302973722582157e-09,5.8778543271014461e-75
21.09349311238385,3.230133458339078e-09,4.6634686156251217e-75
21.118363338855136,2.954694737271306e-09,3.6993945773675089e-75
21.143233565326423,2.7020145447882543e-09,2.93415877092651e-75
21.168103791797702,2.470276654712321e-09,2.3268475090388526e-75
21.192974018268988,2.2578042697782693e-09,1.844945715180282e-75
21.217844244740274,2.0630497779014123e-09,1.462617008139178e-75
21.242714471211553,1.8845852238111716e-09,1.1593351512353747e-75
21.267584697682839,1.721093449011307e-09,9.187952599747129e-76
21.292454924154118,1.5713598559000688e-09,7.2804771903656485e-76
21.317325150625404,1.4342647545946877e-09,5.7680936456566209e-76
21.34219537709669,1.3087762535685357e-09,4.5691573792834049e-76
21.367065603567969,1.1939436576240743e-09,3.6188558904408553e-76
21.391935830039255,1.0888913390065196e-09,2.8657468154500251e-76
21.416806056510534,9.9281304961292905e-10,2.2690063190725581e-76
21.44167628298182,9.0496664427680589e-10,1.7962424253442324e-76
21.466546509453106,8.2466918701893787e-10,1.4217575775610369e-76
21.491416735924386,7.5129241395128843e-10,1.1251683592509708e-76
21.516286962395672,6.8425852821384578e-10,8.9030913137317652e-77
21.541157188866951,6.230363039161733e-10,7.0436132533470932e-77
21.566027415338237,5.6713747755201151e-10,5.5716205775690315e-77
21.590897641809523,5.1611340676380131e-10,4.4065522380567571e-77
21.615767868280802,4.6955197765552409e-10,3.4845577743222976e-77
21.640638094752088,4.2707474309516414e-10,2.7550391437099825e-77
21.665508321223367,3.8833427561430244e-10,2.1779065213404422e-77
21.690378547694653,3.5301171960647742e-10,1.7214010138114575e-77
21.715248774165939,3.2081452855343385e-10,1.3603674471714499e-77
21.740119000637218,2.9147437397054305e-10,1.0748844125138144e-77
21.764989227108504,2.647452136655872e-10,8.4917784805883397e-78
21.78985945357979,2.4040150775057535e-10,6.7075961295844128e-78
21.814729680051069,2.1823657163796422e-10,5.2974456769379431e-78
21.839599906522356,1.9806105599426555e-10,4.1830925736489679e-78
21.864470132993635,1.7970154431771226e-10,3.3026290541851002e-78
21.889340359464921,1.6299925945542124e-10,2.6070747056922109e-78
21.914210585936207,1.4780887098259349e-10,2.0576832027915182e-78
21.939080812407486,1.3399739593310066e-10,1.6238088579492061e-78
21.963951038878772,1.2144318590088633e-10,1.2812168964936522e-78
21.988821265350051,1.1003499402641258e-10,1.0107453829730626e-78
22.013691491821337,9.9671115844215474e-11,7.9724578602936956e-79
22.038561718292623,9.0258598398918098e-11,6.2874429300092191e-79
22.063431944763902,8.1712512438960709e-11,4.95777984073844e-79
22.088302171235188,7.3955282872383008e-11,3.908694933322316e-79
22.113172397706467,6.6916073018434264e-11,3.0811133231831217e-79
22.138042624177753,6.0530218514315966e-11,2.4283703719990403e-79
22.16291285064904,5.4738707039730357e-11,1.9136104614338228e-79
22.187783077120319,4.9487700304094572e-11,1.5077297527198312e-79
22.212653303591605,4.4728095004084226e-11,1.1877494309656883e-79
22.237523530062884,4.0415119703550858e-11,9.3552955997296122e-80
22.26239375653417,3.6507964815078061e-11,7.3675239345507844e-80
22.287263983005456,3.2969443073761161e-11,5.8011881849420443e-80
22.312134209476735,2.9765678090012001e-11,4.5671335334101793e-80
22.337004435948021,2.6865818750550284e-11,3.5950242396810692e-80
22.361874662419307,2.424177740600853e-11,2.8293800943330004e-80
22.386744888890586,2.1867989940659447e-11,2.2264457734522777e-80
22.411615115361872,1.9721195965551947e-11,1.7517184645551825e-80
22.436485341833151,1.7780237511515731e-11,1.3779956640386521e-80
22.461355568304437,1.6025874723779935e-11,1.0838339524984862e-80
22.486225794775724,1.4440617176118089e-11,8.523324238382451e-81
22.511096021247003,1.3008569529970903e-11,6.7017253485107982e-81
22.535966247718289,1.1715290363636478e-11,5.2686045017704908e-81
