x,kde,ekf_gaussian
-33.636851898174839,4.2235889993745195e-10,5.2311406818581273e-20
-33.601902626928144,4.4844325081229287e-10,6.1590411814616159e-20
-33.566953355681449,4.7609240989837966e-10,7.2492697906831542e-20
-33.532004084434753,5.0539733496766349e-10,8.5298199591067247e-20
-33.497054813188065,5.3645409126656858e-10,1.0033441269121691e-19
-33.462105541941369,5.6936412753923681e-10,1.1798435099991045e-19
-33.427156270694674,6.04234566340174e-10,1.3869581271265534e-19
-33.392206999447978,6.4117850934069376e-10,1.629921686693676e-19
-33.357257728201283,6.803153583661271e-10,1.9148491813594204e-19
-33.322308456954588,7.2177115293508283e-10,2.2488829684181701e-19
-33.287359185707892,7.6567892510767571e-10,2.6403626704305479e-19
-33.252409914461204,8.1217907248684145e-10,3.0990227143161076e-19
-33.217460643214508,8.6141975025574825e-10,3.6362219282546885e-19
-33.182511371967813,9.1355728317455901e-10,4.2652103097578151e-19
-33.147562100721117,9.6875659850234258e-10,5.0014388792328209e-19
-33.112612829474422,1.0271916808535996e-09,5.862919457412164e-19
-33.077663558227727,1.089046050044869e-09,6.8706422707103847e-19
-33.042714286981038,1.1545132630346405e-09,8.04906051717353e-19
-33.007765015734343,1.2237974411096543e-09,9.426652441601001e-19
-32.972815744487647,1.2971138235222657e-09,1.1036573099631461e-18
-32.937866473240952,1.374689348838075e-09,1.2917409869171132e-18
-32.902917201994256,1.4567632653088089e-09,1.5114057930236845e-18
-32.867967930747561,1.543587771644352e-09,1.7678734423186049e-18
-32.833018659500866,1.6354286896187516e-09,2.0672152858598749e-18
-32.798069388254177,1.7325661700085343e-09,2.4164882644896971e-18
-32.763120117007482,1.8352954334279706e-09,2.8238922385252605e-18
-32.728170845760786,1.9439275476943089e-09,3.2989519945553986e-18
-32.693221574514091,2.0587902434282835e-09,3.8527277292740451e-18
-32.658272303267395,2.1802287696691333e-09,4.498058384184042e-18
-32.6233230320207,2.3086067913611409e-09,5.2498428638329321e-18
-32.588373760774004,2.4443073306493311e-09,6.1253649262873339e-18
-32.553424489527316,2.587733754005695e-09,7.1446684018553505e-18
-32.518475218280621,2.7393108072947528e-09,8.3309903906390916e-18
-32.483525947033925,2.899485700977283e-09,9.7112612296134886e-18
-32.44857667578723,3.0687292477462064e-09,1.1316681326420681e-17
-32.413627404540534,3.2475370549856132e-09,1.3183386453668846e-17
-32.378678133293839,3.4364307745461927e-09,1.5353214811300237e-17
-32.343728862047143,3.6359594124358269e-09,1.7874591126342106e-17
-32.308779590800455,3.8467007011339225e-09,2.0803545304158156e-17
-32.27383031955376,4.0692625373524573e-09,2.4204885713108225e-17
-32.238881048307064,4.3042844881840721e-09,2.8153550120672713e-17
-32.203931777060369,4.5524393687022354e-09,3.2736160655337875e-17
-32.168982505813673,4.8144348942044945e-09,3.805281300346276e-17
-32.134033234566978,5.0910154104231911e-09,4.4219134430777676e-17
-32.099083963320282,5.3829637051655652e-09,5.136865021982716e-17
-32.064134692073594,5.6911029049872365e-09,5.9655503823611471e-17
-32.029185420826899,6.0162984606521324e-09,6.925758254961794e-17
-31.994236149580203,6.3594602252837204e-09,8.0380108018113197e-17
-31.959286878333508,6.7215446292740279e-09,9.3259759109779939e-17
-31.924337607086812,7.1035569561797908e-09,1.0816940477291199e-16
-31.88938833584012,7.50655372400752e-09,1.2542353506101534e-16
-31.854439064593425,7.9316451764667353e-09,1.4538449130077088e-16
-31.81948979334673,8.3799978889533493e-09,1.6846961055493473e-16
-31.784540522100038,8.8528374942175685e-09,1.9515941577973401e-16
-31.749591250853342,9.3514515328667433e-09,2.2600700154671119e-16
-31.714641979606647,9.8771924340580961e-09,2.6164878620522755e-16
-31.679692708359951,1.0431480631949358e-08,3.0281682524345292e-16
-31.644743437113259,1.1015807823693246e-08,3.5035290774605088e-16
-31.609794165866564,1.1631740374989896e-08,4.0522468867973641e-16
-31.574844894619869,1.2280922879445063e-08,4.6854414475275064e-16
-31.539895623373177,1.2965081878227549e-08,5.4158868134412642e-16
-31.504946352126481,1.3686029746768754e-08,6.2582526310664766e-16
-31.469997080879786,1.4445668755508437e-08,7.229379920179719e-16
-31.435047809633094,1.5245995311961475e-08,8.3485961468038245e-16
-31.400098538386398,1.6089104391657638e-08,9.6380750644583613e-16
-31.365149267139703,1.6977194165794536e-08,1.1123247544769172e-15
-31.330199995893011,1.7912570833743267e-08,1.2833270462815908e-15
-31.295250724646316,1.8897653668853515e-08,1.4801561658576045e-15
-31.26030145339962,1.9934980286321673e-08,1.7066410077897311e-15
-31.225352182152925,2.1027212142217836e-08,1.9671671420781323e-15
-31.190402910906233,2.2177140273103975e-08,2.2667561009582882e-15
-31.155453639659537,2.3387691286029134e-08,2.6111557155474024e-15
-31.120504368412842,2.4661933609047266e-08,3.0069430071181942e-15
-31.08555509716615,2.6003084012781441e-08,3.4616413377404552e-15
-31.050605825919455,2.7414514413941429e-08,3.9838537508409561e-15
-31.015656554672759,2.889975897210023e-08,4.5834146871676225e-15
-30.980707283426064,3.0462521491450709e-08,5.2715625493563719e-15
-30.945758012179372,3.2106683139683203e-08,6.0611359128763845e-15
-30.910808740932676,3.3836310496567214e-08,6.9667965471676124e-15
-30.875859469685981,3.5655663945267706e-08,8.0052828234169203e-15
-30.840910198439289,3.7569206419897846e-08,9.1956975504148599e-15
-30.805960927192594,3.9581612523287014e-08,1.0559834803732216e-14
-30.771011655945898,4.1697778029435496e-08,1.2122550903277382e-14
-30.736062384699203,4.392282978564586e-08,1.3912185358218915e-14
-30.701113113452511,4.6262136029836542e-08,1.5961038345301904e-14
-30.666163842205815,4.8721317139094379e-08,1.8305912126858938e-14
-30.63121457095912,5.1306256826070799e-08,2.0988724759577426e-14
-30.596265299712428,5.4023113800411301e-08,2.4057205506961971e-14
-30.561316028465733,5.687833391299152e-08,2.7565682561449381e-14
-30.526366757219037,5.9878662801342608e-08,3.1575975022024418e-14
-30.491417485972342,6.3031159055280717e-08,3.6158402577454795e-14
-30.45646821472565,6.6343207922392751e-08,4.1392928033418026e-14
-30.421518943478954,6.9822535573699303e-08,4.7370449715635837e-14
-30.386569672232259,7.3477223950490761e-08,5.4194262904877274e-14
-30.351620400985567,7.7315726214043162e-08,6.1981711840411015e-14
-30.316671129738872,8.1346882820633222e-08,7.0866056496176276e-14
-30.281721858492176,8.5579938245012184e-08,8.0998581322140052e-14
-30.246772587245484,9.0024558376267082e-08,9.2550976489231283e-14
-30.211823315998789,9.46908486107757e-08,1.0571802592123946e-13
-30.176874044752093,9.9589372667754035e-08,1.207206405872035e-13
-30.141924773505401,1.0473117215374416e-07,1.3780928021422822e-13
-30.106975502258706,1.1012778690321231e-07,1.5726781182003441e-13
-30.072026231012011,1.1579127612330628e-07,1.7941785931996902e-13
-30.037076959765315,1.2173424037171966e-07,2.0462370500464494e-13
-30.002127688518623,1.2796984439750993e-07,2.3329781098923622e-13
-29.967178417271928,1.3451184087567233e-07,2.6590703688992439e-13
-29.932229146025232,1.4137459506721312e-07,3.0297963908217036e-13
-29.89727987477854,1.4857311043747761e-07,3.4511314704517901e-13
-29.862330603531845,1.5612305526648023e-07,3.9298322361371052e-13
-29.82738133228515,1.6404079028601548e-07,4.4735362857185083e-13
-29.792432061038454,1.7234339737941854e-07,5.0908741907676848e-13
-29.757482789791762,1.8104870938089449e-07,5.7915953605152886e-13
-29.722533518545067,1.9017534101247739e-07,6.5867094311056404e-13
-29.687584247298371,1.9974272099779471e-07,7.488645039717297e-13
-29.652634976051679,2.0977112539300302e-07,8.5114280587954865e-13
-29.617685704804984,2.2028171217643736e-07,9.6708816055004451e-13
-29.582736433558289,2.3129655713973012e-07,1.0984850408090024e-12
-29.547787162311593,2.4283869112442706e-07,1.2473452407198072e-12
-29.512837891064901,2.5493213864937913e-07,1.4159360798995702e-12
-29.477888619818206,2.6760195797550883e-07,1.6068120092527469e-12
-29.442939348571514,2.8087428265585382e-07,1.8228500158924451e-12
-29.407990077324818,2.9477636462020402e-07,2.0672892699961084e-12
-29.373040806078123,3.0933661884496233e-07,2.3437755062162988e-12
-29.338091534831428,3.2458466966035203e-07,2.6564106875546593e-12
-29.303142263584732,3.4055139874848231e-07,3.0098085608669694e-12
-29.26819299233804,3.5726899488728901e-07,3.4091567810208875e-12
-29.233243721091345,3.7477100549687922e-07,3.8602863558544635e-12
-29.198294449844653,3.9309239004628953e-07,4.3697492472268463e-12
-29.163345178597957,4.1226957538033226e-07,4.9449050554386e-12
-29.128395907351262,4.3234051302767302e-07,5.5940178160159336e-12
-29.093446636104566,4.5334473855301875e-07,6.3263640503000465e-12
-29.058497364857875,4.7532343301787622e-07,7.1523533355262043e-12
-29.023548093611179,4.9831948661606042e-07,8.0836627973148674e-12
-28.988598822364484,5.2237756455180766e-07,9.133387079011391e-12
-28.953649551117792,5.4754417523014393e-07,1.0316205509536969e-11
-28.918700279871096,5.7386774083089633e-07,1.1648568375888691e-11
-28.883751008624401,6.0139867033950067e-07,1.3148904409858762e-11
-28.848801737377705,6.3018943510968973e-07,1.4837851822790549e-11
-28.813852466131014,6.6029464703488591e-07,1.6738515469269837e-11
-28.778903194884318,6.917711394071121e-07,1.887675299279177e-11
-28.743953923637623,7.2467805054404568e-07,2.1281493106053039e-11
-28.709004652390931,7.5907691026690649e-07,2.3985089488251342e-11
-28.674055381144235,7.9503172931373869e-07,2.7023714144485459e-11
-28.63910610989754,8.3260909177465644e-07,3.0437794471187913e-11
-28.604156838650844,8.7187825063773317e-07,3.4272498709922005e-11
-28.569207567404153,9.1291122653614828e-07,3.857827495351551e-11
-28.534258296157457,9.5578290978937072e-07,4.3411449397483883e-11
-28.499309024910762,1.0005711658331845e-06,4.8834890110384674e-11
-28.46435975366407,1.0473569441355704e-06,5.4918743233966945e-11
-28.429410482417374,1.0962243906975498e-06,6.1741249222922114e-11
-28.394461211170679,1.1472609642402394e-06,6.938964750035358e-11
-28.359511939923983,1.2005575561816585e-06,7.7961178744971076e-11
-28.324562668677292,1.256208614508943e-06,8.7564194946047136e-11
-28.289613397430596,1.314312271653937e-06,9.8319388369694893e-11
-28.254664126183904,1.3749704764822406e-06,1.1036115168275537e-10
-28.219714854937209,1.4382891305083428e-06,1.2383908268719959e-10
-28.184765583690513,1.5043782284513614e-06,1.3891964843738964e-10
-28.149816312443818,1.5733520032486166e-06,1.5578802495511382e-10
-28.114867041197122,1.645329075646282e-06,1.7465013033343901e-10
-28.079917769950431,1.7204326084888045e-06,1.9573487074207191e-10
-28.044968498703735,1.7987904658311893e-06,2.1929662072648892e-10
-28.010019227457043,1.8805353770003656e-06,2.4561796124426192e-10
-27.975069956210348,1.9658051057345636e-06,2.7501270111961729e-10
-27.940120684963652,2.0547426245315623e-06,3.0782921003675852e-10
-27.905171413716957,2.1474962943394502e-06,3.4445409385167652e-10
-27.870222142470265,2.2442200497256004e-06,3.8531624589866462e-10
-27.83527287122357,2.3450735896621138e-06,4.308913111221878e-10
-27.800323599976874,2.450222574068197e-06,4.8170660329795559e-10
-27.765374328730182,2.5598388262524951e-06,5.3834651934250289e-10
-27.730425057483487,2.6741005414006408e-06,6.0145849877268539e-10
-27.695475786236791,2.7931925012554867e-06,6.7175958079202115e-10
-27.660526514990096,2.9173062951402116e-06,7.5004361627866158e-10
-27.625577243743404,3.0466405474763942e-06,8.3718919716008788e-10
-27.590627972496709,3.1814011519518103e-06,9.34168371316007e-10
-27.555678701250013,3.321801512494542e-06,1.0420562172881127e-09
-27.520729430003321,3.4680627912128908e-06,1.1620413597321563e-09
-27.485780158756626,3.6204141634623046e-06,1.2954375137638181e-09
-27.45083088750993,3.7790930802027766e-06,1.4436961541690028e-09
-27.415881616263235,3.9443455378127476e-06,1.6084204139189395e-09
-27.380932345016543,4.1164263555272705e-06,1.7913803255985919e-09
-27.345983073769847,4.2955994606705826e-06,1.9945295292786976e-09
-27.311033802523156,4.4821381818549037e-06,2.2200235810925209e-09
-27.27608453127646,4.6763255503200871e-06,2.4702400083802011e-09
-27.241135260029765,4.8784546095895984e-06,2.7478002697992215e-09
-27.206185988783069,5.0888287336213819e-06,3.0555937923404359e-09
-27.171236717536374,5.307761953633162e-06,3.3968042718065913e-09
-27.136287446289682,5.5355792937839402e-06,3.7749384390839118e-09
-27.101338175042986,5.7726171158952723e-06,4.1938575115504774e-09
-27.066388903796295,6.0192234733969389e-06,4.6578115673043626e-09
-27.031439632549599,6.2757584746844984e-06,5.171477099659005e-09
-26.996490361302904,6.5425946560759102e-06,5.7399980306341805e-09
-26.961541090056208,6.8201173645578204e-06,6.3690304850861731e-09
-26.926591818809513,7.1087251505118605e-06,7.0647916517703457e-09
-26.891642547562821,7.4088301706133527e-06,7.8341130841422798e-09
-26.856693276316125,7.7208586010960511e-06,8.6844988222016339e-09
-26.821744005069434,8.0452510615768219e-06,9.6241887472984567e-09
-26.786794733822738,8.3824630496363732e-06,1.0662227614700997e-08
-26.751845462576043,8.7329653863513769e-06,1.180854024400973e-08
-26.716896191329347,9.0972446729757999e-06,1.3074013385358927e-08
-26.681946920082655,9.4758037589682106e-06,1.4470584819934845e-08
-26.64699764883596,9.8691622215636136e-06,1.6011340296836935e-08
-26.612048377589264,1.0277856857087394e-05,1.7710618954898903e-08
-26.577099106342573,1.0702442184210597e-05,1.9584127927968199e-08
-26.542149835095877,1.1143490959344709e-05,2.1649066885509533e-08
-26.507200563849182,1.1601594704373776e-05,2.392426331747643e-08
-26.472251292602486,1.2077364246922946e-05,2.6430319433406488e-08
-26.437302021355794,1.2571430273360177e-05,2.9189771610871233e-08
-26.402352750109099,1.3084443894728645e-05,3.2227263398005531e-08
-26.367403478862403,1.361707722580541e-05,3.5569733149108396e-08
-26.332454207615712,1.4170023977482326e-05,3.9246617451526478e-08
-26.297504936369016,1.4744000062662669e-05,4.329007158647151e-08
-26.262555665122321,1.5339744215865718e-05,4.7735208356389441e-08
-26.227606393875625,1.5958018626731297e-05,5.2620356707312975e-08
-26.192657122628933,1.6599609587612459e-05,5.7987341676571293e-08
-26.157707851382238,1.7265328155444328e-05,6.3881787304694583e-08
-26.122758580135546,1.7956010828072667e-05,7.0353444265611007e-08
-26.087809308888851,1.8672520235226453e-05,7.7456544091744392e-08
-26.052860037642155,1.9415745844312075e-05,8.5250182000634319e-08
-26.01791076639546,2.0186604681207235e-05,9.3798730467743986e-08
-25.982961495148764,2.0986042066227555e-05,1.0317228583646357e-07
-25.948012223902072,2.1815032365434907e-05,1.1344715041146621e-07
-25.913062952655377,2.2674579757455399e-05,1.2470635264591668e-07
-25.878113681408685,2.3565719015966543e-05,1.3704020820699106e-07
-25.84316441016199,2.4489516308013757e-05,1.5054692488827259e-07
-25.808215138915294,2.5447070008307069e-05,1.6533325453215119e-07
-25.773265867668599,2.6439511529647472e-05,1.8151519533108447e-07
-25.738316596421907,2.7468006169625075e-05,1.9921874809367543e-07
-25.703367325175211,2.8533753973726422e-05,2.185807302907792e-07
-25.668418053928516,2.9637990614981613e-05,2.3974965193848695e-07
-25.633468782681824,3.0781988290277288e-05,2.6288665762966665e-07
-25.598519511435128,3.1967056633453434e-05,2.8816653929400118e-07
-25.563570240188433,3.3194543645294493e-05,3.1577882454885226e-07
-25.528620968941738,3.4465836640521066e-05,3.4592894580040395e-07
-25.493671697695042,3.5782363211876737e-05,3.7883949556663645e-07
-25.45872242644835,3.714559221139962e-05,4.1475157382167974e-07
-25.423773155201658,3.8557034748958949e-05,4.5392623350525805e-07
-25.388823883954963,4.0018245208127012e-05,4.9664603070186912e-07
-25.353874612708267,4.1530822279449064e-05,5.4321668637271071e-07
-25.318925341461572,4.3096410011165036e-05,5.9396886691955928e-07
-25.283976070214877,4.4716698877423439e-05,6.4926009127434756e-07
-25.249026798968185,4.6393426864021379e-05,7.0947677264172419e-07
-25.214077527721489,4.8128380571692586e-05,7.7503640347484732e-07
-25.179128256474797,4.9923396336950282e-05,8.4638989273736879e-07
-25.144178985228102,5.1780361370489118e-05,9.2402406499798418e-07
-25.109229713981406,5.3701214913126472e-05,1.0084643314177004e-06
-25.074280442734711,5.5687949409262488e-05,1.100277543225465e-06
-25.039331171488016,5.7742611697816013e-05,1.2000750388345464e-06
-25.004381900241324,5.9867304220585939e-05,1.3085158963309448e-06
-24.969432628994628,6.2064186247971819e-05,1.4263104036663542e-06
-24.934483357747936,6.433547512197044e-05,1.5542237595116926e-06
-24.899534086501241,6.6683447516357913e-05,1.6930800183740666e-06
-24.864584815254545,6.9110440713940664e-05,1.84376629424898e-06
-24.82963554400785,7.1618853900753672e-05,2.0072372377726121e-06
-24.794686272761155,7.4211149477061328e-05,2.184519802554085e-06
-24.759737001514463,7.6889854384999681e-05,2.3767183171065888e-06
-24.724787730267767,7.965756145268915e-05,2.5850198795577242e-06
-24.689838459021075,8.2516930754615383e-05,2.8107000931034687e-06
-24.65488918777438,8.547069098807483e-05,3.0551291609776481e-06
-24.619939916527684,8.8521640865444847e-05,3.3197783605367777e-06
-24.584990645280989,9.1672650522037333e-05,3.6062269169114567e-06
-24.550041374034294,9.4926662939259172e-05,3.916169297546414e-06
-24.515092102787602,9.8286695382792256e-05,4.2514229498431787e-06
-24.48014283154091,0.00010175584085548512,4.6139365050308868e-06
-24.445193560294214,0.00010533726956461951,5.0057984723195262e-06
-24.410244289047519,0.00010903423040320194,5.4292464483375625e-06
-24.375295017800823,0.00011285005244490618,5.8866768678186488e-06
-24.340345746554128,0.00011678814645226771,6.3806553224790836e-06
-24.305396475307433,0.00012085200639770801,6.9139274760187323e-06
-24.270447204060741,0.00012504521099694673,7.4894306041790919e-06
-24.235497932814049,0.00012937142525433411,8.1103057898035097e-06
-24.200548661567353,0.0001338344020196086,8.7799108038611664e-06
-24.165599390320658,0.00013843798355556351,9.5018337044197274e-06
-24.130650119073962,0.00014318610311608122,1.0279907186575465e-05
-24.095700847827267,0.00014808278653396611,1.1118223717372077e-05
-24.060751576580575,0.0001531321538179775,1.2021151490760173e-05
-24.02580230533388,0.00015833842075845016,1.2993351238660624e-05
-23.990853034087188,0.00016370590054083981,1.4039793935195692e-05
-23.955903762840492,0.00016923900536653603,1.5165779432141436e-05
-23.920954491593797,0.00017494224808021759,1.6376956064618394e-05
-23.886005220347101,0.00018082024380303879,1.7679341266987588e-05
-23.851055949100406,0.00018687771157086891,1.9079343239832707e-05
-23.816106677853714,0.00019311947597680553,2.0583783709795711e-05
-23.781157406607019,0.00019955046881713759,2.2199921824881557e-05
-23.746208135360327,0.00020617573073990631,2.3935479228647864e-05
-23.711258864113631,0.00021300041289519571,2.5798666357457195e-05
-23.676309592866936,0.00022002977858622696,2.7798210005661712e-05
-23.64136032162024,0.00022726920492032951,2.9943382204236482e-05
-23.606411050373545,0.00023472418445881144,3.2244030458942394e-05
-23.571461779126853,0.00024240032686472508,3.4710609394598902e-05
-23.536512507880158,0.00025030336054750218,3.7354213852460129e-05
-23.501563236633466,0.00025843913430337442,4.0186613488006826e-05
-23.46661396538677,0.00026681361895050795,4.3220288916702645e-05
-23.431664694140075,0.00027543290895769274,4.64684694553687e-05
-23.396715422893379,0.0002843032240654484,4.9945172506851743e-05
-23.361766151646684,0.00029343091089833854,5.3665244635530368e-05
-23.326816880399992,0.00030282244456726832,5.7644404380964348e-05
-23.2918676091533,0.00031248443026051003,6.1899286856596783e-05
-23.256918337906605,0.0003224236048221583,6.6447490179876042e-05
-23.221969066659909,0.00033264683831669034,7.1307623779468129e-05
-23.187019795413214,0.00034316113557827704,7.6499358624358712e-05
-23.152070524166518,0.0003539736377434513,8.2043479418583812e-05
-23.117121252919826,0.00036509162376570939,8.7961938804097565e-05
-23.082171981673131,0.00037652251191059606,9.4277913612836296e-05
-23.047222710426439,0.00038827386122976232,0.00010101586320737867
-23.012273439179744,0.00040035337301251719,0.00010820158994774646
-22.977324167933048,0.00041276889221326918,0.0001158623018197497
-22.942374896686353,0.00042552840885331622,0.00012402667725796586
-22.907425625439657,0.00043864005939533946,0.00013272493219380706
-22.872476354192965,0.00045211212808896631,0.0001419888893562796
-22.83752708294627,0.00046595304828572342,0.00015185204984989638
-22.802577811699578,0.00048017140372165105,0.00016234966703075428
-22.767628540452883,0.00049477592976587381,0.000173518822698113
-22.732679269206187,0.00050977551463331704,0.0001853985056147204
-22.697729997959492,0.00052517920055980191,0.00019802969236485846
-22.662780726712796,0.00054099618493767094,0.00021145543055436667
-22.627831455466104,0.00055723582141009251,0.00022572092435193123
-22.592882184219409,0.00057390762092216765,0.00024087362236559749
-22.557932912972717,0.00059102125272689893,0.00025696330784274611
-22.522983641726022,0.00060858654534412906,0.00027404219117579628
-22.488034370479326,0.00062661348747043613,0.00029216500468942679
-22.453085099232631,0.0006451122288380249,0.00031138909967840699
-22.418135827985935,0.00066409308102059663,0.00033177454565794435
-22.383186556739243,0.00068356651818415166,0.00035338423178096274
-22.348237285492552,0.00070354317778067435,0.00037628397036883562
-22.313288014245856,0.00072403386118260668,0.00040054260249379556
-22.278338742999161,0.00074504953425602192,0.000426232105542612
-22.243389471752465,0.00076660132787036985,0.00045342770268209606
-22.20844020050577,0.00078870053834265998,0.0004822079741375225
-22.173490929259074,0.00081135862781391076,0.00051265497018531758
-22.138541658012382,0.00083458722455571389,0.000544854325751137
-22.10359238676569,0.00085839812320470644,0.00057889537649397451
-22.068643115518995,0.00088280328492276023,0.0006148712762459544
-22.0336938442723,0.00090781483748065953,0.0006528791156662835
-21.998744573025604,0.00093344507526307147,0.00069302004195621772
-21.963795301778909,0.00095970645919254526,0.00073539937946991932
-21.928846030532217,0.00098661161657030683,0.00078012675104390124
-21.893896759285521,0.0010141733408316231,0.00082731619985518734
-21.858947488038829,0.0010424045912134209,0.00087708631160541184
-21.823998216792134,0.0010713184923320002,0.00092956033681517044
-21.789048945545439,0.0011009283336684734,0.00098486631299934783
-21.754099674298743,0.0011312475689597579,0.0010431371864808414
-21.719150403052048,0.0011622898154928282,0.0011045109335861877
-21.684201131805356,0.0011940688532999723,0.0011691306809527501
-21.64925186055866,0.001226598624252836,0.0012371448246631402
-21.614302589311968,0.0012598932310529346,0.0013087071479082322
-21.579353318065273,0.0012939669361165399,0.0013839769368662114
-21.544404046818578,0.0013288341603515685,0.0014631190944705251
-21.509454775571882,0.0013645094818243819,0.0015463042517256977
-21.474505504325187,0.0014010076343142456,0.0016337088762155855
-21.439556233078495,0.0014383435057533007,0.0017255153774346722
-21.404606961831799,0.0014765321365498929,0.0018219122085591129
-21.369657690585107,0.0015155887177930978,0.0019230939642603153
-21.334708419338412,0.0015555285893364018,0.0020292614741507353
-21.299759148091717,0.0015963672377583688,0.0021406218914378334
-21.264809876845021,0.0016381202941983259,0.0022573887763498389
-21.229860605598326,0.001680803532064993,0.0023797821738841454
-21.194911334351634,0.0017244328646160935,0.002508028685417326
-21.159962063104942,0.0017690243424069926,0.0026423615337043934
-21.125012791858246,0.0018145941506064358,0.0027830206207838373
-21.090063520611551,0.001861158606177525,0.0029302525782949683
-21.055114249364856,0.0019087341549221322,0.0030843108097045858
-21.02016497811816,0.0019573373683869091,0.0032454555239311163
-20.985215706871468,0.0020069849406292146,0.0034139537598466079
-20.950266435624773,0.0020576936848412724,0.0035900794011301221
-20.915317164378081,0.0021094805298308528,0.0037741131809396634
-20.880367893131385,0.0021623625163570449,0.003966342675865612
-20.84541862188469,0.0022163567933194644,0.0041670622886239
-20.810469350637995,0.0022714806137995509,0.0043765732189454207
-20.775520079391299,0.0023277513309525101,0.0045951834221162171
-20.740570808144607,0.0023851863937485924,0.0048232075546232192
-20.705621536897912,0.0024438033425624927,0.0050609669063617305
-20.67067226565122,0.0025036198046095967,0.0053087893188632513
-20.635722994404524,0.0025646534892281247,0.0055670090890074979
-20.600773723157829,0.0026269221830059848,0.0058359668576871016
-20.565824451911134,0.0026904437447515012,0.0061160094829024311
-20.530875180664438,0.0027552361003071327,0.0064074898967722673
-20.495925909417746,0.0028213172372053637,0.006710766945957551
-20.460976638171051,0.0028887051991661524,0.0070262052150085012
-20.426027366924359,0.0029574180804352434,0.0073541748321593022
-20.391078095677663,0.0030274740199629749,0.0076950512571127795
-20.356128824430968,0.0030988911954230327,0.0080492150503740732
-20.321179553184272,0.003171687817070965,0.008417051623715005
-20.286230281937577,0.0032458821214421682,0.0087989509713719792
-20.251281010690885,0.0033214923648893012,0.0091953073816056392
-20.21633173944419,0.0033985368169591372,0.0096065191282775787
-20.181382468197498,0.0034770337536088641,0.010032988142127146
-20.146433196950802,0.0035570014502622413,0.010475119661464468
-20.111483925704107,0.0036384581747057978,0.010933321862026424
-20.076534654457411,0.0037214221798255922,0.011408005465779995
-20.041585383210716,0.003805911696185168,0.01189958332849325
-20.006636111964024,0.0038919449244452608,0.012408470005934161
-19.971686840717332,0.0039795400276262599,0.012935081298599653
-19.936737569470637,0.0040687151232142085,0.013479833774919769
-19.901788298223941,0.0041594882751114946,0.014043144272928418
-19.866839026977246,0.0042518774854334871,0.014625429380439934
-19.83188975573055,0.004345900686152324,0.015227104893819284
-19.796940484483859,0.0044415757305894836,0.015848585255486099
-19.761991213237163,0.0045389203847586001,0.01649028297034582
-19.727041941990471,0.0046379523185602969,0.017152608001395113
-19.692092670743776,0.0047386890968310856,0.017835967144807691
-19.65714339949708,0.0048411481702480413,0.018540763384861391
-19.622194128250385,0.0049453468660917181,0.019267395229130339
-19.587244857003689,0.0050513023788694589,0.02001625602442441
-19.552295585756998,0.005159031760801543,0.020787733254021164
-19.517346314510302,0.0052685519121728978,0.021582207816799159
-19.48239704326361,0.005379879571552882,0.022400053288943386
-19.447447772016915,0.0054930313058863629,0.023241635168962108
-19.412498500770219,0.0056080235004587597,0.024107310106815095
-19.377549229523524,0.0057248723487385795,0.024997425118023883
-19.342599958276828,0.005843593842100551,0.025912316783697004
-19.307650687030137,0.005964203759432957,0.026852310437471775
-19.272701415783441,0.0060867176566328498,0.027817719340439983
-19.237752144536749,0.0062111508559927111,0.028808843845188847
-19.202802873290054,0.0063375184354828983,0.029825970550158492
-19.167853602043358,0.0064658352179335007,0.03086937144557611
-19.132904330796663,0.0065961157601203543,0.03193930305229644
-19.097955059549967,0.0067283743417591475,0.03303600555493736
-19.063005788303276,0.0068626249544125129,0.034159701930762294
-19.028056517056584,0.0069988812903146631,0.035310597075821563
-18.993107245809888,0.0071371567311184058,0.036488876929921532
-18.958157974563193,0.0072774643365695656,0.037694707602047836
-18.923208703316497,0.0074198168331140466,0.038928234497923611
-18.888259432069802,0.0075642266024426325,0.040189581451432976
-18.85331016082311,0.00771070566997927,0.041478849861691106
-18.818360889576415,0.0078592656933180911,0.042796117837587716
-18.783411618329723,0.0080099179506150555,0.044141439351671474
-18.748462347083027,0.0081626733289402627,0.045514843405287754
-18.713513075836332,0.0083175423125965778,0.046916333206910424
-18.678563804589636,0.0084745349714109956,0.048345885365648392
-18.643614533342941,0.008633660949004961,0.04980344910192995
-18.608665262096249,0.0087949294510500167,0.05128894547739471
-18.573715990849553,0.0089583492335154283,0.052802266646042671
-18.538766719602862,0.0091239285909142636,0.054343275128701678
-18.503817448356166,0.0092916753445550018,0.055911803112891227
-18.468868177109471,0.0094615968308053282,0.057507651780156918
-18.433918905862775,0.0096336998893754352,0.059130590662959087
-18.39896963461608,0.0098079908516276633,0.060780357033187009
-18.364020363369388,0.0099844755289200272,0.062456655324363099
-18.329071092122692,0.010163159200991022,0.064159156589585556
-18.294121820876001,0.010344046604392733,0.065887497997232425
-18.259172549629305,0.010527141920980667,0.067641282366429953
-18.22422327838261,0.010712448766467056,0.069420077744245093
-18.189274007135914,0.010899970179046169,0.07122341702653312
-18.154324735889219,0.01108970860809907,0.073050797624317876
-18.119375464642527,0.011281665902985882,0.074901681177536053
-18.084426193395831,0.011475843301933757,0.076775493317919288
-18.04947692214914,0.011672241421028207,0.07867162348272097
-18.014527650902444,0.011870860243316616,0.080589424780934379
-17.979578379655749,0.012071699108031467,0.08252821391356216
-17.944629108409053,0.012274756699942253,0.084487271149428847
-17.909679837162358,0.012480031038843863,0.086465840357932172
-17.874730565915666,0.012687519469190204,0.088463129100042254
-17.839781294668974,0.012897218649881399,0.090478308778759037
-17.804832023422279,0.013109124544212964,0.092510514850133951
-17.769882752175583,0.013323232409995426,0.09455884709585563
-17.734933480928888,0.013539536789853288,0.0966223699582867
-17.699984209682192,0.013758031501711378,0.098700112938718609
-17.6650349384355,0.013978709629477495,0.10079107105949027
-17.630085667188805,0.014201563513929847,0.10289420539049111
-17.595136395942109,0.01442658474381779,0.10500844364043312
-17.560187124695418,0.014653764147184339,0.10713268081314922
-17.525237853448722,0.014883091782919463,0.10926577992903161
-17.490288582202027,0.015114556932551917,0.11140657281158128
-17.455339310955335,0.015348148092288866,0.11355386093890299
-17.420390039708639,0.015583852965311333,0.11570641635982612
-17.385440768461944,0.015821658454333913,0.11786298267418407
-17.350491497215248,0.016061550654437422,0.12002227607663954
-17.315542225968557,0.016303514846182324,0.12218298646328435
-17.280592954721861,0.016547535489011733,0.1243437786000952
-17.245643683475166,0.016793596214951585,0.1265032933521672
-17.210694412228474,0.017041679822616628,0.12866014897250197
-17.175745140981778,0.017291768271530006,0.13081294244896702
-17.140795869735083,0.017543842676764003,0.13296025090789082
-17.105846598488387,0.017797883303910626,0.13510063307261383
-17.070897327241696,0.018053869564388855,0.13723263077515754
-17.035948055995,0.018311780011096811,0.13935477051903311
-17.000998784748305,0.018571592334415753,0.14146556509105943
-16.966049513501613,0.018833283358573698,0.14356351521992783
-16.931100242254917,0.019096829038375888,0.14564711127910399
-16.896150971008222,0.01936220445630853,0.14771483503152585
-16.86120169976153,0.019629383820023515,0.14976516141342938
-16.826252428514834,0.019898340460210457,0.15179656035450553
-16.791303157268139,0.02016904682886261,0.15380749863146989
-16.756353886021444,0.020441474497943011,0.15579644175201859
-16.721404614774752,0.020715594158457445,0.15776185586602887
-16.686455343528056,0.020991375619939735,0.15970220970076571
-16.651506072281361,0.021268787810355645,0.16161597651675508
-16.616556801034669,0.02154779877643059,0.16350163608090454
-16.581607529787973,0.021828375684406973,0.16535767665336396
-16.546658258541278,0.022110484821235989,0.16718259698454802
-16.511708987294586,0.022394091596209125,0.16897490831868184
-16.476759716047891,0.022679160543033972,0.17073313640017004
-16.441810444801195,0.022965655322358766,0.1724558234790419
-16.4068611735545,0.023253538724749914,0.17414153031169169
-16.371911902307808,0.023542772674126841,0.17578883815309729
-16.336962631061112,0.023833318231657481,0.17739635073668489
-16.302013359814417,0.024125135600117736,0.17896269623799149
-16.267064088567725,0.02441818412871883,0.18048652921828184
-16.23211481732103,0.024712422318404779,0.18196653254427983
-16.197165546074334,0.025007807827622963,0.18340141928019182
-16.162216274827639,0.025304297478569941,0.18478993454823242
-16.127267003580947,0.025601847263914818,0.18613085735389442
-16.092317732334251,0.025900412354001878,0.18742300237225581
-16.057368461087556,0.02619994710453347,0.18866522169167077
-16.022419189840864,0.026500405064735132,0.18985640651126068
-15.987469918594169,0.026801738986003236,0.19099548878869543
-15.952520647347473,0.027103900831035612,0.19208144283483874
-15.917571376100781,0.027406841783445577,0.19311328685192994
-15.882622104854086,0.027710512257859619,0.19409008441207376
-15.84767283360739,0.028014861910497093,0.19501094587292248
-15.812723562360695,0.028319839650232815,0.19587502972755733
-15.777774291114003,0.028625393650139636,0.19668154388570164
-15.742825019867308,0.028931471359511539,0.19742974688353612
-15.707875748620612,0.029238019516363279,0.19811894901952984
-15.67292647737392,0.029544984160406414,0.19874851341385194
-15.637977206127225,0.02985231064649797,0.1993178569890863
-15.603027934880529,0.030159943658559448,0.19982645137013433
-15.568078663633834,0.030467827223962816,0.20027382370136335
-15.533129392387142,0.030775904728380266,0.20065955737923022
-15.498180121140447,0.031084118931093589,0.20098329269879195
-15.463230849893751,0.031392411980758851,0.20124472741269842
-15.428281578647059,0.03170072543162214,0.2014436172014516
-15.393332307400364,0.032009000260181421,0.2015797760539069
-15.358383036153668,0.032317176882288946,0.20165307655718687
-15.323433764906977,0.032625195170689132,0.20166345009537495
-15.288484493660281,0.032932994472985019,0.20161088695655566
-15.253535222413586,0.033240513630028376,0.2014954363479671
-15.21858595116689,0.033547690994725307,0.20131720631923286
-15.183636679920198,0.033854464451251787,0.20107636359384137
-15.148687408673503,0.034160771434670688,0.20077313330923957
-15.113738137426807,0.034466548950943227,0.20040779866610953
-15.078788866180115,0.034771733597326292,0.19998070048759151
-15.04383959493342,0.035076261583148485,0.19949223668941457
-15.008890323686725,0.035380068750954549,0.1989428616620878
-14.973941052440029,0.035683090598010565,0.19833308556649473
-14.938991781193337,0.035985262298159806,0.19766347354441946
-14.904042509946642,0.036286518724020396,0.19693464484571493
-14.869093238699946,0.03658679446951358,0.19614727187400038
-14.834143967453254,0.036886023872713697,0.19530207915294615
-14.799194696206559,0.037184141039009008,0.19439984221537027
-14.764245424959864,0.037481079864561187,0.19344138641753203
-14.729296153713172,0.037776774060054655,0.19242758568115792
-14.694346882466476,0.038071157174722162,0.19135936116588462
-14.659397611219781,0.038364162620636688,0.19023767987494167
-14.624448339973085,0.038655723697256172,0.18906355319702564
-14.589499068726393,0.038945773616209864,0.1878380353874434
-14.554549797479698,0.039234245526313959,0.18656222199171432
-14.519600526233003,0.039521072538802278,0.18523724821493084
-14.484651254986311,0.039806187752761291,0.18386428724026879
-14.449701983739615,0.040089524280754248,0.18244454850013159
-14.41475271249292,0.040371015274621821,0.18097927590349083
-14.379803441246228,0.040650593951446559,0.17946974602305185
-14.344854169999532,0.040928193619665376,0.17791726624593604
-14.309904898752837,0.041203747705317172,0.17632317289162269
-14.274955627506142,0.041477189778411756,0.17468882930092935
-14.24000635625945,0.041748453579404633,0.1730156238998454
-14.205057085012754,0.042017473045764142,0.17130496824205096
-14.170107813766059,0.042284182338614675,0.16955829503396885
-14.135158542519367,0.042548515869443089,0.16777705614619326
-14.100209271272671,0.042810408326852088,0.16596272061513531
-14.065260000025976,0.043069794703345092,0.16411677263870997
-14.030310728779281,0.04332661032212852,0.16224070956985451
-13.995361457532589,0.043580790863915225,0.1603360399116423
-13.960412186285893,0.043832272393713831,0.15840428131770337
-13.925462915039198,0.0440809913875891,0.15644695860161678
-13.890513643792506,0.044326884759376128,0.15446560175887009
-13.85556437254581,0.044569889887334922,0.15246174400491747
-13.820615101299115,0.044809944640727489,0.15043691983278906
-13.785665830052423,0.045046987406303481,0.14839266309361432
-13.750716558805728,0.04528095711467723,0.14633050510333326
-13.715767287559032,0.045511793266581148,0.14425197277877141
-13.680818016312337,0.045739435958980106,0.14215858680614077
-13.645868745065645,0.045963825911029925,0.14005185984492435
-13.610919473818949,0.046184904489864953,0.1379332947699784
-13.575970202572254,0.046402613736199187,0.13580438295456751
-13.541020931325562,0.046616896389724681,0.13366660259691315
-13.506071660078867,0.046827695914292623,0.13152141709270804
-13.471122388832171,0.047034956522859925,0.12937027345591248
-13.436173117585476,0.047238623202188364,0.12721460079000177
-13.401223846338784,0.047438641737278082,0.12505580881169742
-13.366274575092088,0.047634958735522898,0.12289528642906231
-13.331325303845393,0.047827521650570574,0.12073440037569749
-13.296376032598701,0.048016278805873412,0.11857449390261968
-13.261426761352006,0.048201179417915699,0.11641688552925265
-13.22647749010531,0.048382173619100813,0.11426286785481314
-13.191528218858618,0.048559212480286412,0.11211370643121207
-13.156578947611923,0.048732248032951009,0.10997063869844481
-13.121629676365227,0.04890123329097959,0.10783487298329099
-13.086680405118532,0.049066122272052932,0.10570758756198592
-13.05173113387184,0.0492268700186285,0.10358992978738248
-13.016781862625145,0.049383432618498049,0.1014830152809665
-12.981832591378449,0.049535767224909336,0.099387927189947989
-12.946883320131757,0.049683832076239581,0.09730571550949707
-12.911934048885062,0.04982758651520694,0.095237396470057786
-12.876984777638366,0.049966991007608208,0.093183951989533761
-12.842035506391671,0.050102007160570415,0.091146329189997197
-12.807086235144979,0.050232597740304856,0.089125439978448781
-12.772136963898284,0.050358726689351402,0.087122160691021272
-12.737187692651588,0.050480359143301935,0.085137331799901961
-12.702238421404896,0.050597461446993557,0.083171757682122233
-12.667289150158201,0.050710001170157767,0.081226206449253616
-12.632339878911505,0.050817947122518851,0.079301409836939923
-12.597390607664813,0.050921269368329712,0.0773980631530852
-12.562441336418118,0.051019939240335759,0.075516825283423211
-12.527492065171423,0.051113929353157825,0.073658318753100194
-12.492542793924727,0.051203213616086117,0.071823129842809447
-12.457593522678035,0.051287767245275333,0.070011808757939914
-12.42264425143134,0.051367566775334376,0.068224869849119768
-12.387694980184644,0.051442590070301684,0.066462791882469299
-12.352745708937952,0.051512816334000518,0.064726018357807349
-12.317796437691257,0.051578226119765827,0.063014957873000391
-12.282847166444562,0.051638801339537216,0.061329984532591669
-12.247897895197866,0.051694525272311963,0.059671438398794845
-12.212948623951174,0.051745382571952103,0.058039625982901882
-12.177999352704479,0.051791359274340996,0.056434820775115635
-12.143050081457783,0.051832442803884209,0.054857263810791826
-12.108100810211091,0.051868621979350431,0.053307164271046419
-12.073151538964396,0.05189988701904942,0.051784700115671406
-12.038202267717701,0.051926229545342567,0.050290018746288509
-12.003252996471009,0.051947642588483188,0.048823237697660359
-11.968303725224313,0.051964120589784897,0.047384445355080566
-11.933354453977618,0.051975659404115838,0.045973701695767991
-11.898405182730922,0.051982256301715997,0.044591039052194734
-11.86345591148423,0.051983909969338098,0.043236462895295848
-11.828506640237535,0.05198062051071016,0.041909952635523343
-11.79355736899084,0.051972389446320551,0.040611462439732605
-11.758608097744148,0.051959219712524603,0.039340922061912247
-11.723658826497452,0.051941115659974182,0.038098237685802387
-11.688709555250757,0.051918083051371876,0.036883292777481563
-11.653760284004065,0.051890129058549721,0.035695948946037004
-11.618811012757369,0.051857262258876546,0.034536046810478366
-11.583861741510674,0.051819492630994855,0.033403406871100202
-11.548912470263978,0.051776831549890601,0.032297830383542635
-11.513963199017287,0.051729291781300001,0.031219100233854859
-11.479013927770591,0.051676887475456346,0.030166981812916157
-11.444064656523896,0.05161963416018122,0.029141223888627572
-11.409115385277204,0.051557548733324618,0.028141559474341188
-11.374166114030508,0.051490649454560611,0.027167706692056589
-11.339216842783813,0.05141895593654161,0.026219369628975021
-11.304267571537117,0.051342489135419229,0.02529623918606097
-11.269318300290426,0.051261271340737276,0.024397993917328747
-11.23436902904373,0.051175326164704049,0.023524300858632614
-11.199419757797035,0.051084678530850615,0.022674816344807624
-11.164470486550343,0.050989354662083188,0.02184918681407028
-11.129521215303647,0.050889382068137423,0.021047049598657552
-11.094571944056952,0.050784789532443336,0.02026803370074827
-11.05962267281026,0.050675607098408473,0.019511760552775391
-11.024673401563565,0.050561866055130425,0.018777844761305632
-10.989724130316869,0.050443598922546129,0.018065894833728786
-10.954774859070174,0.050320839436029011,0.017375513887061499
-10.919825587823482,0.050193622530444355,0.01670630033823756
-10.884876316576786,0.050061984323672627,0.016057848575318116
-10.849927045330091,0.049925962099611532,0.015429749609119468
-10.814977774083399,0.049785594290669255,0.014821591704814873
-10.780028502836704,0.049640920459759326,0.014232960993129037
-10.745079231590008,0.049491981281808588,0.013663442060802104
-10.710129960343313,0.049338818524791848,0.013112618520055467
-10.675180689096621,0.04918147503030381,0.012580073556849408
-10.640231417849925,0.049019994693682373,0.012065390457774694
-10.60528214660323,0.048854422443695047,0.011568153115473725
-10.570332875356538,0.048684804221802679,0.011087946512535269
-10.535383604109843,0.04851118696101292,0.010624357183856639
-10.500434332863147,0.04833361856433787,0.010176973657513279
-10.465485061616455,0.048152147882868986,0.0097453868742188986
-10.43053579036976,0.047966824693483963,0.009329190585502788
-10.395586519123064,0.047777699676199097,0.0089279817307712263
-10.360637247876369,0.047584824391182376,0.0085413607934566056
-10.325687976629677,0.047388251255441029,0.0081689321364955166
-10.290738705382982,0.047188033519198792,0.0078103043174097848
-10.255789434136286,0.046984225241977609,0.0074650903832970709
-10.220840162889594,0.046776881268398754,0.0071329081460662054
-10.185890891642899,0.046566057203718723,0.0068133804382807866
-10.150941620396203,0.046351809389114464,0.006506135350000066
-10.115992349149508,0.046134194876734459,0.0062108064470284352
-10.081043077902816,0.045913271404529707,0.0059270329710074477
-10.046093806656121,0.045689097370880956,0.0056544600218025078
-10.011144535409425,0.045461731809037842,0.0053927387226547063
-9.9761952641627332,0.045231234361385285,0.005141526368582448
-9.9412459929160377,0.04499766525355154,0.004900486558532033
-9.9062967216693423,0.044761085268376931,0.0046692893117877918
-9.8713474504226504,0.044521555719754469,0.0044476111691616775
-9.8363981791759549,0.04427913842636199,0.004235135279490999
-9.8014489079292595,0.044033895685298974,0.0040315514719794724
-9.766499636682564,0.043785890245644728,0.0038365563149209531
-9.7315503654358722,0.043535185281953361,0.0036498531613493568
-9.6966010941891767,0.043281844367700786,0.003471152182159491
-9.6616518229424813,0.043025931448699782,0.0033001703872445427
-9.6267025516957894,0.042767510816498551,0.0031366316351942817
-9.5917532804490939,0.042506647081776691,0.0029802666320965158
-9.5568040092023985,0.042243405147756458,0.0028308129199807208
-9.521854737955703,0.041977850183641391,0.0026880148554378684
-9.4869054667090111,0.041710047598100715,0.0025516235789454101
-9.4519561954623157,0.041440063012810301,0.0024213969754191883
-9.4170069242156202,0.041167962236069465,0.0022970996265070155
-9.3820576529689284,0.040893811236504492,0.0021785027551296143
-9.3471083817222329,0.040617676116875431,0.0020653841627658437
-9.3121591104755375,0.040339623087999654,0.0019575281599690485
-9.2772098392288456,0.040059718442806862,0.0018547254905904587
-9.2422605679821501,0.03977802853053828,0.0017567732501745765
-9.2073112967354547,0.039494619731105671,0.0016634747989797357
-9.1723620254887592,0.039209558429621538,0.0015746396700643077
-9.1374127542420673,0.038922910991115479,0.0014900834728668385
-9.1024634829953719,0.038634743735449152,0.0014096277926948907
-9.0675142117486764,0.038345122912442367,0.0013331000865243131
-9.0325649405019846,0.038054114677224013,0.0012603335754966423
-8.9976156692552891,0.037761785065818364,0.001191167134488764
-8.9626663980085937,0.037468199970981178,0.001125445179114871
-8.9277171267619018,0.037173425118295342,0.0010630175505064487
-8.8927678555152063,0.036877526042538918,0.0010037393982020141
-8.8578185842685109,0.03658056806433653,0.00094747106146406829
-8.8228693130218154,0.036282616267105369,0.00089407794932634427
-8.7879200417751235,0.035983735474305362,0.00084343041966048013
-8.7529707705284281,0.035683990227005982,0.00079540365753701472
-8.7180214992817326,0.035383444761778314,0.0007498775531417823
-8.6830722280350408,0.035082162988922749,0.00070673657949481717
-8.6481229567883453,0.034780208471041088,0.00066586967020539935
-8.6131736855416499,0.034477644401964248,0.00062717009748345439
-8.5782244142949544,0.034174533586042027,0.00059053535061421507
-8.5432751430482625,0.033870938417805065,0.00055586701509030632
-8.5083258718015671,0.033566920862006869,0.00052307065258263251
-8.4733766005548716,0.033262542434053757,0.0004920556819192146
-8.4384273293081797,0.032957864180830292,0.00046273526122896297
-8.4034780580614843,0.032652946661927168,0.00043502617139576675
-8.3685287868147888,0.032347849931279912,0.00040884870095688673
-8.333579515568097,0.032042633519222284,0.00038412653256855175
-8.2986302443214015,0.031737356414963738,0.00036078663115107719
-8.2636809730747061,0.031432077049494273,0.00033875913381550989
-8.2287317018280106,0.031126853278923811,0.00031797724166382588
-8.1937824305813187,0.030821742368260227,0.00029837711354523642
-8.1588331593346233,0.03051680097563229,0.00027989776184193549
-8.1238838880879278,0.030212085136960328,0.00026248095034888763
-8.0889346168412359,0.029907650251080133,0.00024607109430378938
-8.0539853455945405,0.02960355106532301,0.00023061516261537818
-8.019036074347845,0.029299841661556667,0.00021606258233060837
-7.9840868031011496,0.02899657544268824,0.00020236514537391276
-7.9491375318544577,0.028693805119634049,0.0001894769175849416
-7.9141882606077623,0.028391582698757776,0.00017735415007459837
-7.8792389893610668,0.028089959469778724,0.00016595519291307865
-7.8442897181143749,0.027788985994152911,0.00015524041115777852
-7.8093404468676795,0.027488712093927656,0.00014517210322351749
-7.774391175620984,0.027189186841071321,0.00013571442159241888
-7.7394419043742921,0.026890458547278426,0.00012683329585598912
-7.7044926331275967,0.026592574754251103,0.00011849635807751776
-7.6695433618809012,0.026295582224457111,0.00011067287045879467
-7.6345940906342058,0.025999526932363289,0.00010333365529128998
-7.5996448193875139,0.025704454056145212,9.6451027168453172e-05
-7.5646955481408185,0.02541040796987144,8.999872743252783e-05
-7.529746276894123,0.02511743223616128,8.3951860826342225e-05
-7.4947970056474311,0.024825569599315245,7.8286834317821213e-05
-7.4598477344007357,0.024534861978915561,7.2981298062550008e-05
-7.4248984631540402,0.024245350463895639,6.8014088467534937e-05
-7.3899491919073448,0.023957075307075495,6.3365173317335419e-05
-7.3549999206606529,0.023670075920161106,5.9015598922038541e-05
-7.3200506494139574,0.0233843908692042,5.4947439245019156e-05
-7.285101378167262,0.023100057870520288,5.1143746967136855e-05
-7.2501521069205701,0.022817113787060417,4.7588506442888961e-05
-7.2152028356738747,0.02253559462523394,4.4266588503125226e-05
-7.1802535644271792,0.022255535532177913,4.116370705816956e-05
-7.1453042931804873,0.02197697079346915,3.8266377454593429e-05
-7.1103550219337919,0.021699933831274162,3.5561876538455426e-05
-7.0754057506870964,0.02142445720293313,3.3038204377526599e-05
-7.040456479440401,0.021150572599972241,3.0684047594852795e-05
-7.0055072081937091,0.020878310847539789,2.8488744265981872e-05
-6.9705579369470136,0.020607701904260489,2.6442250332258641e-05
-6.9356086657003182,0.020338774862502924,2.4535107482789658e-05
-6.9006593944536263,0.020071557949053662,2.2758412457964241e-05
-6.8657101232069309,0.019806078526193118,2.1103787727808412e-05
-6.8307608519602354,0.019542363093166093,1.9563353498918426e-05
-6.79581158071354,0.019280437288041779,1.8129701004261361e-05
-6.7608623094668481,0.019020325889955697,1.6795867030753756e-05
-6.7259130382201526,0.018762052821727666,1.5555309640206619e-05
-6.6909637669734572,0.018505641152849212,1.4401885039964033e-05
-6.6560144957267653,0.018251113102832967,1.3329825560350225e-05
-6.6210652244800698,0.017998490044916941,1.2333718696873838e-05
-6.5861159532333744,0.01774779251011745,1.1408487176013689e-05
-6.5511666819866825,0.017499040191622312,1.054937000431295e-05
-6.5162174107399871,0.017252251949517319,9.7519044614494668e-06
-6.4812681394932916,0.017007445815838598,9.01190899890941e-06
-6.4463188682465962,0.016764638999943082,8.325467006871597e-06
-6.4113695969999043,0.016523847894189106,7.6889114129080842e-06
-6.3764203257532088,0.016285088079919696,7.0988100771152021e-06
-6.3414710545065134,0.016048374333740598,6.5519519493068286e-06
-6.3065217832598215,0.015813720634084635,6.0453339549229412e-06
-6.271572512013126,0.015581140168054666,5.5761485773319592e-06
-6.2366232407664306,0.015350645338537227,5.1417721052285934e-06
-6.2016739695197387,0.015122247771578277,4.73975351484672e-06
-6.1667246982730433,0.014895958324012894,4.3678039577218844e-06
-6.1317754270263478,0.014671787091340937,4.0237868257420401e-06
-6.0968261557796524,0.014449743415840093,3.7057083662189123e-06
-6.0618768845329605,0.014229835894908241,3.4117088206952117e-06
-6.026927613286265,0.014012072389626335,3.1400540621700192e-06
-5.9919783420395696,0.013796460033534271,2.8891277063777876e-06
-5.9570290707928777,0.013583005241610468,2.6574236736906871e-06
-5.9220797995461822,0.013371713719447313,2.4435391791324242e-06
-5.8871305282994868,0.013162590472614311,2.2461681288896563e-06
-5.8521812570527914,0.012955639816199974,2.0640949025847748e-06
-5.8172319858060995,0.012750865384524752,1.8961885014321118e-06
-5.782282714559404,0.012548270141016204,1.7413970432350903e-06
-5.7473334433127086,0.012347856388238813,1.5987425859964839e-06
-5.7123841720660167,0.012149625778069413,1.4673162627050552e-06
-5.6774349008193212,0.011953579322010575,1.3462737106315267e-06
-5.6424856295726258,0.011759717401633923,1.2348307792129593e-06
-5.6075363583259339,0.011568039779144864,1.1322595013273328e-06
-5.5725870870792384,0.011378545608060812,1.0378843134607887e-06
-5.537637815832543,0.011191233443995663,9.5107851094677696e-07
-5.5026885445858476,0.011006101255541313,8.7126092511019078e-07
-5.4677392733391557,0.0108231464352398,7.9789280978114964e-07
-5.4327900020924602,0.010642365810637246,7.3047492525132963e-07
-5.3978407308457648,0.010463755655412769,6.685448083321618e-07
-5.3628914595990729,0.010287311700574288,6.1167421773808087e-07
-5.3279421883523774,0.010113029145713883,5.5946674456052497e-07
-5.292992917105682,0.0099409026703154765,5.1155557811938666e-07
-5.2580436458589865,0.0097709264451075785,4.676014179784547e-07
-5.2230943746122946,0.0096030941434535853,4.2729052339108332e-07
-5.1881451033655992,0.0094373989527730441,3.9033289190163648e-07
-5.1531958321189038,0.0092738335859866954,3.56460559268221e-07
-5.1182465608722119,0.0091123902929783913,3.2542601329283174e-07
-5.0832972896255164,0.0089530608720673685,2.9700071454738273e-07
-5.048348018378821,0.0087958366814842783,2.7097371736819123e-07
-5.0133987471321291,0.0086407086508442695,2.4715038485807275e-07
-4.9784494758854336,0.0084876672926110387,2.2535119198491879e-07
-4.9435002046387382,0.0083367027135455678,2.0541061119884395e-07
-4.9085509333920427,0.008187804626133369,1.8717607530726204e-07
-4.8736016621453508,0.0080409623599845478,1.7050701264929808e-07
-4.8386523908986554,0.0078961648732003478,1.5527394989805212e-07
-4.80370311965196,0.007753400763701318,1.413576780921893e-07
-4.7687538484052681,0.0076126582805106932,1.2864847775743058e-07
-4.7338045771585726,0.0074739253349882179,1.1704539922451605e-07
-4.6988553059118772,0.0073371895120089544,1.0645559448346689e-07
-4.6639060346651817,0.0072024380810818507,9.6793697135016548e-08
-4.6289567634184898,0.0070696580074032832,8.7981247209522912e-08
-4.5940074921717944,0.0069388359628406631,7.9946157821843928e-08
-4.5590582209250989,0.0068099583368416098,7.2622220818186424e-08
-4.524108949678407,0.0066830112472637208,6.5948648748152026e-08
-4.4891596784317116,0.0065579805511211424,5.9869650662707746e-08
-4.4542104071850162,0.0064348518552432921,5.4334039396916103e-08
-4.4192611359383243,0.0063136105268418868,4.9294868145465835e-08
-4.3843118646916288,0.0061942417039821014,4.470909427977447e-08
-4.3493625934449334,0.0060767303059544803,4.0537268488064686e-08
-4.3144133221982379,0.0059610610435433713,3.6743247444735532e-08
-4.279464050951546,0.0058472184291891846,3.3293928332980957e-08
-4.2445147797048506,0.00573518678704026,3.0159003655255758e-08
-4.2095655084581551,0.0056249502628919375,2.7310734870260014e-08
-4.1746162372114632,0.0055164928340092354,2.4723743492893592e-08
-4.1396669659647678,0.0054097983188306107,2.2374818385503311e-08
-4.1047176947180724,0.0053048503865497998,2.0242738054972545e-08
-4.0697684234713805,0.0052016325665732582,1.8308106851104759e-08
-4.034819152224685,0.0051001282578506842,1.6553204037628411e-08
-3.9998698809779896,0.0050003207380764948,1.4961844778252891e-08
-3.9649206097312941,0.0049021931727597336,1.3519252146807067e-08
-3.9299713384846022,0.0048057286241606229,1.2211939332854776e-08
-3.8950220672379068,0.0047109100600918842,1.1027601272523753e-08
-3.8600727959912113,0.0046177203625829564,9.9550149888587195e-09
-3.8251235247445194,0.0045261423364054316,8.9839479770098081e-09
-3.790174253497824,0.0044361587174584841,8.1050740172244986e-09
-3.7552249822511286,0.0043477521810125668,7.3098958431081864e-09
-3.7202757110044331,0.004260905349810544,6.5906741341409993e-09
-3.6853264397577412,0.0041756008020248292,5.9403623401823648e-09
-3.6503771685110458,0.0040918210790697003,5.3525468818048798e-09
-3.6154278972643503,0.0040095486932680566,4.8213923039588293e-09
-3.5804786260176584,0.0039287661353716698,4.3415909918109521e-09
-3.545529354770963,0.0038494558819344277,3.9083170867844186e-09
-3.5105800835242675,0.0037716004025382436,3.5171842679791633e-09
-3.4756308122775756,0.0036951821668709437,3.1642070894013841e-09
-3.4406815410308802,0.0036201836516561578,2.8457655869059005e-09
-3.4057322697841848,0.0035465873474349696,2.5585728905629523e-09
-3.3707829985374893,0.0034743757651992677,2.2996455984127941e-09
-3.3358337272907974,0.0034035314428769317,2.0662766863710887e-09
-3.300884456044102,0.0033340369516689614,1.8560107464873454e-09
-3.2659351847974065,0.0032658749022389361,1.6666213619323161e-09
-3.2309859135507146,0.0031990279507551293,1.4960904420789591e-09
-3.1960366423040192,0.0031334788047856586,1.3425893549297243e-09
-3.1610873710573237,0.0030692102290474981,1.2044617070020133e-09
-3.1261380998106283,0.0030062050510097343,1.0802076326854341e-09
-3.0911888285639364,0.0029444461663520344,9.6846946609610702e-10
-3.056239557317241,0.0028839165442790271,8.6801867863459796e-10
-3.0212902860705455,0.0028245992326916608,7.7774397486534789e-10
-2.9863410148238536,0.0027664773632164268,6.9664044802894433e-10
-2.9513917435771582,0.002709534156093543,6.2379970452740017e-10
-2.9164424723304627,0.0026537529249253933,5.5840087413242994e-10
-2.8814932010837708,0.0025991170812863238,4.9970242950295266e-10
-2.8465439298370754,0.0025456101391950967,4.4703474490247892e-10
-2.8115946585903799,0.0024932157194515543,3.9979332981773837e-10
-2.7766453873436845,0.0024419175538387011,3.5743267853347575e-10
-2.7416961160969926,0.0023916994891918951,3.1946068164873147e-10
-2.7067468448502972,0.0023425454913366126,2.8543355005809523e-10
-2.6717975736036017,0.0022944396488965052,2.5495120609713517e-10
-2.6368483023569098,0.0022473661769732752,2.2765310039132895e-10
-2.6018990311102144,0.0022013094207002887,2.0321441647816802e-10
-2.5669497598635189,0.0021562538586716255,1.8134262851590224e-10
-2.5320004886168235,0.0021121841062483231,1.6177438037166884e-10
-2.4970512173701316,0.0020690849187438411,1.4427265711705809e-10
-2.4621019461234361,0.0020269411944905695,1.2862422246910037e-10
-2.4271526748767407,0.0019857379777893699,1.1463729801705646e-10
-2.3922034036300488,0.001945460461744155,1.0213946218625544e-10
-2.3572541323833534,0.0019060939909834958,9.0975748824875409e-11
-2.3223048611366579,0.0018676240642714424,8.1006927071781522e-11
-2.287355589889966,0.0018300363370095101,7.2107945786316087e-11
-2.2524063186432706,0.0017933166236320218,6.4166527306266402e-11
-2.2174570473965751,0.0017574508998970486,5.7081896659184115e-11
-2.1825077761498797,0.0017224253050749459,5.0763633594903777e-11
-2.1475585049031878,0.0016882261440368709,4.5130635943173838e-11
-2.1126092336564923,0.001654839889245311,4.0110183838274365e-11
-2.0776599624097969,0.0016222531826490887,3.5637095300578548e-11
-2.042710691163105,0.0015904528374848705,3.1652964530515201e-11
-2.0077614199164096,0.0015594258399875638,2.810547506027772e-11
-1.9728121486697141,0.0015291593510119127,2.4947780629120251e-11
-1.9378628774230187,0.0014996407075674441,2.213794730504074e-11
-1.9029136061763268,0.001470857424269201,1.963845097443927e-11
-1.8679643349296313,0.0014427971947064504,1.7415724866844569e-11
-1.8330150636829359,0.0014154478927317457,1.543975227859791e-11
-1.798065792436244,0.0013887975736725973,1.36837001115962e-11
-1.7631165211895485,0.0013628344754680764,1.212358925468781e-11
-1.7281672499428531,0.0013375470197326382,1.0737998209579127e-11
-1.6932179786961612,0.0013129238127494874,9.5077967033741384e-12
-1.6582687074494658,0.0012889536463957269,8.4159063391106185e-12
-1.6233194362027703,0.0012656254990016465,7.4470856165734087e-12
-1.5883701649560749,0.0012429285361463447,6.5877369107514543e-12
-1.5534208937093794,0.0012208521113920223,5.8257332268472388e-12
-1.5184716224626911,0.0011993857669591493,5.1502627608265788e-12
-1.4835223512159956,0.001178519234344742,4.5516894850257296e-12
-1.4485730799693002,0.0011582424348860604,4.0214281510676736e-12
-1.4136238087226047,0.0011385454802717884,3.5518322588655884e-12
-1.3786745374759093,0.0011194186730030242,3.13609368229021e-12
-1.3437252662292138,0.0011008525068061641,2.7681527704662086e-12
-1.3087759949825184,0.0010828376669998769,2.4426178598735294e-12
-1.2738267237358301,0.0010653650308182843,2.1546932375710218e-12
-1.2388774524891346,0.0010484256676924284,1.9001146909487292e-12
-1.2039281812424392,0.0010320108394921814,1.6750918653801594e-12
-1.1689789099957437,0.0010161120007305523,1.4762567288275052e-12
-1.1340296387490483,0.0010007207987325205,1.3006175126267831e-12
-1.0990803675023528,0.00098582907377032353,1.1455175610414126e-12
-1.0641310962556574,0.00097142885916723647,1.0085985793638068e-12
-1.029181825008969,0.00095751238137173605,8.8776782194426508e-13
-0.9942325537622736,0.00094407206000399169,7.8116880806342124e-13
-0.95928328251557815,0.00093110050787659118,6.8715519551922667e-13
-0.9243340112688827,0.0009185905309912907,6.0426747960689787e-13
-0.88938474002218726,0.00090653512851366421,5.3121221922932702e-13
-0.85443546877549181,0.00089492749272741302,4.668435225433407e-13
-0.81948619752879637,0.00088376100897008709,4.1014655215228614e-13
-0.78453692628210803,0.0008730292555519354,3.6022283469330048e-13
-0.74958765503541258,0.00086272600365956177,3.1627718200697859e-13
-0.71463838378871714,0.00085284521724603363,2.7760605116182572e-13
-0.67968911254202169,0.00084338105290902724,2.4358718865566499e-13
-0.64473984129532624,0.00083432785975860117,2.1367042033199837e-13
-0.6097905700486308,0.00082568017927609437,1.8736946311085858e-13
-0.57484129880193535,0.00081743274516565985,1.6425464770527836e-13
-0.53989202755524701,0.00080958048319986517,1.4394645322382441e-13
-0.50494275630855157,0.00080211851106075209,1.2610976508046966e-13
-0.46999348506185612,0.00079504213817775432,1.104487770664224e-13
-0.43504421381516067,0.00078834686556375033,9.6702466893232799e-14
-0.40009494256846523,0.00078202838565054962,8.4640582091641456e-14
-0.36514567132176978,0.00077608258212505789,7.406007993463804e-14
-0.33019640007508144,0.00077050552976728245,6.4781971126686121e-14
-0.295247128828386,0.00076529349429134397,5.6648522436225255e-14
-0.26029785758169055,0.00076044293219059886,4.9520778310694463e-14
-0.2253485863349951,0.00075595049058791461,4.3276365861063177e-14
-0.19039931508829966,0.00075181300709211481,3.7807551489329029e-14
-0.15545004384160421,0.00074802750966156768,3.3019520905081913e-14
-0.12050077259490877,0.00074459121647582269,2.8828857379034992e-14
-0.085551501348220427,0.00074150153581619077,2.5162195850898883e-14
-0.050602230101524981,0.00073875606595604707,2.1955032980792572e-14
-0.015652958854829535,0.00073635259506171162,1.9150675438721087e-14
0.019296312391865911,0.00073428910110455361,1.66993106934382e-14
0.054245583638561357,0.0007325637517850681,1.4557186315473319e-14
0.089194854885256802,0.00073117490446952165,1.2685885371706189e-14
0.12414412613195225,0.00073012110613977852,1.1051686880915896e-14
0.15909339737864059,0.0007294010933568269,9.6250015393515987e-15
0.19404266862533603,0.00072901379223850736,8.379874028836664e-15
0.22899193987203148,0.00072895831845187721,7.2935442018313822e-15
0.26394121111872693,0.00072923397722060655,6.3460603112743018e-15
0.29889048236542237,0.00072984026334774481,5.5199382296367799e-15
0.33383975361211782,0.00073077686125414703,4.7998612918935261e-15
0.36878902485881326,0.00073204364503281301,4.1724160104226433e-15
0.4037382961055016,0.00073364067851931889,3.625859454574278e-15
0.43868756735219705,0.00073556821537848884,3.1499145712732676e-15
0.4736368385988925,0.00073782669920740716,2.7355901522488231e-15
0.50858610984558794,0.00074041676365478766,2.3750225342792269e-15
0.54353538109228339,0.00074333923255672115,2.0613364565550747e-15
0.57848465233897883,0.0007465951200887307,1.7885227986503872e-15
0.61343392358566717,0.00075018563093400459,1.551331187906806e-15
0.64838319483236262,0.00075411216046767748,1.3451757000689382e-15
0.68333246607905807,0.00075837629495693133,1.1660520851394662e-15
0.71828173732575351,0.00076297981177664124,1.0104651346597086e-15
0.75323100857244896,0.00076792467964029013,8.7536496965165547e-16
0.7881802798191444,0.00077321305884574297,7.5809117266463729e-16
0.82312955106583985,0.00077884730153548922,6.5632381488294743e-16
0.85807882231252819,0.00078482995197089232,5.6804054195963093e-16
0.89302809355922363,0.00079116374681991212,4.9147898182853169e-16
0.92797736480591908,0.00079785161545773927,4.2510382570783434e-16
0.96292663605261453,0.00080489668027971693,3.6757801117052099e-16
0.99787590729930997,0.00081230225702589947,3.1773750470348106e-16
1.0328251785460054,0.00082007185511649954,2.7456924165319843e-16
1.0677744497927009,0.00082820917799747093,2.3719183479394069e-16
1.1027237210393892,0.00083671812349539226,2.0483870977874609e-16
1.1376729922860847,0.00084560278418080524,1.768433671769062e-16
1.1726222635327801,0.00085486744773904326,1.5262650731299627e-16
1.2075715347794755,0.00086451659734761523,1.3168478627656687e-16
1.242520806026171,0.00087455491205911599,1.1358099977902587e-16
1.2774700772728664,0.00088498726718856354,9.793551644502705e-17
1.3124193485195619,0.00089581873470408473,8.4418804040263125e-17
1.3473686197662502,0.0009070545836197424,7.2744911408845713e-17
1.3823178910129457,0.00091870028038931978,6.2665785834263139e-17
1.4172671622596411,0.00093076148929974786,5.3966320424756751e-17
1.4522164335063366,0.00094324407286291208,4.6460039200834223e-17
1.487165704753032,0.00095615409220445389,3.9985339045863618e-17
1.5221149759997274,0.00096949780744812956,3.4402217760414747e-17
1.5570642472464229,0.00098328167809432106,2.9589426305878909e-17
1.5920135184931112,0.00099751236339114821,2.5441991081204313e-17
1.6269627897398067,0.0010121967226966739,2.1869058879438967e-17
1.6619120609865021,0.0010273418158305561,1.8792023133665916e-17
1.6968613322331976,0.0010429549034135521,1.6142895286646429e-17
1.731810603479893,0.0010590434471931926,1.386288969485311e-17
1.7667598747265885,0.001075615110353821,1.1901194484513251e-17
1.8017091459732768,0.0010926777578093413,1.0213904284447509e-17
1.8366584172199723,0.0011102394564767826,8.7630938290725286e-18
1.8716076884666677,0.0011283084755288094,7.5160141088458336e-18
1.9065569597133631,0.0011468932866233674,6.4443950920224591e-18
1.9415062309600586,0.0011660025641084294,5.5238410925504185e-18
1.976455502206754,0.0011856451851999365,4.7333066508404888e-18
2.0114047734534495,0.0012058302301308718,4.0546423591672411e-18
2.0463540447001378,0.0012265669822694358,3.47220142983955e-18
2.0813033159468333,0.00124786492820424,2.9724989967959369e-18
2.1162525871935287,0.0012697337577943645,2.5439171816930054e-18
2.1512018584402242,0.0012921833641821279,2.1764498629298696e-18
2.1861511296869196,0.0013152238437664273,1.8614818771313052e-18
2.221100400933615,0.0013388654961343071,1.5915980720428264e-18
2.2560496721803105,0.0013631188239486228,1.360418230428133e-18
2.2909989434269988,0.0013879945327894124,1.1624544076495692e-18
2.3259482146736943,0.0014135035309467353,9.9298768100536785e-19
2.3608974859203897,0.0014396569291625463,8.4796170521524593e-19
2.3958467571670852,0.0014664660403193113,7.2389081322633348e-19
2.4307960284137806,0.001493942379072935,6.1778070135376374e-19
2.4657452996604761,0.0015220976614275473,5.270599984359637e-19
2.5006945709071715,0.0015509438042497681,4.495212452133363e-19
2.5356438421538599,0.0015804929247199245,3.8327000693194603e-19
2.5705931134005553,0.0016107573397177789,3.2668101307270637e-19
2.6055423846472507,0.0016417495651402368,2.7836036646704613e-19
2.6404916558939462,0.0016734823151485186,2.3711299280792824e-19
2.6754409271406416,0.0017059685013422999,2.0191461325474702e-19
2.7103901983873371,0.0017392212318582403,1.7188761968684789e-19
2.7453394696340254,0.0017732538103903046,1.4628031612425125e-19
2.7802887408807209,0.0018080797351294618,1.2444906259570402e-19
2.8152380121274163,0.0018437126976199479,1.058429207660049e-19
2.8501872833741118,0.0018801665815297913,8.9990455218057058e-20
2.8851365546208072,0.0019174554613327903,7.6488391536647857e-20
2.9200858258675026,0.0019555936008995088,6.4991873230332907e-20
2.9550350971141981,0.0019945954519946249,5.5206094899644869e-20
2.9899843683608864,0.0020344756526781155,4.6879119647779325e-20
3.0249336396075819,0.0020752490256076808,3.9795715171552311e-20
3.0598829108542773,0.0021169305762398045,3.3772065820015006e-20
3.0948321821009728,0.0021595354909269898,2.8651237646412559e-20
3.1297814533476682,0.0022030791349085289,2.4299290524115602e-20
3.1647307245943637,0.0022475770501923752,2.0601946110913926e-20
3.1996799958410591,0.0022930449533255194,1.7461733143079055e-20
3.2346292670877475,0.0023394987330504252,1.4795542493494651e-20
3.2695785383344429,0.0023869544478451123,1.2532533873126489e-20
3.3045278095811383,0.0024354283233442623,1.0612344196984263e-20
3.3394770808278338,0.0024849367496391894,8.9835546517621556e-21
3.3744263520745292,0.0025354962784540362,7.6023795461928212e-21
3.4093756233212247,0.0025871236201960423,6.4315452296180198e-21
3.4443248945679201,0.0026398356408774372,5.4393318444399112e-21
3.4792741658146085,0.0026936493589067054,4.5987545333941658e-21
3.5142234370613039,0.0027485819417470683,3.8868640389921653e-21
3.5491727083079994,0.0028046507024398169,3.2841494843414282e-21
3.5841219795546948,0.0028618730959905185,2.7740285760767064e-21
3.6190712508013902,0.0029202667156158933,2.342412576801981e-21
3.6540205220480857,0.0029798492888493192,1.977335204118112e-21
3.6889697932947811,0.0030406386735030485,1.668636167333484e-21
3.7239190645414695,0.0031026528534850344,1.4076913869720145e-21
3.7588683357881649,0.0031659099344687365,1.1871830869534894e-21
3.7938176070348604,0.0032304281394137839,1.0009039313365377e-21
3.8287668782815558,0.0032962258039360695,8.4359021962361771e-22
3.8637161495282513,0.0033633213715253273,7.1077987651876745e-22
3.8986654207749467,0.0034317333886088137,5.9869159064378067e-22
3.9336146920216351,0.0035014804994593302,5.0412198665164786e-22
3.9685639632683305,0.0035725814409464525,4.2435816898239561e-22
4.0035132345150259,0.0036450550371291742,3.5710336398744838e-22
4.0384625057617214,0.0037189201936890996,3.0041371959145434e-22
4.0734117770084168,0.0037941958922027572,2.5264460605262182e-22
4.1083610482551123,0.003870901184251973,2.1240500458255217e-22
4.1433103195018077,0.0039490551853712799,1.7851877849044752e-22
4.1782595907484961,0.0040286770688315156,1.4999179918487859e-22
4.2132088619951915,0.0041097860592587739,1.2598405114391142e-22
4.248158133241887,0.0041924014260878301,1.0578596957963789e-22
4.2831074044885824,0.0042765424768497458,8.8798375173491949e-23
4.3180566757352778,0.0043622285502929207,7.4515464687139546e-23
4.3530059469819733,0.004449479009337236,6.251039680999024e-23
4.3879552182286687,0.0045383132338611167,5.2423081303138065e-23
4.4229044894753571,0.0046287506133212385,4.3949838065829035e-23
4.4578537607220525,0.0047208105392049973,3.6834642661621216e-23
4.492803031968748,0.0048145123973155918,3.0861717361813493e-23
4.5277523032154434,0.0049098755598901674,2.5849262975244375e-23
4.5627015744621389,0.0050069193775512718,2.1644157561847345e-23
4.5976508457088343,0.0051056631710920805,1.8117474363488742e-23
4.6326001169555298,0.0052061262230959837,1.5160693606069711e-23
4.6675493882022181,0.0053083277693913083,1.2682501809504008e-23
4.7024986594489135,0.0054122869903421161,1.0606088380576694e-23
4.737447930695609,0.0055180230019758999,8.8668629793269094e-24
4.7723972019423044,0.0056255548469495839,7.4105288021521382e-24
4.8073464731889999,0.0057349014853549591,6.1914568212852816e-24
4.8422957444356953,0.0058460817853651006,5.1713144223750979e-24
4.8772450156823837,0.0059591145137232755,4.3179090128399065e-24
4.9121942869290791,0.0060740183260763209,3.604213223691542e-24
4.9471435581757746,0.0061908117571539602,3.007543458732184e-24
4.98209282942247,0.0063095132107966849,2.5088678954551021e-24
5.0170421006691654,0.0064301409498339294,2.0922237291906487e-24
5.0519913719158609,0.0065527130858152255,1.7442265760514219e-24
5.0869406431625563,0.0066772475685967295,1.4536575961780084e-24
5.1218899144092447,0.0068037621757857884,1.2111161390559348e-24
5.1568391856559401,0.0069322745020467084,1.0087276088160013e-24
5.1917884569026356,0.007062801948270107,8.3989785176116671e-25
5.226737728149331,0.0071953617106097992,6.9910672532318491e-25
5.2616869993960265,0.0073299707693900568,5.8173465499819593e-25
5.2966362706427219,0.0074666458778868978,4.8391695558582584e-25
5.3315855418894174,0.0076054035509871328,4.024215124668565e-25
5.3665348131361057,0.0077462600537289731,3.3454611077695043e-25
5.4014840843828011,0.007889231389728326,2.7803228474270092e-25
5.4364333556294966,0.0080343332894946412,2.3099305273657593e-25
5.471382626876192,0.0081815811986411316,1.9185231984352863e-25
5.5063318981228875,0.0083309902659935344,1.5929408083208987e-25
5.5412811693695829,0.0084825753316022864,1.3221985247742777e-25
5.5762304406162784,0.0086363509146628221,1.097130137394144e-25
5.6111797118629667,0.0087923312013491167,9.1008942586319188e-26
5.6461289831096622,0.0089505300325658128,7.5470015393138658e-26
5.6810782543563576,0.0091109608916238073,6.2564684007792203e-26
5.716027525603053,0.0092736368918454118,5.1849971143195855e-26
5.7509767968497485,0.0094385707641044293,4.2956830416836937e-26
5.7859260680964439,0.0096057748443068702,3.5577906245479978e-26
5.8208753393431394,0.0097752610608188156,2.945730354999435e-26
5.8558246105898277,0.0099470409218469086,2.4382040061483014e-26
5.8907738818365232,0.010121125502778598,2.0174906825106075e-26
5.9257231530832186,0.010297525433487633,1.6688506858547996e-26
5.9606724243299141,0.010476250885612451,1.3800279175728432e-26
5.9956216955766095,0.010657311559813505,1.1408346661203906e-26
6.030570966823305,0.010840716673016774,9.4280525272808976e-27
6.0655202380699933,0.011026474945650473,7.7890721052119773e-27
6.1004695093166887,0.011214594588882319,6.4330051885041968e-27
6.1354187805633842,0.01140508329186418,5.3113696283351372e-27
6.1703680518100796,0.011597948208992423,4.3839298563195887e-27
6.2053173230567751,0.011793195947190777,3.6173048806356121e-27
6.2402665943034705,0.01199083255322423,2.9838094060141103e-27
6.275215865550166,0.012190863501050987,2.4604893507514141e-27
6.3101651367968543,0.012393293679221208,2.0283194137360611e-27
6.3451144080435498,0.012598127378330513,1.6715356823215753e-27
6.3800636792902452,0.012805368278535904,1.3770807364054246e-27
6.4150129505369407,0.013015019437143322,1.1341424369050029e-27
6.4499622217836361,0.013227083276274603,9.3377070682839626e-28
6.4849114930303315,0.013441561570622746,7.6855922004138235e-28
6.519860764277027,0.013658455435303911,6.3238109028594991e-28
6.5548100355237153,0.013877765313815028,5.2016947114004715e-28
6.5897593067704108,0.014099490966105879,4.2773549520625161e-28
6.6247085780171062,0.014323631456774132,3.5161724713090046e-28
6.6596578492638017,0.014550185143392803,2.8895452133486508e-28
6.6946071205104971,0.014779149664979042,2.3738499612552952e-28
6.7295563917571926,0.015010521930613138,1.9495819006296005e-28
6.764505663003888,0.015244298108216835,1.6006417826283714e-28
6.7994549342505763,0.015480473613500634,1.3137455596561012e-28
6.8344042054972718,0.015719043099088972,1.0779356110257813e-28
6.8693534767439672,0.015960000443832258,8.8417620884820322e-29
6.9043027479906627,0.016203338742315689,7.2501881444421937e-29
6.9392520192373581,0.016449050294573882,5.9432524138235413e-29
6.9742012904840536,0.016697126596020413,4.8703875521463089e-29
7.009150561730749,0.016947558327602266,3.9899487090158718e-29
7.0440998329774374,0.017200335346187486,3.2676501416759886e-29
7.0790491042241328,0.017455446675196887,2.6752738048017549e-29
7.1139983754708283,0.017712880495487179,2.1896029491706818e-29
7.1489476467175237,0.017972624136497108,1.791541811421658e-29
7.1838969179642191,0.018234664067663608,1.4653891578097075e-29
7.2188461892109146,0.018498985890119175,1.1982389875940224e-29
7.2537954604576029,0.018765574328678102,9.794862987691982e-30
7.2887447317042984,0.019034413224121933,8.0041963031787551e-30
7.3236940029509938,0.019305485525792261,6.5388525422816535e-30
7.3586432741976893,0.019578773284500476,5.3401050796924421e-30
7.3935925454443847,0.019854257645763512,4.3597592609177909e-30
7.4285418166910802,0.020131918843373592,3.5582762469513608e-30
7.4634910879377756,0.02041173619331195,2.903228783264038e-30
7.4984403591844639,0.020693688088013987,2.3680305831131643e-30
7.5333896304311594,0.020977751990995722,1.9308911846506071e-30
7.5683389016778548,0.021263904431848332,1.5739565503639902e-30
7.6032881729245503,0.02155212100161066,1.2826026284139523e-30
7.6382374441712457,0.021842376348527145,1.044854839338861e-30
7.6731867154179412,0.022134644174199115,8.5091119640960932e-31
7.7081359866646366,0.02242889723013752,6.9275068611761972e-31
7.743085257911325,0.022725107314724723,5.6381176978768659e-31
7.7780345291580204,0.023023245270593483,4.5872853653317227e-31
7.8129838004047159,0.023323280982429261,3.731142397712586e-31
7.8479330716514113,0.023625183375204209,3.0338376546481226e-31
7.8828823428981067,0.02392892041284967,2.4660807734165438e-31
7.9178316141448022,0.024234459097373352,2.0039491813546893e-31
7.9527808853914976,0.024541765468428265,1.6279106236279855e-31
7.987730156638186,0.024850804603340028,1.32202253297799e-31
8.0226794278848814,0.025161540617598337,1.0732764603583791e-31
8.0576286991315769,0.025473936665817959,8.7106145796192727e-32
8.0925779703782723,0.025787954943176705,7.0672497331068095e-32
8.1275272416249678,0.026103556687333752,5.7321365176423997e-32
8.1624765128716632,0.026420702180834831,4.6477960100155571e-32
8.1974257841183515,0.026739350754008937,3.7674026523162477e-32
8.232375055365047,0.027059460788361037,3.0528218844641863e-32
8.2673243266117424,0.027380989720464811,2.4730069686876545e-32
8.3022735978584379,0.027703894046360616,2.0026896838940666e-32
8.3372228691051333,0.028028129326461388,1.6213113686684472e-32
8.3721721403518288,0.028353650190970588,1.312150474991055e-32
8.4071214115985242,0.02868041034581495,1.0616107380034413e-32
8.4420706828452126,0.02900836257909567,8.586405807892034e-33
8.477019954091908,0.029337458768059949,6.9425971270095597e-33
8.5119692253386035,0.029667649886595076,5.6117325542381157e-33
8.5469184965852989,0.029998886013247742,4.5345731553229376e-33
8.5818677678319943,0.030331116339769541,3.6630285782262714e-33
8.6168170390786898,0.030664289180190235,2.9580713690377536e-33
8.6517663103253852,0.030998351980419322,2.3880391128734493e-33
8.6867155815720736,0.031333251328377006,1.9272527325593536e-33
8.721664852818769,0.031668932964654915,1.5548924373677045e-33
8.7566141240654645,0.032005341793705101,1.2540835729354473e-33
8.7915633953121599,0.032342421895558859,1.0111534167460017e-33
8.8265126665588554,0.032680116538072887,8.150271479342516e-34
8.8614619378055508,0.033018368189702801,6.5673708809455213e-34
8.8964112090522462,0.033357118532800684,5.2902410087377113e-34
8.9313604802989346,0.033696308477437209,4.2601394872446155e-34
8.96630975154563,0.034035878175743911,3.4295459603785164e-34
9.0012590227923255,0.034375767036773322,2.7600305058036644e-34
9.0362082940390209,0.034715913741875083,2.2205245742344309e-34
9.0711575652857164,0.035056256260582869,1.7859188949761927e-34
9.1061068365324118,0.035396731867009652,1.435926885742725e-34
9.1410561077791073,0.035737277156746447,1.1541635879605064e-34
9.1760053790257956,0.036077828064259479,9.2739949984046273e-35
9.2109546502724911,0.036418319880782341,7.4495629182169114e-35
9.2459039215191865,0.036758687272695628,5.9821758381795698e-35
9.2808531927658819,0.03709886430038991,4.802330033113773e-35
9.3158024640125774,0.037438784437605878,3.853978418093958e-35
9.3507517352592728,0.037778380591243554,3.0919395916095485e-35
9.3857010065059612,0.038117585121635621,2.4798029317152317e-35
9.4206502777526566,0.038456329863276628,1.988235320084339e-35
9.4555995489993521,0.038794546146000024,1.5936129371600392e-35
9.4905488202460475,0.039132164816595739,1.2769160789708338e-35
9.525498091492743,0.039469116260859978,1.0228367209225494e-35
9.5604473627394384,0.039805330426067653,8.1905810755161876e-36
9.5953966339861338,0.040140736843858819,6.5567339622895489e-36
9.6303459052328222,0.04047526465352963,5.2471666596113819e-36
9.6652951764795176,0.040808842625718669,4.197846953499926e-36
9.7002444477262131,0.041141399186475712,3.3573204055351684e-36
9.7351937189729085,0.041472862441706615,2.6842528691133724e-36
9.770142990219604,0.041803160201979626,2.1454505479323212e-36
9.8050922614662994,0.042132220007683976,1.7142653144995957e-36
9.8400415327129949,0.042459969154528453,1.369310738457434e-36
9.8749908039596832,0.042786334719368227,1.09342861903506e-36
9.9099400752063787,0.0431112435863482,8.7285741628133911e-37
9.9448893464530741,0.043434622473348714,6.9656335377987651e-37
9.9798386176997695,0.043756397958722937,5.5570254452763365e-37
10.014787888946465,0.044076496508311705,4.4318861468427516e-37
10.04973716019316,0.044394844502722089,3.5334524503104831e-37
10.084686431439856,0.044711368264856749,2.8162704249440908e-37
10.119635702686544,0.045025994087679273,2.2439537643715839e-37
10.15458497393324,0.045338648262203018,1.7873841430878607e-37
10.189534245179935,0.045649257105685834,1.4232668822694358e-37
10.224483516426631,0.045957746990019421,1.1329721485487938e-37
10.259432787673326,0.046264044370295909,9.0160553777086744e-38
10.294382058920021,0.04656807581353771,7.1726287705789149e-38
10.32933133016671,0.046869768027574386,5.7043292398885922e-38
10.364280601413405,0.047169047890051913,4.5351876441479337e-38
10.399229872660101,0.047465842477557474,3.6045444402368254e-38
10.434179143906796,0.047760079094844435,2.8639798263715851e-38
10.469128415153492,0.048051685304141299,2.2748563181725021e-38
10.504077686400187,0.048340588954527849,1.8063522114691023e-38
10.539026957646882,0.048626718211363017,1.4338883806003758e-38
10.573976228893571,0.048910001585746085,1.1378701446372859e-38
10.608925500140266,0.049190367963996791,9.0268142617744976e-39
10.643874771386962,0.049467746637135129,7.1588086949828013e-39
10.678824042633657,0.049742067330345363,5.6755957411473164e-39
10.713773313880353,0.050013260232407576,4.4982811710645934e-39
10.748722585127048,0.050281256025077214,3.5640697011090164e-39
10.783671856373743,0.050545985912399033,2.8229957619618677e-39
10.818621127620432,0.050807381649934209,2.2353148858298738e-39
10.853570398867127,0.05106537557388726,1.7694228895610521e-39
10.888519670113823,0.051319900630111957,1.4001965995619978e-39
10.923468941360518,0.05157089040298158,1.1076711461258053e-39
10.958418212607214,0.051818279144104494,8.7598589611556607e-40
10.993367483853909,0.052062001800868472,6.9254473431557832e-40
11.028316755100604,0.052301994044796615,5.473473199212749e-40
11.063266026347293,0.052538192299696584,4.3245667715034669e-40
11.098215297593988,0.05277053376958786,3.4157546234272731e-40
11.133164568840684,0.052998956466387526,2.6970883269470241e-40
11.168113840087379,0.053223399237339736,2.1289630338747635e-40
11.203063111334075,0.053443801792170148,1.6799854431322036e-40
11.23801238258077,0.053660104729949948,1.3252791434600076e-40
11.272961653827466,0.053872249565651342,1.0451380391476429e-40
11.307910925074154,0.054080178756379556,8.2395670626965092e-41
11.342860196320849,0.054283835727263155,6.4938100012959567e-41
11.377809467567545,0.054483164896987533,5.11633778511288e-41
11.41275873881424,0.054678111702955237,4.029798097796162e-41
11.447708010060936,0.054868622626057004,3.1730127156825971e-41
11.482657281307631,0.055054645215038521,2.4976109181878025e-41
11.517606552554319,0.055236128110445294,1.9653604064491587e-41
11.552555823801015,0.055413021068134415,1.5460518962738213e-41
11.58750509504771,0.05558527498233265,1.2158230695790531e-41
11.622454366294406,0.055752841908231217,9.5583105836910195e-42
11.657403637541101,0.055915675084100225,7.5120132187409999e-42
11.692352908787797,0.056073728952907485,5.9019563809789301e-42
11.727302180034492,0.056226959183431277,4.6355374515825767e-42
11.76225145128118,0.056375322690849168,3.6397255692510792e-42
11.797200722527876,0.056518777656793237,2.8569433689289012e-42
11.832149993774571,0.056657283548855568,2.2418113862492105e-42
11.867099265021267,0.056790801139533734,1.7585752482218096e-42
11.902048536267962,0.056919292524602837,1.3790731039344759e-42
11.936997807514658,0.057042721140901746,1.0811303706090299e-42
11.971947078761353,0.057161051783522362,8.4729236552889378e-43
12.006896350008041,0.057274250622391346,6.638240241141204e-43
12.041845621254737,0.05738228521823148,5.1992067146893648e-43
12.076794892501432,0.057485124537894249,4.0708551614187282e-43
12.111744163748128,0.057582738969052236,3.1863880400933194e-43
12.146693434994823,0.05767510033424196,2.4933091029053511e-43
12.181642706241519,0.057762181904248394,1.9503745829397184e-43
12.216591977488214,0.057843958410820961,1.52519151797298e-43
12.251541248734902,0.05792040605871461,1.1923264570919244e-43
12.286490519981598,0.057991502537045984,9.3181656567811736e-44
12.321439791228293,0.058057227029958164,7.27997888838611e-44
12.356389062474989,0.058117560226587199,5.6858350909375759e-44
12.391338333721684,0.058172484330322675,4.4393853629326747e-44
12.42628760496838,0.05822198306735743,3.4651008482375569e-44
12.461236876215068,0.058266041694519696,2.7037924972047368e-44
12.496186147461763,0.058304647006383083,2.1090908377600081e-44
12.531135418708459,0.058337787341649426,1.6446809352963582e-44
12.566084689955154,0.058365452588800014,1.2821312279718287e-44
12.60103396120185,0.058387634191012144,9.9918923112582834e-45
12.635983232448545,0.058404325150336604,7.7844414783164418e-45
12.670932503695241,0.05841552003113476,6.0627773311421032e-45
12.705881774941929,0.058421214962771154,4.7204154686800515e-45
12.740831046188624,0.05842140764156132,3.674119506779194e-45
12.77578031743532,0.058416097331973497,2.8588461123838883e-45
12.810729588682015,0.058405284867081297,2.2237846362643779e-45
12.845678859928711,0.058388972648270893,1.7292553144988471e-45
12.880628131175406,0.058367164644198041,1.3442806874476196e-45
12.915577402422102,0.058339866389000593,1.0446847293373837e-45
12.95052667366879,0.058307084979764119,8.116054977190739e-46
12.985475944915486,0.058268829073243725,6.3033171733945625e-46
13.020425216162181,0.05822510888184429,4.8939303917248082e-46
13.055374487408876,0.058175936168861297,3.7984889017382884e-46
13.090323758655572,0.058121324242986286,2.9473274061835234e-46
13.125273029902267,0.058061287952079474,2.2861796246446865e-46
13.160222301148963,0.057995843676214631,1.7727878390532368e-46
13.195171572395651,0.057925009320000054,1.3742559458969452e-46
13.230120843642347,0.057848804304182017,1.0649836298570909e-46
13.265070114889042,0.057767249556534589,8.250545931388936e-47
13.300019386135737,0.057680367502042855,6.3897944430509842e-47
13.334968657382433,0.057588182052386631,4.9471551987045013e-47
13.369917928629128,0.057490718594730185,3.8290287684546979e-47
13.404867199875824,0.057388003979826387,2.9626897188742197e-47
13.439816471122512,0.057280066509443457,2.2916493083746906e-47
13.474765742369208,0.057166935923121047,1.7720443731464461e-47
13.509715013615903,0.057048643384266781,1.3698262171481361e-47
13.544664284862598,0.05692522146559971,1.0585729736864285e-47
13.579613556109294,0.056796704133953567,8.1778770433210137e-48
13.614562827355989,0.056663126734445665,6.3157480680957637e-48
13.649512098602678,0.056524525974026234,4.87610968223965e-48
13.684461369849373,0.056380939904415332,3.7634537287010521e-48
13.719410641096069,0.056232407904440736,2.9037828926562215e-48
13.754359912342764,0.056078970661788248,2.2397840651537253e-48
13.789309183589459,0.055920670154174359,1.7270805986374806e-48
13.824258454836155,0.055757549629956181,1.3313232213557558e-48
13.85920772608285,0.055589653588189313,1.0259326599894253e-48
13.894156997329539,0.055417027758147698,7.9034853143552797e-49
13.929106268576234,0.05523971907831822,6.0867139536081429e-49
13.96405553982293,0.055057775674883076,4.6861003121366006e-49
13.999004811069625,0.054871246839705949,3.6066559553489201e-49
14.03395408231632,0.054680183007832873,2.7749955959680766e-49
14.068903353563016,0.054484635734525284,2.1344418468743775e-49
14.103852624809711,0.054284657671837905,1.6412351224118896e-49
14.1388018960564,0.05408030254475759,1.2616001280541405e-49
14.173751167303095,0.053871625126917552,9.6947606902295713e-50
14.208700438549791,0.053658681215903267,7.4476096978150567e-50
14.243649709796486,0.05344152760816441,5.7195409142817994e-50
14.278598981043181,0.053220222073550538,4.3910651424179267e-50
14.313548252289877,0.052994823329483867,3.3701019240036274e-50
14.348497523536572,0.052765391014788318,2.585714900440106e-50
14.383446794783261,0.052531985663189305,1.9832738572959695e-50
14.418396066029956,0.052294668676500629,1.5207197387414432e-50
14.453345337276652,0.052053502297516735,1.1656820947480184e-50
14.488294608523347,0.051808549582625915,8.932551214373302e-51
14.523243879770042,0.051559874374160632,6.8428236998795875e-51
14.558193151016738,0.051307541272504031,5.2403420282855741e-51
14.593142422263433,0.051051615607968177,4.0118839602546465e-51
14.628091693510122,0.050792163412461296,3.070446532295916e-51
14.663040964756817,0.050529251390961157,2.3491955092990946e-51
14.697990236003513,0.050262946892813021,1.7968061754313102e-51
14.732939507250208,0.049993317882867851,1.3738766669886644e-51
14.767888778496904,0.049720432912478865,1.0501678312014623e-51
14.802838049743599,0.049444361090373277,8.0247982100946797e-52
14.837787320990287,0.049165172053417583,6.1301905879200799e-52
14.872736592236983,0.048882935937291649,4.6814272643357144e-52
14.907685863483678,0.048597723347091545,3.5739381299724269e-52
14.942635134730374,0.048309605327875156,2.727597140943348e-52
14.977584405977069,0.048018653335170677,2.081027742227227e-52
15.012533677223765,0.047724939205462578,1.5872303524058294e-52
15.04748294847046,0.047428535126673735,1.2102260492427259e-52
15.082432219717148,0.047129513608659586,9.2248110640070773e-53
15.117381490963844,0.046827947453731165,7.0293134569867723e-53
15.152330762210539,0.046523909727224519,5.3546709363462183e-53
15.187280033457235,0.046217473728131134,4.0777172710101038e-53
15.22222930470393,0.045908712959807974,3.1043156971243033e-53
15.257178575950626,0.045597701100781041,2.3625396066868078e-53
15.292127847197321,0.045284511975660621,1.797449765393193e-53
15.327077118444009,0.044969219526182498,1.3670955578584061e-53
15.362026389690705,0.044651897782390898,1.0394543697444686e-53
15.3969756609374,0.044332620833979632,7.9008976009726227e-54
15.431924932184096,0.044011462801805644,6.0036018642489649e-54
15.466874203430791,0.043688497809589888,4.5604928702990731e-54
15.501823474677487,0.043363799955821472,3.4631884558436869e-54
15.536772745924182,0.043037443285878163,2.6290867466710634e-54
15.57172201717087,0.042709501764378606,1.995253830967979e-54
15.606671288417566,0.04238004924777896,1.5137558604965801e-54
15.641620559664261,0.042049159457230069,1.148095377607113e-54
15.676569830910957,0.041716905951705546,8.7049152257881964e-55
15.711519102157652,0.041383362101416174,6.5980495145955297e-55
15.746468373404348,0.041048601061523166,4.9995514426953348e-55
15.781417644651036,0.04071269574616182,3.7871365039020389e-55
15.816366915897731,0.040375718802789007,2.8678426792223367e-55
15.851316187144427,0.040037742586866036,2.1710215522323376e-55
15.886265458391122,0.039698839136888299,1.6429993541715437e-55
15.921214729637818,0.039359080149773504,1.2430113589293137e-55
15.956164000884513,0.039018536956618596,9.4010691827752815e-56
15.991113272131209,0.038677280498837438,7.1079415316074764e-56
16.026062543377897,0.038335381304688207,5.3724810400635247e-56
16.061011814624592,0.037992909466200757,4.059479784064375e-56
16.095961085871288,0.037649934616514592,3.0664106965050555e-56
16.130910357117983,0.037306525907634974,2.3155528945762696e-56
16.165859628364679,0.036962751988617572,1.7480084903521547e-56
16.200808899611374,0.036618680984188849,1.3191580015584068e-56
16.23575817085807,0.036274380473811804,9.9520956445992819e-57
16.270707442104758,0.035929917471203603,7.5057952461995548e-57
16.305656713351453,0.035585358404312754,5.6590473979497901e-57
16.340605984598149,0.035240769095763728,4.2653472790978634e-57
16.375555255844844,0.034896214743774516,3.2138818615105233e-57
16.41050452709154,0.034551759903553886,2.4208610735699044e-57
16.445453798338235,0.034207468469184446,1.8229479667961323e-57
16.480403069584931,0.033863403655996847,1.3722812348304657e-57
16.515352340831619,0.03351962798344018,1.0327053417308696e-57
16.550301612078314,0.033176203258453024,7.7691618504657366e-58
16.58525088332501,0.032833190559340829,5.8430063887963504e-58
16.620200154571705,0.032490650220161808,4.3930181755954988e-58
16.655149425818401,0.032148641815626142,3.3018252605307367e-58
16.690098697065096,0.031807224146511548,2.4809020509762109e-58
16.725047968311792,0.031466455225597885,1.8635008587510426e-58
16.75999723955848,0.031126392264123434,1.3993102746803428e-58
16.794946510805175,0.03078709165876457,1.050419790584577e-58
16.829895782051871,0.030448608979141544,7.8827220764765319e-59
16.864845053298566,0.030110998955850576,5.9136277169545565e-59
16.899794324545262,0.029774315469024148,4.43502623695992e-59
16.934743595791957,0.029438611537419581,3.325085773418458e-59
16.969692867038646,0.029103939308036814,2.4921487395987346e-59
17.004642138285341,0.028770350046264308,1.8672802841360975e-59
17.039591409532036,0.028437894126554362,1.3986514864327606e-59
17.074540680778732,0.028106621023624996,1.0473068822758499e-59
17.109489952025427,0.027776579304189076,7.8397614924642305e-60
17.144439223272123,0.027447816619208198,5.866731197286213e-60
17.179388494518818,0.027120379696670107,4.3888827275233297e-60
17.214337765765507,0.026794314334887499,3.2822844072609741e-60
17.249287037012202,0.026469665396315168,2.4539340649366661e-60
17.284236308258897,0.02614647680188404,1.8340620134248445e-60
17.319185579505593,0.025824791525847941,1.3703439578431203e-60
17.354134850752288,0.02550465159114013,1.0235512881878652e-60
17.389084121998984,0.025186098065235987,7.6428278221157597e-61
17.424033393245679,0.024869171056518393,5.7050964280309898e-61
17.458982664492368,0.024553909711140701,4.2573205334658578e-61
17.493931935739063,0.024240352210383176,3.1759536541425841e-61
17.528881206985758,0.02392853576849913,2.3685164742083467e-61
17.563830478232454,0.023618496631043848,1.7658064956739699e-61
17.598779749479149,0.023310270073682769,1.3160556592683222e-61
17.633729020725845,0.023003890401472576,9.8055024099523178e-62
17.66867829197254,0.022699390948609264,7.3034807879406643e-62
17.703627563219229,0.02239680407863812,5.4381900171505917e-62
17.738576834465924,0.02209616118511808,4.0480261760927565e-62
17.773526105712619,0.021797492692735572,3.0122893942171964e-62
17.808475376959315,0.021500828058859733,2.2408589453642937e-62
17.84342464820601,0.02120619577553301,1.6664672915234734e-62
17.878373919452706,0.020913623371890063,1.2389207155976113e-62
17.913323190699394,0.020623137416997398,9.2077746553611001e-63
17.94827246194609,0.020334763523106446,6.8411686404735982e-63
17.983221733192785,0.020048526349312878,5.0812475920908284e-63
18.01817100443948,0.019764449605613868,3.7728962665663384e-63
18.053120275686176,0.01948255605735575,2.8005531480964343e-63
18.088069546932871,0.019202867530063769,2.0781515717146211e-63
18.123018818179567,0.018925404914646182,1.5416119485064645e-63
18.157968089426255,0.018650188172964044,1.1432398707523775e-63
18.192917360672951,0.018377236343758069,8.4754760955813892e-64
18.227866631919646,0.018106567548924837,6.2813832369110882e-64
18.262815903166342,0.017838199000132639,4.6538344031633597e-64
18.297765174413037,0.017572147005768986,3.4469184376272954e-64
18.332714445659732,0.017308426978210615,2.5522048821143678e-64
18.367663716906428,0.017047053441407188,1.8891415925397857e-64
18.402612988153116,0.016788040038769658,1.3979058787807545e-64
18.437562259399812,0.016531399541354023,1.0340839546246304e-64
18.472511530646507,0.016277143856332086,7.6471236810788488e-65
18.507460801893203,0.016025284035738902,5.6533370136065522e-65
18.542410073139898,0.01577583028548879,4.178073581634796e-65
18.577359344386593,0.015528791974650071,3.0868230834107848e-65
18.612308615633289,0.015284177644969367,2.2798792241864441e-65
18.647257886879977,0.015041995020636297,1.6833576209160465e-65
18.682207158126673,0.014802251018279033,1.2425257124227822e-65
18.717156429373368,0.014564951757181904,9.168511341336387e-66
18.752105700620064,0.014330102569714984,6.7632698393143354e-66
18.787054971866759,0.014097708011967063,4.9874556918150847e-66
18.822004243113454,0.013867771874572317,3.6767646582821148e-66
18.85695351436015,0.01364029719372154,2.7096741065618277e-66
18.891902785606838,0.013415286262348884,1.9963318549142711e-66
18.926852056853534,0.013192740641484325,1.4703233658130932e-66
18.961801328100229,0.012972661171763739,1.0825735895234844e-66
18.996750599346925,0.012755047985086225,7.968314070752445e-67
19.03169987059362,0.012539900516410686,5.8632701639770604e-67
19.066649141840315,0.012327217515682103,4.3129836802570423e-67
19.101598413087004,0.012116997059878697,3.1716128635052618e-67
19.136547684333699,0.011909236565171146,2.3315620244397876e-67
19.171496955580395,0.011703932799185236,1.7134767751760921e-67
19.20644622682709,0.011501081893358989,1.2588498085949953e-67
19.241395498073786,0.011300679355385736,9.2455778716978096e-68
19.276344769320481,0.011102720081734747,6.788262846632273e-68
19.311294040567176,0.010907198370240886,4.9825043466313146e-68
19.346243311813865,0.01071410793275508,3.6559577571119322e-68
19.38119258306056,0.010523441907847013,2.6817549969059009e-68
19.416141854307256,0.0103351928735528,1.9665340691255358e-68
19.451091125553951,0.010149352860158523,1.4416116976898548e-68
19.486040396800647,0.0099659133630127829,1.0564758337898958e-68
19.520989668047342,0.0097848653553598078,7.739898824547368e-69
19.555938939294037,0.0096061993011858898,5.6685952264387468e-69
19.590888210540726,0.0094299051680716752,4.1503054104178894e-69
19.625837481787421,0.0092559724400424551,3.0377295999678792e-69
19.660786753034117,0.0090843901304101318,2.222709042110951e-69
19.695736024280812,0.0089151467945988126,1.6258503400554745e-69
19.730685295527508,0.0087482305429477745,1.1888935278564993e-69
19.765634566774203,0.0085836290534847415,8.6910011262069568e-70
19.800583838020898,0.0084213295846627245,6.3512776160968027e-70
19.835533109267587,0.0082613189880542913,4.6399877404693483e-70
19.870482380514282,0.0081035837209963556,3.3887303837175956e-70
19.905431651760978,0.0079481098591800258,2.4741250522200073e-70
19.940380923007673,0.0077948831091787093,1.8058044702678639e-70
19.975330194254369,0.0076438888209090835,1.317602006270768e-70
20.010279465501064,0.0074951120000190715,9.6108592660954837e-71
20.04522873674776,0.0073485373201972294,7.0081701094280853e-71
20.080178007994448,0.0072041491353981475,5.1087129223187555e-71
20.115127279241143,0.0070619314919785391,3.7229123302263284e-71
20.150076550487839,0.0069218681407392461,2.7121803585603998e-71
20.185025821734534,0.0067839425488677631,1.975234991059622e-71
20.21997509298123,0.0066481379117768512,1.4380812408813881e-71
20.254924364227925,0.0065144371648345797,1.0466766085638396e-71
20.289873635474613,0.0063828229949813584,7.6156339743555998e-72
20.324822906721309,0.006253277852229463,5.5394169231332596e-72
20.359772177968004,0.0061257839610415173,4.027972445773819e-72
20.3947214492147,0.0060003233315832766,2.92801552594677e-72
20.429670720461395,0.005876877770847444,2.1277701218390789e-72
20.464619991708091,0.0057554288936447033,1.5457543733888047e-72
20.499569262954786,0.0056359581334584812,1.1225888086465606e-72
20.534518534201474,0.0055184467531603394,8.1501458267817826e-73
20.56946780544817,0.0054028758555824596,5.9152689739646597e-73
20.604417076694865,0.0052892263939448474,4.2918848536201918e-73
20.639366347941561,0.0051774791821337807,3.1130498348925872e-73
20.674315619188256,0.0050676149048293198,2.2572960991492253e-73
20.709264890434952,0.0049596141274791412,1.6362717626278039e-73
20.744214161681647,0.0048534573061164051,1.1857326733235938e-73
20.779163432928335,0.0047491247970194682,8.5897907678806777e-74
20.814112704175031,0.004646596866211326,6.220751173519838e-74
20.849061975421726,0.0045458536987970375,4.5036799658834959e-74
20.884011246668422,0.0044468754081371277,3.2595425898875598e-74
20.918960517915117,0.0043496420448556382,2.3583607862726067e-74
20.953909789161813,0.0042541336056811365,1.705800654470157e-74
20.988859060408508,0.0041603300421195182,1.2334193435518998e-74
21.023808331655196,0.0040682112689573108,8.9157458535233013e-75
21.058757602901892,0.003977757172594445,6.4427169553545375e-75
21.093706874148587,0.0038889476192057815,4.6541981660445282e-75
21.128656145395283,0.0038017624627302402,3.3611286516627344e-75
21.163605416641978,0.0037161815526872205,2.4265533716320279e-75
21.198554687888674,0.0036321847418196098,1.7512937860504085e-75
21.233503959135362,0.0035497518935631079,1.2635505238792579e-75
21.268453230382057,0.0034688628893414053,9.1136147106868328e-76
21.303402501628753,0.0033894976356873691,6.5713282745457693e-76
21.338351772875448,0.0033116360711898745,4.7367461276806068e-76
21.373301044122144,0.0032352581732665569,3.4132767386401422e-76
21.408250315368839,0.0031603439647626729,2.45882341431031e-76
21.443199586615535,0.0030868735203762741,1.7707107577347185e-76
21.478148857862223,0.0030148269729102345,1.2747715376734449e-76
21.513098129108918,0.0029441845193514749,9.1744816720006859e-77
21.548047400355614,0.0028749264267782558,6.6007785571393941e-77
21.582996671602309,0.0028070330380959557,4.7475903222888653e-77
21.617945942849005,0.0027404847776023723,3.4136245656148922e-77
21.6528952140957,0.0026752621563833133,2.4537071092836778e-77
21.687844485342396,0.0026113457775395863,1.7631697814479229e-77
21.722793756589084,0.0025487163412463523,1.2665723223695577e-77
21.75774302783578,0.0024873546496460451,9.0955779382635553e-78
21.792692299082475,0.0024272416115761891,6.5297274234154475e-78
21.82764157032917,0.0023683582471332944,4.6862370370267281e-78
21.862590841575866,0.0023106856920743,3.362156294985562e-78
21.897540112822561,0.0022542052020570655,2.4114373953963655e-78
21.932489384069257,0.0021988981567213992,1.7290140851776721e-78
21.967438655315945,0.0021447460636122577,1.2393258766089012e-78
22.002387926562641,0.002091730561946727,8.8804904355387128e-79
22.037337197809336,0.002039833426226692,6.361401848892029e-79
22.072286469056031,0.0019890365696987344,4.5554696480045685e-79
22.107235740302727,0.0019393220476633128,3.261203732562704e-79
22.142185011549422,0.0018906720606350212,2.3339263690967368e-79
22.177134282796118,0.0018430689573558884,1.6697860079124805e-79
22.212083554042806,0.0017964952376637799,1.1942601224453191e-79
22.247032825289502,0.0017509335552177948,8.5388914215678239e-80
22.281982096536197,0.0017063667200829706,6.1033531282217052e-80
22.316931367782892,0.0016627777011761547,4.3611392294304882e-80
22.351880639029588,0.0016201496285754269,3.1152711421879971e-80
22.386829910276283,0.0015784657956951188,2.2246218533624248e-80
22.421779181522972,0.0015377096613287415,1.5881115084636772e-80
22.456728452769667,0.0014978648515620091,1.1333661393151389e-80
22.491677724016363,0.0014589151615583356,8.0858172341123772e-81
22.526626995263058,0.0014208445572189939,5.766895138584735e-81
22.561576266509753,0.0013836371767203394,4.111730440862249e-81
22.596525537756449,0.0013472773319304471,2.9307020125222164e-81
22.631474809003144,0.0013117495097074816,2.088253108847491e-81
22.666424080249833,0.0012770383730822293,1.4875071345359059e-81
22.701373351496528,0.0012431287623271387,1.0592523225389588e-81
22.736322622743224,0.0012100056959143527,7.5405710978055419e-82
22.771271893989919,0.0011776543713650275,5.3662821088491727e-82
22.806221165236614,0.0011460601659924613,3.8177475553004569e-82
22.84117043648331,0.0011152086375414158,2.7152221140696973e-82
22.876119707730005,0.0010850855247260605,1.9304918085713998e-82
22.911068978976694,0.0010556767476689656,1.3721292139272614e-82
22.946018250223389,0.0010269684082435601,9.7495934305202802e-83
22.980967521470085,0.00099894679032255362,6.9253614754455101e-83
23.01591679271678,0.00097159835993461667,4.9177090950884122e-83
23.050866063963475,0.00094490976533183357,3.4909824806148396e-83
23.085815335210171,0.00091886783697031334,2.4774046630657372e-83
23.120764606456866,0.00089345958740632181,1.7575620995738319e-83
23.155713877703555,0.00086867221111036597,1.2464901575558112e-83
23.19066314895025,0.00084449308420155998,8.8375416817625429e-84
23.225612420196946,0.0008209097641047005,6.2638095322838565e-84
23.260561691443641,0.00079790998913231302,4.4382325921179775e-84
23.295510962690336,0.0007754816779940582,3.1437356499905081e-84
23.330460233937032,0.00075361292923578681,2.2261090150057823e-84
23.36540950518372,0.00073229202061054588,1.5758369643884595e-84
23.400358776430416,0.00071150740838377927,1.1151687358480091e-84
23.435308047677111,0.00069124772657503557,7.8892248471234763e-85
23.470257318923807,0.00067150178613833609,5.5794646340966442e-85
23.505206590170502,0.0006522585740834512,3.9447108177879517e-85
23.540155861417198,0.00063350725254027337,2.7880609249363741e-85
23.575105132663893,0.00061523715776840341,1.9699436126733156e-85
23.610054403910581,0.0005974377991141295,1.3914569594685779e-85
23.645003675157277,0.00058009885791683374,9.8253992360014609e-86
23.679952946403972,0.00056321018636699299,6.9357763686381391e-86
23.714902217650668,0.00054676180631772569,4.8944557213427241e-86
23.749851488897363,0.00053074390805195424,3.452853664655491e-86
23.784800760144059,0.00051514684900716564,2.4350976894593013e-86
23.819750031390754,0.00049996115245970994,1.7167974162581231e-86
23.854699302637442,0.00048517750617057761,1.210002200570058e-86
23.889648573884138,0.00047078676099452418,8.5254579365559478e-87
23.924597845130833,0.00045677992945445452,6.005009773100392e-87
23.959547116377529,0.00044314818428282986,4.2283815369024601e-87
23.994496387624224,0.00042988285693193972,2.9764532374639079e-87
24.02944565887092,0.0004169754360547865,2.094538784195552e-87
24.064394930117615,0.00040441756595831457,1.4734730465631687e-87
24.099344201364303,0.0003922010450306738,1.0362401898525516e-87
24.134293472610999,0.00038031782414417746,7.2852274439565292e-88
24.169242743857694,0.00036876000503560424,5.1202391329701534e-88
24.20419201510439,0.00035751983866539862,3.5975084342363718e-88
24.239141286351085,0.00034658972355735499,2.5268405854426221e-88
24.274090557597781,0.00033596220412030202,1.7742642972649072e-88
24.309039828844476,0.00032562996895327121,1.2454412045555721e-88
24.343989100091164,0.00031558584913561063,8.7396208703287913e-89
24.37893837133786,0.00030582281650344231,6.1309306406209873e-89
24.413887642584555,0.00029633398191388649,4.2995663923198755e-89
24.448836913831251,0.000287112593498356,3.0143061723813405e-89
24.483786185077946,0.00027815203490626255,2.1125865615855983e-89
24.518735456324642,0.00026944582354040877,1.4801512954337129e-89
24.55368472757133,0.00026098760878530885,1.0367216141398369e-89
24.588633998818025,0.00025277117022964131,7.259097726744258e-90
24.623583270064721,0.00024479041588403581,5.0812151006216325e-90
24.658532541311416,0.00023703938039529993,3.5556332899612786e-90
24.693481812558112,0.00022951222325822123,2.4873150289310788e-90
24.728431083804807,0.00022220322702601276,1.73943847063603e-90
24.763380355051503,0.00021510679552043895,1.2160510155056992e-90
24.798329626298191,0.00020821745204263983,8.4988265354747648e-91
24.833278897544886,0.00020152983758561332,5.9378685942254735e-91
24.868228168791582,0.00019503870904932937,4.1473114073153016e-91
24.903177440038277,0.00018873893745935147,2.8957906189944719e-91
24.938126711284973,0.00018262550618987266,2.0213062282406522e-91
24.973075982531668,0.00017669350919200351,1.4104624161356598e-91
25.008025253778364,0.00017093814922813303,9.8390998735433589e-92
25.042974525025052,0.00016535473611314929,6.8614146654573844e-92
25.077923796271747,0.00015993868496327513,4.7833968216981303e-92
25.112873067518443,0.00015468551445325387,3.3336776355390849e-92
25.147822338765138,0.00014959084508257465,2.3226043716664937e-92
25.182771610011834,0.00014465039745140983,1.6176751848930894e-92
25.217720881258529,0.00013985999054690987,1.1263460867507359e-92
25.252670152505225,0.00013521554004046384,7.8400138930638255e-93
25.287619423751913,0.00013071305659651496,5.4553956964248722e-93
25.322568694998608,0.00012634864419348377,3.7948981802014798e-93
25.357517966245304,0.00012211849845734528,2.6389942616488968e-93
25.392467237491999,0.00011801890500834955,1.8345992452247281e-93
25.427416508738695,0.0001140462378213764,1.2749948244094716e-93
25.46236577998539,0.00011019695760038076,8.8580898247436645e-94
25.497315051232079,0.00010646761016735547,6.1522813033036728e-94
25.532264322478774,0.00010285482486621903,4.2716605720026523e-94
25.567213593725469,9.9355312982021973e-05,2.9649797689265982e-94
25.602162864972165,9.5965866175816205e-05,2.0573642040045588e-94
25.63711213621886,9.2683354935539828e-05,1.4271350451376398e-94
25.672061407465556,8.9504727043227897e-05,9.8965405684333002e-95
25.707010678712251,8.6427006058844769e-05,6.8606646953104387e-95
25.74195994995894,8.3447289821013464e-05,4.7545938704385702e-95
25.776909221205635,8.05627489648922e-05,3.2940114514814415e-95
25.81185849245233,7.7770625457440582e-05,2.2813989107537191e-95
25.846807763699026,7.5068231150277867e-05,1.579580638507476e-95
25.881757034945721,7.2452946350338686e-05,1.093318811143806e-95
25.916706306192417,6.9922218408498615e-05,7.5651280911975033e-96
25.951655577439112,6.7473560326331079e-05,5.2329935312430574e-96
25.986604848685801,6.5104549381137051e-05,3.6186664729613816e-96
26.021554119932496,6.2812825769369937e-05,2.5015625245485513e-96
26.056503391179191,6.0596091268572737e-05,1.7287755608110309e-96
26.091452662425887,5.8452107917909467e-05,1.1943464234537722e-96
26.126401933672582,5.6378696717376671e-05,8.2487180466364943e-97
26.161351204919278,5.4373736345754739e-05,5.695174710034472e-97
26.196300476165973,5.2435161897347757e-05,3.9309008576843374e-97
26.231249747412662,5.0560963637546668e-05,2.7123240591596023e-97
26.266199018659357,4.8749185777234698e-05,1.8709212546544953e-97
26.301148289906052,4.6997925266048564e-05,1.2901312294470519e-97
26.336097561152748,4.5305330604483745e-05,8.8935820072820413e-98
26.371046832399443,4.3669600674832131e-05,6.1289204812225083e-98
26.405996103646139,4.2088983590922598e-05,4.2223643500253952e-98
26.440945374892834,4.0561775566624886e-05,2.9079830593962907e-98
26.475894646139523,3.9086319803066622e-05,2.0021309766028108e-98
26.510843917386218,3.7661005394502334e-05,1.3780264214232889e-98
26.545793188632913,3.6284266252767325e-05,9.4817183529435316e-99
26.580742459879609,3.4954580050231593e-05,6.5220031430403927e-99
26.615691731126304,3.3670467181168278e-05,4.4847620294273698e-99
26.650641002373,3.2430489741438388e-05,3.082919962114757e-99
26.685590273619688,3.1233250526385441e-05,2.1186028050570512e-99
26.720539544866384,3.0077392046825234e-05,1.455463379622744e-99
26.755488816113079,2.8961595563012765e-05,9.9957979592324387e-100
26.790438087359774,2.7884580136453104e-05,6.8627488011783193e-100
26.82538735860647,2.6845101699424233e-05,4.7102415873339412e-100
26.860336629853165,2.5841952142068855e-05,3.2318612638558187e-100
26.895285901099861,2.4873958416907348e-05,2.2168008672618774e-100
26.930235172346549,2.3939981660618247e-05,1.5200753023584401e-100
26.965184443593245,2.3038916332926467e-05,1.0420006014645393e-100
27.00013371483994,2.216968937243717e-05,7.1406094972665114e-101
27.035082986086636,2.1331259369242917e-05,4.8917814234713776e-101
27.070032257333331,2.0522615754133409e-05,3.3501422693786416e-101
27.104981528580026,1.9742778004228629e-05,2.2936328717210497e-101
27.139930799826722,1.8990794864854065e-05,1.5698169158573053e-101
27.17488007107341,1.8265743587473119e-05,1.0740847531545441e-101
27.209829342320106,1.7566729183486705e-05,7.3467040539415321e-102
27.244778613566801,1.6892883693710977e-05,5.0235529721877118e-102
27.279727884813497,1.624336547333544e-05,3.4339492575996891e-102
27.314677156060192,1.5617358492166636e-05,2.3466115689331851e-102
27.349626427306887,1.5014071649957139e-05,1.6030718507352487e-102
27.384575698553583,1.4432738106618408e-05,1.0947859509004826e-102
27.419524969800271,1.3872614627114126e-05,7.4742890605226765e-103
27.454474241046967,1.3332980940828684e-05,5.1012312394385191e-103
27.489423512293662,1.2813139115205721e-05,3.4805235623371218e-103
27.524372783540358,1.2312412943446849e-05,2.373988399679276e-103
27.559322054787053,1.1830147346063897e-05,1.6187398321624598e-103
27.594271326033748,1.1365707786074105e-05,1.1034177380838425e-103
27.629220597280444,1.0918479697628597e-05,7.5191251894461694e-104
27.664169868527132,1.0487867927863478e-05,5.1222304885099919e-104
27.699119139773828,1.007329619176225e-05,3.4883123431969834e-104
27.734068411020523,9.6742065398199683e-06,2.3748493181865482e-104
27.769017682267219,9.2900588382963406e-06,1.6162971256102391e-104
27.803966953513914,8.9203302618486181e-06,1.0996912984444116e-104
27.838916224760609,8.5645147983331427e-06,7.4797110925339677e-105
27.873865496007298,8.2221227655661288e-06,5.085847162350224e-105
27.908814767253993,7.8926803398338182e-06,3.4570545540375865e-105
27.943764038500689,7.5757290959447665e-06,2.3491654660592744e-105
27.978713309747384,7.2708255586152132e-06,1.5958256065655165e-105
28.01366258099408,6.9775407649819752e-06,1.0837315023142557e-105
28.048611852240775,6.6954598380370576e-06,7.3573668775345806e-106
28.08356112348747,6.4241815707798481e-06,4.9932990238462912e-106
28.118510394734159,6.1633180208838379e-06,3.3877954705529001e-106
28.153459665980854,5.9124941156762699e-06,2.2977947785221047e-106
28.18840893722755,5.6713472672314338e-06,1.5580082036780783e-106
28.223358208474245,5.4395269973780932e-06,1.0560699587250686e-106
28.258307479720941,5.2166945724252628e-06,7.1561606911262939e-107
28.293256750967636,5.0025226474109182e-06,4.847657476919787e-107
28.328206022214331,4.7966949196806588e-06,3.282828649324214e-107
28.36315529346102,4.5989057916051039e-06,2.2224343982652203e-107
28.398104564707715,4.4088600422464662e-06,1.5040910690909738e-107
28.433053835954411,4.2262725077876652e-06,1.0176156125959838e-107
28.468003107201106,4.0508677705380313e-06,6.8826841034331854e-108
28.502952378447802,3.8823798563330814e-06,4.653678314794173e-108
28.537901649694497,3.7205519401472522e-06,3.145569813557414e-108
28.572850920941192,3.565136059740948e-06,2.1255275783748745e-108
28.607800192187881,3.4158928371655301e-06,1.4358153987831595e-108
28.642749463434576,3.2725912079519238e-06,9.6960515530272905e-109
28.677698734681272,3.1350081578114325e-06,6.5456935920101858e-109
28.712648005927967,3.0029284666788006e-06,4.4175439042991784e-109
28.747597277174663,2.8761444599307947e-06,2.9803723376798657e-109
28.782546548421358,2.7544557666155057e-06,2.0101321971419373e-109
28.817495819668046,2.6376690845301501e-06,1.3553241055904962e-109
28.852445090914742,2.5255979519874213e-06,9.1353702185127788e-110
28.887394362161437,2.4180625261133682e-06,6.1556453198703889e-110
28.922343633408133,2.3148893675214561e-06,4.1465362967737212e-110
28.957292904654828,2.2159112312107266e-06,2.7922982297129771e-110
28.992242175901524,2.120966863537995e-06,1.8797607508467381e-110
29.027191447148219,2.0299008051166416e-06,1.2650503188617675e-110
29.062140718394907,1.9425631994970765e-06,8.5109388509114902e-111
29.097089989641603,1.8588096074862824e-06,5.72415765663454e-111
29.132039260888298,1.7785008269667249e-06,3.8486653508354128e-111
29.166988532134994,1.7015027180768029e-06,2.586861396334211e-111
29.201937803381689,1.627686033618049e-06,1.7382034859509298e-111
29.236887074628385,1.5569262545564401e-06,1.1675957887979477e-111
29.27183634587508,1.4891034304877544e-06,7.8405922692711701e-112
29.306785617121768,1.4241020249393614e-06,5.2634398815316535e-112
29.341734888368464,1.3618107653831219e-06,3.5322782759890487e-112
29.376684159615159,1.3021224978368802e-06,2.3697612877373567e-112
29.411633430861855,1.244934045933874e-06,1.5893470404548489e-112
29.44658270210855,1.1901460743423043e-06,1.0656076293336921e-112
29.481531973355246,1.1376629564193783e-06,7.142337226218779e-113
29.516481244601941,1.087392645986601e-06,4.7857259849301434e-113
29.551430515848629,1.0392465531153946e-06,3.2056769355303286e-113
29.586379787095325,9.9313942381441734e-07,2.1466247040459251e-113
29.62132905834202,9.4898922351238094e-07,1.4370005696734233e-113
29.656278329588716,9.0671702423217561e-07,9.6166144419866733e-114
29.691227600835411,8.6624689535460953e-07,6.4335682863030952e-114
29.726176872082107,8.2750579787215402e-07,4.3027495944985598e-114
29.761126143328802,7.9042348203531041e-07,2.8767669222317427e-114
29.79607541457549,7.5493238829638279e-07,1.9227717260102716e-114
29.831024685822186,7.2096755145754442e-07,1.2847399374869266e-114
29.865973957068881,6.8846650793232981e-07,8.5815782933587609e-115
29.900923228315577,6.5736920603153635e-07,5.7303818165878424e-115
29.935872499562272,6.276179191868141e-07,3.825290287284258e-115
29.970821770808968,5.9915716202710733e-07,2.5527582132550226e-115
30.005771042055656,5.7193360922515282e-07,1.7030186863974102e-115
30.040720313302351,5.4589601703318219e-07,1.1357783634606362e-115
30.075669584549047,5.2099514742901376e-07,7.5723767903766862e-116
30.110618855795742,4.9718369479544167e-07,5.0470230357753159e-116
30.145568127042438,4.7441621505789467e-07,3.3628136759529845e-116
30.180517398289133,4.526490572070898e-07,2.239931667097919e-116
30.215466669535829,4.318402971352313e-07,1.4915272115225664e-116
30.250415940782517,4.1194967371611136e-07,9.9286920145656675e-117
30.285365212029213,3.9293852706120144e-07,6.6071983409404504e-117
30.320314483275908,3.7476973888560245e-07,4.3954879684651926e-117
30.355263754522603,3.5740767491931805e-07,2.9232186036079949e-117
30.390213025769299,3.4081812930107865e-07,1.943479387626909e-117
30.425162297015987,3.2496827089352341e-07,1.2917040778186913e-117
30.46011156826269,3.0982659146014126e-07,8.5824359112780383e-118
30.495060839509378,2.9536285564602774e-07,5.700626064828888e-118
30.530010110756081,2.8154805270586083e-07,3.78528850625782e-118
30.564959382002769,2.6835434992431479e-07,2.5126955153645087e-118
30.599908653249457,2.5575504767525084e-07,1.6674207047412303e-118
30.63485792449616,2.4372453606780605e-07,1.1061523897658767e-118
30.669807195742848,2.322382531287077e-07,7.3358286857472279e-119
30.704756466989551,2.2127264447156347e-07,4.8634879714980506e-119
30.739705738236239,2.1080512440538329e-07,3.2233759277181564e-119
30.774655009482942,2.0081403843567539e-07,2.1356914899526736e-119
30.80960428072963,1.9127862711303898e-07,1.4145898015577405e-119
30.844553551976318,1.8217899118518144e-07,9.3667078574198485e-120
30.879502823223021,1.7349605800976947e-07,6.2002310554260796e-120
30.914452094469709,1.6521154918659788e-07,4.102921613095245e-120
30.949401365716412,1.5730794936875828e-07,2.7142072876402419e-120
30.9843506369631,1.4976847621377793e-07,1.7949702354169354e-120
31.019299908209803,1.4257705143664193e-07,1.186686323833406e-120
31.054249179456491,1.3571827292793611e-07,7.8429432020122571e-121
31.089198450703179,1.2917738790122407e-07,5.1818716200074623e-121
31.124147721949882,1.2294026703501415e-07,3.4226199324772621e-121
31.15909699319657,1.1699337957558927e-07,2.2599308359770719e-121
31.194046264443273,1.1132376936799302e-07,1.4917500719229892e-121
31.228995535689961,1.0591903178353523e-07,9.8437694512567793e-122
31.263944806936664,1.007672915130002e-07,6.4936854302668051e-122
31.298894078183352,9.5857181195827801e-08,4.2823829980796723e-122
31.33384334943004,9.117782085630414e-08,2.8232166880070864e-122
31.368792620676743,8.6718798118811927e-08,1.8606614743948464e-122
31.403741891923431,8.2470149174979571e-08,1.2258997748263934e-122
31.438691163170134,7.8422340476416555e-08,8.0743396041888902e-123
31.473640434416822,7.4566251127605743e-08,5.3164716816846967e-123
31.508589705663525,7.0893155954226718e-08,3.4994874860821814e-123
31.543538976910213,6.7394709223066251e-08,2.3027661215951505e-123
31.578488248156901,6.4062928990332419e-08,1.5148152367201333e-123
31.613437519403604,6.0890182056010447e-08,9.9617111522021331e-124
31.648386790650292,5.7869169502562129e-08,6.54896503351074e-124
31.683336061896995,5.4992912796974882e-08,4.3040355035037371e-124
31.718285333143683,5.2254740435886844e-08,2.8277659800843847e-124
31.753234604390386,4.9648275114104735e-08,1.8572720890677732e-124
31.788183875637074,4.7167421397550639e-08,1.2194725976407999e-124
31.823133146883762,4.48063538822219e-08,8.0044778324063446e-125
31.858082418130465,4.2559505821419944e-08,5.2524075059535381e-125
31.893031689377153,4.0421558204049821e-08,3.4454683676322267e-125
31.927980960623856,3.8387429267371078e-08,2.2594491281495443e-125
31.962930231870544,3.6452264428163964e-08,1.4812259596028496e-125
31.997879503117247,3.4611426616765401e-08,9.7074353906269368e-126
32.032828774363935,3.2860486999007023e-08,6.359927271858652e-126
32.067778045610623,3.1195216071543128e-08,4.1654721649593636e-126
32.102727316857326,2.9611575116593921e-08,2.7273493493851748e-126
32.137676588104014,2.8105708002580287e-08,1.785178926933522e-126
32.172625859350717,2.6673933317591916e-08,1.1681192450479188e-126
32.207575130597405,2.5312736823103107e-08,7.6411205842346118e-127
32.242524401844108,2.4018764215750967e-08,4.9967931815417911e-127
32.277473673090796,2.2788814185451954e-08,3.2665562559505469e-127
32.312422944337484,2.1619831758506854e-08,2.1347811349560819e-127
32.347372215584187,2.0508901914771913e-08,1.3947006951981017e-127
32.382321486830875,1.9453243468339571e-08,9.1090508230282922e-128
32.417270758077578,1.8450203201547266e-08,5.9474346632319478e-128
32.452220029324266,1.749725024250839e-08,3.8819566468565232e-128
32.487169300570969,1.6591970676685418e-08,2.533005477265188e-128
32.522118571817657,1.5732062383390096e-08,1.6522890455577529e-128
32.557067843064345,1.4915330088398315e-08,1.0774580368575733e-128
32.592017114311048,1.4139680624206165e-08,7.0239134754070586e-129
32.626966385557736,1.3403118389747056e-08,4.5774371276151032e-129
32.661915656804439,1.2703741001688631e-08,2.9821540171513969e-129
32.696864928051127,1.2039735129725492e-08,1.9422368854022081e-129
32.731814199297816,1.1409372508545359e-08,1.2645580558650308e-129
32.766763470544518,1.081100611943181e-08,8.2307572701391772e-130
32.801712741791206,1.0243066534715443e-08,5.3555646054147285e-130
32.836662013037909,9.7040584185384203e-09,3.4836553144569093e-130
32.871611284284597,9.1925571776476652e-09,2.265319897334558e-130
32.9065605555313,8.7072057561540402e-09,1.4726120441649025e-130
32.941509826777988,8.2467115684356002e-09,9.5699926320071748e-131
32.976459098024677,7.8098435645687093e-09,6.2172639489820304e-131
33.011408369271379,7.3954294228940554e-09,4.0378618315342874e-131
33.046357640518067,7.0023528645214464e-09,2.6216097857621841e-131
33.08130691176477,6.6295510847759961e-09,1.7015671460849699e-131
33.116256183011458,6.2760122967832584e-09,1.104064842195974e-131
33.151205454258161,5.9407733825671866e-09,7.1615085704185643e-132
33.186154725504849,5.6229176472207827e-09,4.643857645656627e-132
33.221103996751538,5.3215726718721963e-09,3.0103550963385515e-132
33.25605326799824,5.0359082613417704e-09,1.9508370854804341e-132
33.291002539244928,4.765134482540003e-09,1.2638301897641466e-132
33.325951810491631,4.5084997898108978e-09,8.1850416654223272e-133
33.360901081738319,4.2652892335769336e-09,5.2992878490077385e-133
33.395850352985022,4.0348227487787985e-09,3.4298772130543413e-133
33.43079962423171,3.8164535197476152e-09,2.2192390321207555e-133
33.465748895478399,3.6095664182738397e-09,1.4354697277092328e-133
33.500698166725101,3.4135765117703345e-09,9.282146976697627e-134
33.535647437971789,3.2279276385472536e-09,6.0002216041908176e-134
33.570596709218492,3.0520910473355126e-09,3.8774891074523833e-134
33.60554598046518,2.8855640983126357e-09,2.5049457766255549e-134
33.640495251711883,2.727869022990852e-09,1.6177466863113305e-134
33.675444522958571,2.5785517404382033e-09,1.0444487998777693e-134
33.71039379420526,2.4371807274010661e-09,6.7410607069123557e-135
33.745343065451962,2.3033459399988726e-09,4.3494442439082128e-135
33.780292336698651,2.1766577847541112e-09,2.8054578257967329e-135
33.815241607945353,2.0567461368120667e-09,1.8089983366537594e-135
33.850190879192041,1.9432594032943473e-09,1.1661033349733326e-135
33.885140150438744,1.8358636298117444e-09,7.5145045887844245e-136
33.920089421685432,1.7342416482462717e-09,4.8409223592014089e-136
33.955038692932121,1.6380922639873824e-09,3.1175995300151323e-136
33.989987964178823,1.5471294808850228e-09,2.0071368482262872e-136
34.024937235425512,1.4610817622527675e-09,1.2918083502606225e-136
34.059886506672214,1.3796913263239067e-09,8.3115809242126325e-137
34.094835777918902,1.3027134746312545e-09,5.3460576109119238e-137
34.129785049165605,1.2299159518436966e-09,3.4375425149056771e-137
34.164734320412293,1.1610783356561745e-09,2.2096677054416734e-137
34.199683591658982,1.0959914553870906e-09,1.4199410199891161e-137
34.234632862905684,1.0344568379956814e-09,9.1217484013824401e-138
34.269582134152373,9.7628618028547377e-10,5.8580128458909637e-138
34.304531405399075,9.2130084611259572e-10,3.7608585278193104e-138
34.339480676645763,8.693313874688289e-10,2.4137268459602806e-138
34.374429947892466,8.2021708835644098e-10,1.5486514781220764e-138
34.409379219139154,7.7380553041969136e-10,9.933074864342254e-139
34.444328490385843,7.2995217934110457e-10,6.3691015404000559e-139
34.479277761632545,6.8851999105461348e-10,4.0826023715049887e-139
34.514227032879234,6.4937903686796266e-10,2.6161367464388896e-139
34.549176304125936,6.1240614662623248e-10,1.675900556476263e-139
34.584125575372624,5.7748456908672916e-10,1.073249008836622e-139
34.619074846619327,5.4450364871077704e-10,6.870956415538982e-140
34.654024117866015,5.1335851811373755e-10,4.3974239562706803e-140
34.688973389112704,4.8394980544696004e-10,2.8134806272492511e-140
34.723922660359406,4.5618335601812169e-10,1.7995087671055891e-140
34.758871931606095,4.299699674865633e-10,1.1506108137813116e-140
34.793821202852797,4.0522513799963679e-10,7.354740983904357e-141
34.828770474099485,3.8186882666459467e-10,4.6997067561318433e-141
34.863719745346174,3.5982522577691602e-10,3.0021928415454786e-141
34.898669016592876,3.3902254425239571e-10,1.9172151688396691e-141
34.933618287839565,3.1939280173468815e-10,1.2239609851271304e-141
34.968567559086267,3.0087163287374026e-10,7.8113975159568892e-142
35.003516830332956,2.8339810129353154e-10,4.9837282207075192e-142
35.038466101579658,2.6691452278883146e-10,3.1786624311343688e-142
35.073415372826346,2.5136629731197097e-10,2.0267440835898042e-142
35.108364644073035,2.3670174933009838e-10,1.2918671813998458e-142
35.143313915319737,2.2287197615285238e-10,8.231922326298033e-143
35.178263186566426,2.0983070384837995e-10,5.2438360994750278e-143
35.213212457813128,1.9753415038312787e-10,3.3393458523370323e-143
35.248161729059817,1.8594089563772382e-10,2.1258770293175326e-143
35.283111000306519,1.7501175796694531e-10,1.3529424533257461e-143
35.318060271553207,1.6470967698739675e-10,8.6076570724060915e-144
35.353009542799896,1.5499960229082142e-10,5.4746333047914216e-144
35.387958814046598,1.4584838779522484e-10,3.4808840781821416e-144
35.422908085293287,1.3722469145918589e-10,2.2125267623784441e-144
35.457857356539989,1.2909888009753915e-10,1.405891973152004e-144
35.492806627786678,1.2144293904893835e-10,8.9305831184682027e-145
35.52775589903338,1.1423038645729658e-10,5.6711629895545031e-145
35.562705170280069,1.0743619194047111e-10,3.6002187390306523e-145
35.597654441526757,1.0103669943001284e-10,2.2848100149365005e-145
35.632603712773459,9.5009553976164511e-11,1.4495584973097161e-145
35.667552984020148,8.933363232190697e-11,9.193605099560809e-146
35.70250225526685,8.3988977059160794e-11,5.8290850369555079e-146
35.737451526513539,7.8956734189201338e-11,3.6947017267211858e-146
35.772400797760241,7.421909391768962e-11,2.341115405423007e-146
35.80735006900693,6.9759234522950909e-11,1.4829643428551679e-146
35.842299340253618,6.5561269143722547e-11,9.3908097336465625e-147
35.87724861150032,6.1610195340075816e-11,5.9448352139439643e-147
35.912197882747009,5.7891847288180846e-11,3.7621927912380961e-147
35.947147153993711,5.4392850476300933e-11,2.3801631097476082e-147
35.9820964252404,5.1100578775862044e-11,1.5053477552821199e-147
36.017045696487102,4.800311376746467e-11,9.5176867179439785e-148
36.051994967733791,4.5089206207626848e-11,6.0157588484948242e-148
36.086944238980479,4.2348239527515778e-11,3.8011401119965724e-148
36.121893510227181,3.9770195260301232e-11,2.4010532100628088e-148
36.15684278147387,3.7345620298768671e-11,1.5161917798252033e-148
36.191792052720572,3.5065595889654971e-11,9.5713001925487831e-149
36.226741323967261,3.2921708275794131e-11,6.04021203236634e-149
36.261690595213963,3.0906020901482107e-11,3.8106396094903039e-149
